-- MySQL dump 10.13  Distrib 5.1.62, for debian-linux-gnu (i686)
--
-- Host: localhost    Database: aurora
-- ------------------------------------------------------
-- Server version	5.1.62-0ubuntu0.11.04.1

/*!40101 SET @OLD_CHARACTER_SET_CLIENT=@@CHARACTER_SET_CLIENT */;
/*!40101 SET @OLD_CHARACTER_SET_RESULTS=@@CHARACTER_SET_RESULTS */;
/*!40101 SET @OLD_COLLATION_CONNECTION=@@COLLATION_CONNECTION */;
/*!40101 SET NAMES utf8 */;
/*!40103 SET @OLD_TIME_ZONE=@@TIME_ZONE */;
/*!40103 SET TIME_ZONE='+00:00' */;
/*!40014 SET @OLD_UNIQUE_CHECKS=@@UNIQUE_CHECKS, UNIQUE_CHECKS=0 */;
/*!40014 SET @OLD_FOREIGN_KEY_CHECKS=@@FOREIGN_KEY_CHECKS, FOREIGN_KEY_CHECKS=0 */;
/*!40101 SET @OLD_SQL_MODE=@@SQL_MODE, SQL_MODE='NO_AUTO_VALUE_ON_ZERO' */;
/*!40111 SET @OLD_SQL_NOTES=@@SQL_NOTES, SQL_NOTES=0 */;

--
-- Table structure for table `admin_tools_dashboard_preferences`
--

DROP TABLE IF EXISTS `admin_tools_dashboard_preferences`;
/*!40101 SET @saved_cs_client     = @@character_set_client */;
/*!40101 SET character_set_client = utf8 */;
CREATE TABLE `admin_tools_dashboard_preferences` (
  `id` int(11) NOT NULL AUTO_INCREMENT,
  `user_id` int(11) NOT NULL,
  `data` longtext NOT NULL,
  `dashboard_id` varchar(100) NOT NULL,
  PRIMARY KEY (`id`),
  UNIQUE KEY `admin_tools_dashboard_preferences_dashboard_id_575b1104_uniq` (`dashboard_id`,`user_id`),
  KEY `admin_tools_dashboard_preferences_403f60f` (`user_id`)
) ENGINE=MyISAM AUTO_INCREMENT=12 DEFAULT CHARSET=utf8;
/*!40101 SET character_set_client = @saved_cs_client */;

--
-- Dumping data for table `admin_tools_dashboard_preferences`
--

LOCK TABLES `admin_tools_dashboard_preferences` WRITE;
/*!40000 ALTER TABLE `admin_tools_dashboard_preferences` DISABLE KEYS */;
INSERT INTO `admin_tools_dashboard_preferences` VALUES (1,1,'{}','dashboard'),(2,1,'{\"positions\":{},\"columns\":{},\"disabled\":{},\"collapsed\":{\"module_1\":false}}','rooms-dashboard'),(3,1,'{}','newsboard-dashboard'),(4,1,'{}','press-dashboard'),(5,1,'{}','siteblocks-dashboard'),(6,1,'{}','pages-dashboard'),(7,2,'{\"positions\":{},\"columns\":{},\"disabled\":{},\"collapsed\":{\"module_5\":false}}','dashboard'),(8,2,'{}','rooms-dashboard'),(9,2,'{}','press-dashboard'),(10,1,'{}','services-dashboard'),(11,2,'{}','siteblocks-dashboard');
/*!40000 ALTER TABLE `admin_tools_dashboard_preferences` ENABLE KEYS */;
UNLOCK TABLES;

--
-- Table structure for table `admin_tools_menu_bookmark`
--

DROP TABLE IF EXISTS `admin_tools_menu_bookmark`;
/*!40101 SET @saved_cs_client     = @@character_set_client */;
/*!40101 SET character_set_client = utf8 */;
CREATE TABLE `admin_tools_menu_bookmark` (
  `id` int(11) NOT NULL AUTO_INCREMENT,
  `user_id` int(11) NOT NULL,
  `url` varchar(255) NOT NULL,
  `title` varchar(255) NOT NULL,
  PRIMARY KEY (`id`),
  KEY `admin_tools_menu_bookmark_403f60f` (`user_id`)
) ENGINE=MyISAM DEFAULT CHARSET=utf8;
/*!40101 SET character_set_client = @saved_cs_client */;

--
-- Dumping data for table `admin_tools_menu_bookmark`
--

LOCK TABLES `admin_tools_menu_bookmark` WRITE;
/*!40000 ALTER TABLE `admin_tools_menu_bookmark` DISABLE KEYS */;
/*!40000 ALTER TABLE `admin_tools_menu_bookmark` ENABLE KEYS */;
UNLOCK TABLES;

--
-- Table structure for table `auth_group`
--

DROP TABLE IF EXISTS `auth_group`;
/*!40101 SET @saved_cs_client     = @@character_set_client */;
/*!40101 SET character_set_client = utf8 */;
CREATE TABLE `auth_group` (
  `id` int(11) NOT NULL AUTO_INCREMENT,
  `name` varchar(80) NOT NULL,
  PRIMARY KEY (`id`),
  UNIQUE KEY `name` (`name`)
) ENGINE=MyISAM DEFAULT CHARSET=utf8;
/*!40101 SET character_set_client = @saved_cs_client */;

--
-- Dumping data for table `auth_group`
--

LOCK TABLES `auth_group` WRITE;
/*!40000 ALTER TABLE `auth_group` DISABLE KEYS */;
/*!40000 ALTER TABLE `auth_group` ENABLE KEYS */;
UNLOCK TABLES;

--
-- Table structure for table `auth_group_permissions`
--

DROP TABLE IF EXISTS `auth_group_permissions`;
/*!40101 SET @saved_cs_client     = @@character_set_client */;
/*!40101 SET character_set_client = utf8 */;
CREATE TABLE `auth_group_permissions` (
  `id` int(11) NOT NULL AUTO_INCREMENT,
  `group_id` int(11) NOT NULL,
  `permission_id` int(11) NOT NULL,
  PRIMARY KEY (`id`),
  UNIQUE KEY `group_id` (`group_id`,`permission_id`),
  KEY `auth_group_permissions_425ae3c4` (`group_id`),
  KEY `auth_group_permissions_1e014c8f` (`permission_id`)
) ENGINE=MyISAM DEFAULT CHARSET=utf8;
/*!40101 SET character_set_client = @saved_cs_client */;

--
-- Dumping data for table `auth_group_permissions`
--

LOCK TABLES `auth_group_permissions` WRITE;
/*!40000 ALTER TABLE `auth_group_permissions` DISABLE KEYS */;
/*!40000 ALTER TABLE `auth_group_permissions` ENABLE KEYS */;
UNLOCK TABLES;

--
-- Table structure for table `auth_permission`
--

DROP TABLE IF EXISTS `auth_permission`;
/*!40101 SET @saved_cs_client     = @@character_set_client */;
/*!40101 SET character_set_client = utf8 */;
CREATE TABLE `auth_permission` (
  `id` int(11) NOT NULL AUTO_INCREMENT,
  `name` varchar(50) NOT NULL,
  `content_type_id` int(11) NOT NULL,
  `codename` varchar(100) NOT NULL,
  PRIMARY KEY (`id`),
  UNIQUE KEY `content_type_id` (`content_type_id`,`codename`),
  KEY `auth_permission_1bb8f392` (`content_type_id`)
) ENGINE=MyISAM AUTO_INCREMENT=133 DEFAULT CHARSET=utf8;
/*!40101 SET character_set_client = @saved_cs_client */;

--
-- Dumping data for table `auth_permission`
--

LOCK TABLES `auth_permission` WRITE;
/*!40000 ALTER TABLE `auth_permission` DISABLE KEYS */;
INSERT INTO `auth_permission` VALUES (1,'Can add permission',1,'add_permission'),(2,'Can change permission',1,'change_permission'),(3,'Can delete permission',1,'delete_permission'),(4,'Can add group',2,'add_group'),(5,'Can change group',2,'change_group'),(6,'Can delete group',2,'delete_group'),(7,'Can add user',3,'add_user'),(8,'Can change user',3,'change_user'),(9,'Can delete user',3,'delete_user'),(10,'Can add content type',4,'add_contenttype'),(11,'Can change content type',4,'change_contenttype'),(12,'Can delete content type',4,'delete_contenttype'),(13,'Can add session',5,'add_session'),(14,'Can change session',5,'change_session'),(15,'Can delete session',5,'delete_session'),(16,'Can add log entry',6,'add_logentry'),(17,'Can change log entry',6,'change_logentry'),(18,'Can delete log entry',6,'delete_logentry'),(19,'Can add kv store',7,'add_kvstore'),(20,'Can change kv store',7,'change_kvstore'),(21,'Can delete kv store',7,'delete_kvstore'),(22,'Can add migration history',8,'add_migrationhistory'),(23,'Can change migration history',8,'change_migrationhistory'),(24,'Can delete migration history',8,'delete_migrationhistory'),(25,'Can add bookmark',9,'add_bookmark'),(26,'Can change bookmark',9,'change_bookmark'),(27,'Can delete bookmark',9,'delete_bookmark'),(28,'Can add dashboard preferences',10,'add_dashboardpreferences'),(29,'Can change dashboard preferences',10,'change_dashboardpreferences'),(30,'Can delete dashboard preferences',10,'delete_dashboardpreferences'),(31,'Can add menu_item',11,'add_sitemenu'),(32,'Can change menu_item',11,'change_sitemenu'),(33,'Can delete menu_item',11,'delete_sitemenu'),(34,'Can add site_setting',12,'add_settings'),(35,'Can change site_setting',12,'change_settings'),(36,'Can delete site_setting',12,'delete_settings'),(37,'Can add Текстовый блок',13,'add_textblock'),(38,'Can change Текстовый блок',13,'change_textblock'),(39,'Can delete Текстовый блок',13,'delete_textblock'),(40,'Can add page_item',14,'add_page'),(41,'Can change page_item',14,'change_page'),(42,'Can delete page_item',14,'delete_page'),(43,'Can add файл',15,'add_pagedoc'),(44,'Can change файл',15,'change_pagedoc'),(45,'Can delete файл',15,'delete_pagedoc'),(46,'Can add картинка',16,'add_pagepic'),(47,'Can change картинка',16,'change_pagepic'),(48,'Can delete картинка',16,'delete_pagepic'),(49,'Can add meta',17,'add_metadata'),(50,'Can change meta',17,'change_metadata'),(51,'Can delete meta',17,'delete_metadata'),(52,'Can add news_category',18,'add_newscategory'),(53,'Can change news_category',18,'change_newscategory'),(54,'Can delete news_category',18,'delete_newscategory'),(55,'Can add news_item',19,'add_news'),(56,'Can change news_item',19,'change_news'),(57,'Can delete news_item',19,'delete_news'),(64,'Can add конфигурация комнат',22,'add_roomconfig'),(65,'Can change конфигурация комнат',22,'change_roomconfig'),(66,'Can delete конфигурация комнат',22,'delete_roomconfig'),(67,'Can add отель',23,'add_hotel'),(68,'Can change отель',23,'change_hotel'),(69,'Can delete отель',23,'delete_hotel'),(70,'Can add тип комнаты',24,'add_roomtype'),(71,'Can change тип комнаты',24,'change_roomtype'),(72,'Can delete тип комнаты',24,'delete_roomtype'),(73,'Can add комната',25,'add_room'),(74,'Can change комната',25,'change_room'),(75,'Can delete комната',25,'delete_room'),(76,'Can add тип цены',26,'add_pricetype'),(77,'Can change тип цены',26,'change_pricetype'),(78,'Can delete тип цены',26,'delete_pricetype'),(79,'Can add сезон',27,'add_season'),(80,'Can change сезон',27,'change_season'),(81,'Can delete сезон',27,'delete_season'),(82,'Can add цена',28,'add_price'),(83,'Can change цена',28,'change_price'),(84,'Can delete цена',28,'delete_price'),(85,'Can add тип отеля',29,'add_hoteltype'),(86,'Can change тип отеля',29,'change_hoteltype'),(87,'Can delete тип отеля',29,'delete_hoteltype'),(88,'Can add фотография',30,'add_roomphoto'),(89,'Can change фотография',30,'change_roomphoto'),(90,'Can delete фотография',30,'delete_roomphoto'),(91,'Can add панорама',31,'add_roompanorama'),(92,'Can change панорама',31,'change_roompanorama'),(93,'Can delete панорама',31,'delete_roompanorama'),(94,'Can add услуга',32,'add_service'),(95,'Can change услуга',32,'change_service'),(96,'Can delete услуга',32,'delete_service'),(97,'Can add цена услуги',33,'add_serviceprice'),(98,'Can change цена услуги',33,'change_serviceprice'),(99,'Can delete цена услуги',33,'delete_serviceprice'),(100,'Can add пресс релиз',34,'add_pressitem'),(101,'Can change пресс релиз',34,'change_pressitem'),(102,'Can delete пресс релиз',34,'delete_pressitem'),(103,'Can add специальное предложение',35,'add_specialoffer'),(104,'Can change специальное предложение',35,'change_specialoffer'),(105,'Can delete специальное предложение',35,'delete_specialoffer'),(106,'Can add фотоотчет',36,'add_photoreport'),(107,'Can change фотоотчет',36,'change_photoreport'),(108,'Can delete фотоотчет',36,'delete_photoreport'),(109,'Can add фотография',37,'add_pressphoto'),(110,'Can change фотография',37,'change_pressphoto'),(111,'Can delete фотография',37,'delete_pressphoto'),(112,'Can add новость',38,'add_newsitem'),(113,'Can change новость',38,'change_newsitem'),(114,'Can delete новость',38,'delete_newsitem'),(115,'Can add фотогаллерея',39,'add_gallery'),(116,'Can change фотогаллерея',39,'change_gallery'),(117,'Can delete фотогаллерея',39,'delete_gallery'),(118,'Can add фотография',40,'add_galleryimage'),(119,'Can change фотография',40,'change_galleryimage'),(120,'Can delete фотография',40,'delete_galleryimage'),(121,'Can add ресторан',41,'add_restaurant'),(122,'Can change ресторан',41,'change_restaurant'),(123,'Can delete ресторан',41,'delete_restaurant'),(124,'Can add фотография ресторана',42,'add_restaurantimage'),(125,'Can change фотография ресторана',42,'change_restaurantimage'),(126,'Can delete фотография ресторана',42,'delete_restaurantimage'),(127,'Can add отзыв',43,'add_review'),(128,'Can change отзыв',43,'change_review'),(129,'Can delete отзыв',43,'delete_review'),(130,'Can add Заказ',44,'add_order'),(131,'Can change Заказ',44,'change_order'),(132,'Can delete Заказ',44,'delete_order');
/*!40000 ALTER TABLE `auth_permission` ENABLE KEYS */;
UNLOCK TABLES;

--
-- Table structure for table `auth_user`
--

DROP TABLE IF EXISTS `auth_user`;
/*!40101 SET @saved_cs_client     = @@character_set_client */;
/*!40101 SET character_set_client = utf8 */;
CREATE TABLE `auth_user` (
  `id` int(11) NOT NULL AUTO_INCREMENT,
  `username` varchar(30) NOT NULL,
  `first_name` varchar(30) NOT NULL,
  `last_name` varchar(30) NOT NULL,
  `email` varchar(75) NOT NULL,
  `password` varchar(128) NOT NULL,
  `is_staff` tinyint(1) NOT NULL,
  `is_active` tinyint(1) NOT NULL,
  `is_superuser` tinyint(1) NOT NULL,
  `last_login` datetime NOT NULL,
  `date_joined` datetime NOT NULL,
  PRIMARY KEY (`id`),
  UNIQUE KEY `username` (`username`)
) ENGINE=MyISAM AUTO_INCREMENT=3 DEFAULT CHARSET=utf8;
/*!40101 SET character_set_client = @saved_cs_client */;

--
-- Dumping data for table `auth_user`
--

LOCK TABLES `auth_user` WRITE;
/*!40000 ALTER TABLE `auth_user` DISABLE KEYS */;
INSERT INTO `auth_user` VALUES (1,'grigl','','','grigl@mail.ru','pbkdf2_sha256$10000$5BwfH7IzPStm$NKjRxOeuCbbzEA0+DDreq6satbA/8bDnHeyJVKge9Hc=',1,1,1,'2013-09-23 14:36:11','2013-05-29 12:59:33'),(2,'admin','','','root@mail.ru','pbkdf2_sha256$10000$5JDc7vJqsPZ9$t4YU5JNSCDsxODepmVekeofQQh9Gg9kM5qzlgWMU0+w=',1,1,1,'2013-09-27 13:54:24','2013-08-07 13:55:05');
/*!40000 ALTER TABLE `auth_user` ENABLE KEYS */;
UNLOCK TABLES;

--
-- Table structure for table `auth_user_groups`
--

DROP TABLE IF EXISTS `auth_user_groups`;
/*!40101 SET @saved_cs_client     = @@character_set_client */;
/*!40101 SET character_set_client = utf8 */;
CREATE TABLE `auth_user_groups` (
  `id` int(11) NOT NULL AUTO_INCREMENT,
  `user_id` int(11) NOT NULL,
  `group_id` int(11) NOT NULL,
  PRIMARY KEY (`id`),
  UNIQUE KEY `user_id` (`user_id`,`group_id`),
  KEY `auth_user_groups_403f60f` (`user_id`),
  KEY `auth_user_groups_425ae3c4` (`group_id`)
) ENGINE=MyISAM DEFAULT CHARSET=utf8;
/*!40101 SET character_set_client = @saved_cs_client */;

--
-- Dumping data for table `auth_user_groups`
--

LOCK TABLES `auth_user_groups` WRITE;
/*!40000 ALTER TABLE `auth_user_groups` DISABLE KEYS */;
/*!40000 ALTER TABLE `auth_user_groups` ENABLE KEYS */;
UNLOCK TABLES;

--
-- Table structure for table `auth_user_user_permissions`
--

DROP TABLE IF EXISTS `auth_user_user_permissions`;
/*!40101 SET @saved_cs_client     = @@character_set_client */;
/*!40101 SET character_set_client = utf8 */;
CREATE TABLE `auth_user_user_permissions` (
  `id` int(11) NOT NULL AUTO_INCREMENT,
  `user_id` int(11) NOT NULL,
  `permission_id` int(11) NOT NULL,
  PRIMARY KEY (`id`),
  UNIQUE KEY `user_id` (`user_id`,`permission_id`),
  KEY `auth_user_user_permissions_403f60f` (`user_id`),
  KEY `auth_user_user_permissions_1e014c8f` (`permission_id`)
) ENGINE=MyISAM DEFAULT CHARSET=utf8;
/*!40101 SET character_set_client = @saved_cs_client */;

--
-- Dumping data for table `auth_user_user_permissions`
--

LOCK TABLES `auth_user_user_permissions` WRITE;
/*!40000 ALTER TABLE `auth_user_user_permissions` DISABLE KEYS */;
/*!40000 ALTER TABLE `auth_user_user_permissions` ENABLE KEYS */;
UNLOCK TABLES;

--
-- Table structure for table `django_admin_log`
--

DROP TABLE IF EXISTS `django_admin_log`;
/*!40101 SET @saved_cs_client     = @@character_set_client */;
/*!40101 SET character_set_client = utf8 */;
CREATE TABLE `django_admin_log` (
  `id` int(11) NOT NULL AUTO_INCREMENT,
  `action_time` datetime NOT NULL,
  `user_id` int(11) NOT NULL,
  `content_type_id` int(11) DEFAULT NULL,
  `object_id` longtext,
  `object_repr` varchar(200) NOT NULL,
  `action_flag` smallint(5) unsigned NOT NULL,
  `change_message` longtext NOT NULL,
  PRIMARY KEY (`id`),
  KEY `django_admin_log_403f60f` (`user_id`),
  KEY `django_admin_log_1bb8f392` (`content_type_id`)
) ENGINE=MyISAM AUTO_INCREMENT=619 DEFAULT CHARSET=utf8;
/*!40101 SET character_set_client = @saved_cs_client */;

--
-- Dumping data for table `django_admin_log`
--

LOCK TABLES `django_admin_log` WRITE;
/*!40000 ALTER TABLE `django_admin_log` DISABLE KEYS */;
INSERT INTO `django_admin_log` VALUES (1,'2013-05-29 14:08:19',1,22,'1','Гостиница «ОДИССЕЙ»',1,''),(2,'2013-05-29 14:09:20',1,22,'2','Гостиницы «РИФ» и «Шелл»',1,''),(3,'2013-05-29 14:10:37',1,22,'3','Таунхаусы «Мыс», «Лагуна», «Бриз»',1,''),(4,'2013-05-29 14:10:56',1,22,'1','Гостиница «Одиссей»',2,'Изменен title.'),(5,'2013-05-29 14:14:25',1,22,'4','Таунхаусы «Нептун», «Посейдон»',1,''),(6,'2013-05-29 14:48:53',1,26,'1','Будние дни',1,''),(7,'2013-05-29 14:50:05',1,27,'1','Проживание зима-весна',1,''),(8,'2013-05-29 14:52:30',1,24,'1','Luxe из конфигурации Гостиница «Одиссей»',2,'Изменены price для цена \"999\".'),(9,'2013-05-29 14:53:04',1,24,'1','Luxe из конфигурации Гостиница «Одиссей»',2,'Удален цена \"1000.00\".'),(10,'2013-05-29 14:56:05',1,24,'1','Luxe из конфигурации Гостиница «Одиссей»',2,'Изменены price для цена \"2000\".'),(11,'2013-05-29 14:57:21',1,26,'2','Выходные дни сутки',1,''),(12,'2013-05-29 15:02:22',1,24,'1','Luxe из конфигурации Гостиница «Одиссей»',2,'Изменены price_type и price для цена \"3600\".'),(13,'2013-05-29 15:04:23',1,26,'3','Выходные дни 3 дня / 2 ночи пятница-воскресенье',1,''),(14,'2013-05-29 15:07:17',1,26,'4','Будние дни (3 дня / 2 ночи воскресенье-пятница)',1,''),(15,'2013-05-29 15:07:36',1,24,'1','Luxe из конфигурации Гостиница «Одиссей»',2,'Добавлен цена \"3600\". Добавлен цена \"5400\". Добавлен цена \"3000\". Изменены price_type и price для цена \"2000\".'),(16,'2013-05-29 15:08:35',1,24,'2','Suite из конфигурации Гостиница «Одиссей»',2,'Добавлен цена \"3000\". Добавлен цена \"6000\". Добавлен цена \"9000\". Добавлен цена \"45000\".'),(17,'2013-05-29 15:08:39',1,24,'2','Suite из конфигурации Гостиница «Одиссей»',2,'Изменены price для цена \"4500.00\".'),(18,'2013-05-29 15:13:08',1,24,'3','Studio из конфигурации Гостиница «Одиссей»',2,'Добавлен цена \"2600\". Добавлен цена \"5000\". Добавлен цена \"7500\". Добавлен цена \"3900\".'),(19,'2013-05-29 15:15:04',1,24,'4','Penthouse из конфигурации Гостиница «Одиссей»',2,'Добавлен цена \"5000\". Добавлен цена \"10000\". Добавлен цена \"15000\". Добавлен цена \"7500\".'),(20,'2013-05-29 15:16:57',1,24,'5','2-местный номер из конфигурации Гостиницы «РИФ» и «Шелл»',2,'Добавлен цена \"1500\". Добавлен цена \"2600\". Добавлен цена \"3900\". Добавлен цена \"2250\".'),(21,'2013-05-29 15:19:04',1,24,'6','3-местный номер из конфигурации Гостиницы «РИФ» и «Шелл»',2,'Добавлен цена \"2000\". Добавлен цена \"3600\". Добавлен цена \"5400\". Добавлен цена \"3000\".'),(22,'2013-05-29 15:21:18',1,24,'7','4-местный номер из конфигурации Гостиницы «РИФ» и «Шелл»',2,'Добавлен цена \"2700\". Добавлен цена \"4800\". Добавлен цена \"7200\". Добавлен цена \"4050\".'),(23,'2013-05-29 15:23:25',1,24,'8','4-местный номер из конфигурации Таунхаусы «Мыс», «Лагуна», «Бриз»',2,'Добавлен цена \"4000\". Добавлен цена \"7500\". Добавлен цена \"11000\". Добавлен цена \"6000\".'),(24,'2013-05-29 15:24:33',1,24,'9','5-местный номер из конфигурации Таунхаусы «Мыс», «Лагуна», «Бриз»',2,'Добавлен цена \"4500\". Добавлен цена \"8500\". Добавлен цена \"12500\". Добавлен цена \"6750\".'),(25,'2013-05-29 15:25:28',1,24,'10','6-местный номер из конфигурации Таунхаусы «Нептун», «Посейдон»',2,'Добавлен цена \"7000\". Добавлен цена \"14000\". Добавлен цена \"21000\". Добавлен цена \"10500\".'),(26,'2013-05-29 15:33:47',1,23,'1','Одиссей',1,''),(27,'2013-05-29 15:34:59',1,23,'2','Риф',1,''),(28,'2013-05-29 15:36:02',1,23,'3','Шелл',1,''),(29,'2013-05-29 15:36:17',1,23,'2','Риф',2,'Изменен image.'),(30,'2013-05-29 15:36:27',1,23,'1','Одиссей',2,'Изменен image.'),(31,'2013-05-29 15:51:35',1,29,'1','Гостиница',1,''),(32,'2013-05-29 15:52:40',1,29,'2','Танхаус',1,''),(33,'2013-05-29 15:53:02',1,29,'3','Таунхаус',1,''),(34,'2013-05-29 15:53:17',1,29,'2','Таунхаус',2,'Изменен title.'),(35,'2013-05-29 16:00:14',1,23,'4','Мыс',1,''),(36,'2013-05-29 16:01:01',1,23,'5','Лагуна ',1,''),(37,'2013-05-29 16:01:54',1,23,'6','Бриз',1,''),(38,'2013-05-29 16:07:55',1,23,'7','Посейдон',1,''),(39,'2013-05-29 16:09:09',1,23,'8','Нептун',1,''),(41,'2013-05-29 17:00:08',1,25,'1','Studio',1,''),(42,'2013-05-29 17:01:21',1,25,'1','Studio',2,'Добавлен фотография \"Кухоная сторона\". Добавлен панорама \"Спальня\".'),(43,'2013-05-29 17:04:52',1,13,'1','text_about_aurora',1,''),(44,'2013-05-29 17:05:09',1,13,'1','text_about_aurora',2,'Изменен value.'),(45,'2013-05-29 17:05:13',1,13,'1','text_about_aurora',2,'Изменен value.'),(46,'2013-05-29 17:05:28',1,13,'1','text_about_aurora',2,'Изменен value.'),(47,'2013-05-29 21:55:42',1,27,'1','Проживание зима-весна',2,'Изменен special_offer_label.'),(48,'2013-05-29 22:00:51',1,27,'1','Проживание зима-весна',2,'Изменен date_to.'),(49,'2013-05-29 22:01:04',1,27,'1','Проживание зима-весна',2,'Изменен date_to.'),(50,'2013-05-29 22:06:43',1,27,'1','Проживание зима-весна',2,'Изменен date_to.'),(51,'2013-05-29 22:06:51',1,27,'1','Проживание зима-весна',2,'Изменен date_to.'),(52,'2013-05-30 00:59:00',1,27,'2','Проживание лето',1,''),(53,'2013-05-30 00:59:58',1,24,'1','Luxe из конфигурации Гостиница «Одиссей»',2,'Добавлен цена \"6666\".'),(54,'2013-05-30 01:00:38',1,24,'1','Luxe из конфигурации Гостиница «Одиссей»',2,'Изменены season для цена \"2000.00\". Изменены season для цена \"6666.00\".'),(55,'2013-05-30 01:01:04',1,24,'1','Luxe из конфигурации Гостиница «Одиссей»',2,'Изменены season для цена \"2000.00\". Изменены season для цена \"6666.00\".'),(56,'2013-05-30 01:22:57',1,24,'1','Luxe из конфигурации Гостиница «Одиссей»',2,'Удален цена \"6666.00\".'),(57,'2013-05-31 14:07:43',1,29,'3','Таунхаус на 6 человек +2 доп. места',2,'Изменен slug.'),(58,'2013-05-31 14:07:54',1,29,'2','Таунхаус на 4 человек +2 доп. места',2,'Изменен slug.'),(59,'2013-05-31 14:08:01',1,29,'1','Гостиница ',2,'Изменен slug.'),(60,'2013-05-31 14:17:25',1,29,'3','Таунхаус на 6 человек +2 доп. места',2,'Изменен subtype.'),(61,'2013-05-31 14:17:32',1,29,'2','Таунхаус на 4 человек +2 доп. места',2,'Изменен subtype.'),(62,'2013-05-31 14:17:41',1,29,'1','Гостиница ',2,'Изменен subtype.'),(63,'2013-05-31 14:55:20',1,23,'1','Одиссей',2,'Изменен short_description.'),(64,'2013-05-31 14:55:27',1,23,'1','Одиссей',2,'Изменен slug.'),(65,'2013-05-31 15:49:45',1,29,'3','Таунхаус на 6 человек +2 доп. места',2,'Изменен slug.'),(66,'2013-05-31 15:49:54',1,29,'2','Таунхаус на 4 человек +2 доп. места',2,'Изменен slug.'),(67,'2013-05-31 15:50:08',1,29,'1','Гостиница ',2,'Изменен slug.'),(68,'2013-05-31 16:15:12',1,29,'2','Таунхаус на 4 человек',2,'Изменен label.'),(69,'2013-05-31 16:17:57',1,29,'2','Таунхаус на 4 человек +2 доп. места',2,'Изменен label.'),(70,'2013-05-31 16:32:02',1,23,'6','Бриз',2,'Изменен slug.'),(71,'2013-05-31 16:32:15',1,23,'5','Лагуна ',2,'Изменен slug.'),(72,'2013-05-31 16:32:29',1,23,'4','Мыс',2,'Изменен slug.'),(73,'2013-05-31 16:32:40',1,23,'8','Нептун',2,'Изменен slug.'),(74,'2013-05-31 16:32:53',1,23,'7','Посейдон',2,'Изменен slug.'),(75,'2013-05-31 16:32:59',1,23,'2','Риф',2,'Изменен slug.'),(76,'2013-05-31 16:33:08',1,23,'3','Шелл',2,'Изменен slug.'),(77,'2013-05-31 18:28:08',1,29,'3','Таунхаус на 6 человек +2 доп. места',2,'Изменен slug.'),(78,'2013-05-31 18:28:21',1,29,'2','Таунхаус на 4 человек +2 доп. места',2,'Изменен slug.'),(79,'2013-05-31 19:05:15',1,12,'1','summer_or_winter',1,''),(80,'2013-06-01 16:34:11',1,32,'1','Конные прогулки',1,''),(81,'2013-06-01 16:35:22',1,32,'1','Конные прогулки',2,'Добавлен цена услуги \"Конные прогулки в мвнеже\". Добавлен цена услуги \"Конные прогулки на природе\". Добавлен цена услуги \"Конные прогулки под водой\".'),(82,'2013-06-01 16:35:31',1,32,'1','Конные прогулки',2,'Изменены title для цена услуги \"Конные прогулки в манеже\".'),(83,'2013-06-01 16:39:43',1,32,'2','Мини гольф',1,''),(84,'2013-06-01 16:41:29',1,32,'3','Лодки и катамараны',1,''),(85,'2013-06-01 16:47:58',1,32,'4','Прокат спортивного инвентаря',1,''),(86,'2013-06-01 16:49:22',1,32,'5','Пэинтболл',1,''),(87,'2013-06-01 16:54:53',1,32,'6','Дайвинг',1,''),(88,'2013-06-01 16:56:01',1,32,'7','Детская игровая комната',1,''),(89,'2013-06-01 16:59:05',1,32,'8','Анимация',1,''),(90,'2013-06-01 16:59:26',1,32,'5','Пэйнтболл',2,'Изменен title.'),(91,'2013-06-01 17:01:24',1,32,'9','Сауна',1,''),(92,'2013-06-01 17:03:35',1,32,'10','Лыжи, коньки, ватрушки',1,''),(93,'2013-06-01 17:04:43',1,32,'11','Квадроциклы',1,''),(94,'2013-06-01 17:05:42',1,32,'12','Рыбалка',1,''),(95,'2013-06-01 17:06:51',1,32,'13','Веревочный город',1,''),(96,'2013-06-01 17:10:45',1,32,'1','Конные прогулки',2,'Изменен short_description.'),(97,'2013-06-01 17:10:50',1,32,'13','Веревочный город',2,'Изменен short_description.'),(98,'2013-06-01 17:10:58',1,32,'12','Рыбалка',2,'Изменен short_description.'),(99,'2013-06-01 17:11:02',1,32,'11','Квадроциклы',2,'Изменен short_description.'),(100,'2013-06-01 17:11:06',1,32,'10','Лыжи, коньки, ватрушки',2,'Изменен short_description.'),(101,'2013-06-01 17:11:09',1,32,'10','Лыжи, коньки, ватрушки',2,'Ни одно поле не изменено.'),(102,'2013-06-01 17:11:14',1,32,'9','Сауна',2,'Изменен short_description.'),(103,'2013-06-01 17:11:18',1,32,'8','Анимация',2,'Изменен short_description.'),(104,'2013-06-01 17:11:22',1,32,'7','Детская игровая комната',2,'Изменен short_description.'),(105,'2013-06-01 17:11:25',1,32,'7','Детская игровая комната',2,'Ни одно поле не изменено.'),(106,'2013-06-01 17:11:28',1,32,'6','Дайвинг',2,'Изменен short_description.'),(107,'2013-06-01 17:11:32',1,32,'5','Пэйнтболл',2,'Изменен short_description.'),(108,'2013-06-01 17:11:35',1,32,'4','Прокат спортивного инвентаря',2,'Изменен short_description.'),(109,'2013-06-01 17:11:39',1,32,'3','Лодки и катамараны',2,'Изменен short_description.'),(110,'2013-06-01 17:11:43',1,32,'2','Мини гольф',2,'Изменен short_description.'),(111,'2013-06-02 12:35:36',1,25,'2','Luxe',1,''),(112,'2013-06-02 12:41:44',1,23,'1','Одиссей',2,'Изменены description для комната \"Luxe\".'),(113,'2013-06-02 12:45:10',1,25,'2','Luxe',2,'Изменен description.'),(114,'2013-06-02 12:46:00',1,25,'1','Studio',2,'Добавлен фотография \"Комната\". Добавлен фотография \"Коридор\".'),(115,'2013-06-02 12:46:16',1,25,'1','Studio',2,'Изменен description.'),(116,'2013-06-02 12:47:02',1,25,'1','Studio',2,'Изменен description.'),(117,'2013-06-02 13:29:21',1,25,'1','Studio',2,'Добавлен фотография \"Ванная комната\".'),(118,'2013-06-02 18:05:32',1,25,'1','Studio',2,'Изменены image для фотография \"Кухоная сторона\". Изменены image для фотография \"Комната\". Изменены image для фотография \"Коридор\". Изменены image для фотография \"Ванная комната\".'),(119,'2013-06-02 18:05:56',1,25,'2','Luxe',2,'Изменены image для фотография \"Комната\". Изменены image для фотография \"Комната 2\". Изменены image для фотография \"Комната 3\".'),(120,'2013-06-02 19:39:29',1,25,'2','Luxe',2,'Добавлен панорама \"\".'),(121,'2013-06-02 19:39:48',1,25,'1','Studio',2,'Изменены panorama для панорама \"Спальня\".'),(122,'2013-06-02 19:49:24',1,25,'2','Luxe',2,'Изменены title для панорама \"Панорама номера\".'),(123,'2013-06-02 19:53:18',1,25,'2','Luxe',2,'Изменены preview для панорама \"Панорама номера\".'),(124,'2013-06-02 19:53:31',1,25,'1','Studio',2,'Изменены preview для панорама \"Спальня\".'),(125,'2013-06-02 19:59:13',1,25,'1','Studio',2,'Изменены preview для панорама \"Спальня\".'),(126,'2013-06-02 19:59:23',1,25,'2','Luxe',2,'Изменены preview для панорама \"Панорама номера\".'),(127,'2013-06-02 20:26:07',1,32,'1','Конные прогулки',2,'Изменен price_page_description и description.'),(128,'2013-06-02 21:20:56',1,32,'4','Стадион',2,'Изменен title.'),(129,'2013-06-02 21:24:44',1,32,'4','Стадион',2,'Изменен slug.'),(130,'2013-06-03 16:30:51',1,11,'2','Номера',1,''),(131,'2013-06-03 16:32:07',1,11,'1','Номера',3,''),(132,'2013-06-03 16:32:13',1,11,'2','Номера',3,''),(133,'2013-06-03 16:32:25',1,11,'3','Номера',1,''),(134,'2013-06-03 16:32:47',1,11,'4','Рестораны',1,''),(135,'2013-06-03 16:33:24',1,11,'5','Развлечения',1,''),(136,'2013-06-03 16:33:44',1,11,'6','О курорте',1,''),(137,'2013-06-03 16:34:04',1,11,'7','Цены',1,''),(138,'2013-06-03 16:34:21',1,11,'6','О курорте',2,'Изменен url.'),(139,'2013-06-03 16:34:27',1,11,'5','Развлечения',2,'Изменен url.'),(140,'2013-06-03 16:34:33',1,11,'4','Рестораны',2,'Изменен url.'),(141,'2013-06-03 16:34:38',1,11,'3','Номера',2,'Изменен url.'),(142,'2013-06-03 16:34:43',1,11,'7','Цены',2,'Изменен url.'),(143,'2013-06-03 16:37:57',1,11,'8','Отзывы',1,''),(144,'2013-06-03 16:38:04',1,11,'8','Отзывы',2,'Изменен url.'),(145,'2013-06-03 16:38:25',1,11,'8','Отзывы',2,'Изменен order.'),(146,'2013-06-03 16:38:25',1,11,'7','Цены',2,'Изменен order.'),(147,'2013-06-03 16:49:43',1,11,'8','Отзывы',2,'Изменен order.'),(148,'2013-06-03 16:49:43',1,11,'7','Цены',2,'Изменен order.'),(149,'2013-06-03 16:49:43',1,11,'6','О курорте',2,'Изменен order.'),(150,'2013-06-03 16:49:43',1,11,'5','Развлечения',2,'Изменен order.'),(151,'2013-06-03 16:49:43',1,11,'4','Рестораны',2,'Изменен order.'),(152,'2013-06-03 16:49:43',1,11,'3','Номера',2,'Изменен order.'),(153,'2013-06-03 19:53:30',1,24,'1','Luxe из конфигурации Гостиница «Одиссей»',2,'Добавлен цена \"666\".'),(154,'2013-06-03 21:57:29',1,24,'1','Luxe из конфигурации Гостиница «Одиссей»',2,'Добавлен цена \"345\". Добавлен цена \"123\". Добавлен цена \"65456\".'),(155,'2013-06-03 21:57:53',1,24,'2','Suite из конфигурации Гостиница «Одиссей»',2,'Добавлен цена \"123\". Добавлен цена \"123\". Добавлен цена \"345345\". Добавлен цена \"6666\".'),(156,'2013-06-03 21:59:27',1,24,'3','Studio из конфигурации Гостиница «Одиссей»',2,'Добавлен цена \"12\". Добавлен цена \"54345\". Добавлен цена \"654\". Добавлен цена \"86786\".'),(157,'2013-06-03 22:00:00',1,24,'4','Penthouse из конфигурации Гостиница «Одиссей»',2,'Добавлен цена \"123\". Добавлен цена \"34536\". Добавлен цена \"567567\". Добавлен цена \"1233\".'),(158,'2013-06-03 22:00:33',1,24,'5','2-местный номер из конфигурации Гостиницы «РИФ» и «Шелл»',2,'Добавлен цена \"12415\". Добавлен цена \"67647\". Добавлен цена \"78978\". Добавлен цена \"2312\".'),(159,'2013-06-03 22:01:23',1,24,'6','3-местный номер из конфигурации Гостиницы «РИФ» и «Шелл»',2,'Добавлен цена \"123\". Добавлен цена \"34546\". Добавлен цена \"2342\". Добавлен цена \"12\".'),(160,'2013-06-03 22:01:47',1,24,'7','4-местный номер из конфигурации Гостиницы «РИФ» и «Шелл»',2,'Добавлен цена \"1234\". Добавлен цена \"234\". Добавлен цена \"45646\". Добавлен цена \"123\".'),(161,'2013-06-03 22:02:18',1,24,'8','4-местный номер из конфигурации Таунхаусы «Мыс», «Лагуна», «Бриз»',2,'Добавлен цена \"42\". Добавлен цена \"3452\". Добавлен цена \"345\". Добавлен цена \"12341\".'),(162,'2013-06-03 22:03:09',1,24,'9','5-местный номер из конфигурации Таунхаусы «Мыс», «Лагуна», «Бриз»',2,'Добавлен цена \"123\". Добавлен цена \"42345\". Добавлен цена \"654\". Добавлен цена \"1234\".'),(163,'2013-06-03 22:03:49',1,24,'10','6-местный номер из конфигурации Таунхаусы «Нептун», «Посейдон»',2,'Добавлен цена \"234\". Добавлен цена \"563456\". Добавлен цена \"978\". Добавлен цена \"99\".'),(164,'2013-06-03 22:16:13',1,24,'1','Luxe из конфигурации Гостиница «Одиссей»',2,'Изменены price для цена \"1345.00\". Изменены price для цена \"1666.00\". Изменены price для цена \"1123.00\".'),(165,'2013-06-03 22:16:24',1,24,'2','Suite из конфигурации Гостиница «Одиссей»',2,'Изменены price для цена \"3123.00\". Изменены price для цена \"3123.00\".'),(166,'2013-06-03 22:16:32',1,24,'3','Studio из конфигурации Гостиница «Одиссей»',2,'Изменены price для цена \"4312.00\". Изменены price для цена \"4654.00\".'),(167,'2013-06-03 22:16:42',1,24,'4','Penthouse из конфигурации Гостиница «Одиссей»',2,'Изменены price для цена \"1123.00\".'),(168,'2013-06-03 22:16:48',1,24,'5','2-местный номер из конфигурации Гостиницы «РИФ» и «Шелл»',2,'Ни одно поле не изменено.'),(169,'2013-06-03 22:17:01',1,24,'5','2-местный номер из конфигурации Гостиницы «РИФ» и «Шелл»',2,'Изменены price для цена \"2415.00\". Изменены price для цена \"8978.00\".'),(170,'2013-06-03 22:17:09',1,24,'6','3-местный номер из конфигурации Гостиницы «РИФ» и «Шелл»',2,'Изменены price для цена \"6123.00\". Изменены price для цена \"4512.00\".'),(171,'2013-06-03 22:17:15',1,24,'8','4-местный номер из конфигурации Таунхаусы «Мыс», «Лагуна», «Бриз»',2,'Изменены price для цена \"5442.00\". Изменены price для цена \"6345.00\".'),(172,'2013-06-03 22:17:23',1,24,'10','6-местный номер из конфигурации Таунхаусы «Нептун», «Посейдон»',2,'Изменены price для цена \"4234.00\". Изменены price для цена \"7978.00\". Изменены price для цена \"1299.00\".'),(173,'2013-06-03 22:17:29',1,24,'9','5-местный номер из конфигурации Таунхаусы «Мыс», «Лагуна», «Бриз»',2,'Изменены price для цена \"7123.00\". Изменены price для цена \"5654.00\".'),(174,'2013-06-03 22:17:34',1,24,'8','4-местный номер из конфигурации Таунхаусы «Мыс», «Лагуна», «Бриз»',2,'Ни одно поле не изменено.'),(175,'2013-06-03 22:17:41',1,24,'7','4-местный номер из конфигурации Гостиницы «РИФ» и «Шелл»',2,'Изменены price для цена \"3234.00\". Изменены price для цена \"1123.00\".'),(176,'2013-06-03 23:02:21',1,23,'8','Нептун',2,'Изменен image.'),(177,'2013-06-03 23:06:31',1,23,'5','Лагуна ',2,'Изменен image.'),(178,'2013-06-03 23:06:39',1,23,'6','Бриз',2,'Изменен image.'),(179,'2013-06-04 02:39:10',1,18,'1','Специальные предложения',1,''),(180,'2013-06-04 02:50:05',1,19,'1','Новый год и зимние каникулы',1,''),(181,'2013-06-04 02:52:45',1,19,'2','Вторые сутки за полцены',1,''),(182,'2013-06-05 15:21:44',1,35,'7','123',1,''),(183,'2013-06-05 15:22:12',1,35,'7','Новый год и зимние каникулы',2,'Изменен title и text.'),(184,'2013-06-05 15:24:21',1,35,'8','Вторые сутки за полцены',1,''),(185,'2013-06-05 15:25:16',1,35,'9','Конные прогулки',1,''),(186,'2013-06-05 15:29:00',1,35,'10','Супер-Пупер',1,''),(187,'2013-06-05 16:46:13',1,35,'11','Пупер-Супер',1,''),(188,'2013-06-05 17:59:10',1,38,'12','Новость 1',1,''),(189,'2013-06-05 18:00:01',1,36,'13','Фотоотчет 1',1,''),(190,'2013-06-05 18:34:50',1,36,'13','Фотоотчет 1',2,'Ни одно поле не изменено.'),(191,'2013-06-05 18:34:59',1,35,'11','Пупер-Супер',2,'Ни одно поле не изменено.'),(192,'2013-06-05 18:35:03',1,35,'10','Супер-Пупер',2,'Ни одно поле не изменено.'),(193,'2013-06-05 18:35:06',1,35,'9','Конные прогулки',2,'Ни одно поле не изменено.'),(194,'2013-06-05 18:35:08',1,35,'8','Вторые сутки за полцены',2,'Ни одно поле не изменено.'),(195,'2013-06-05 18:35:11',1,35,'7','Новый год и зимние каникулы',2,'Ни одно поле не изменено.'),(196,'2013-06-05 18:35:17',1,38,'12','Новость 1',2,'Ни одно поле не изменено.'),(197,'2013-06-05 18:37:16',1,35,'11','Пупер-Супер',2,'Ни одно поле не изменено.'),(198,'2013-06-05 18:37:20',1,35,'10','Супер-Пупер',2,'Ни одно поле не изменено.'),(199,'2013-06-05 18:37:23',1,35,'9','Конные прогулки',2,'Ни одно поле не изменено.'),(200,'2013-06-05 18:37:26',1,35,'8','Вторые сутки за полцены',2,'Ни одно поле не изменено.'),(201,'2013-06-05 18:37:29',1,35,'7','Новый год и зимние каникулы',2,'Ни одно поле не изменено.'),(202,'2013-06-05 18:41:43',1,35,'11','Пупер-Супер',2,'Ни одно поле не изменено.'),(203,'2013-06-05 18:41:46',1,35,'10','Супер-Пупер',2,'Ни одно поле не изменено.'),(204,'2013-06-05 18:41:48',1,35,'9','Конные прогулки',2,'Ни одно поле не изменено.'),(205,'2013-06-05 18:41:51',1,35,'8','Вторые сутки за полцены',2,'Ни одно поле не изменено.'),(206,'2013-06-05 18:41:53',1,35,'7','Новый год и зимние каникулы',2,'Ни одно поле не изменено.'),(207,'2013-06-05 18:41:59',1,36,'13','Фотоотчет 1',2,'Ни одно поле не изменено.'),(208,'2013-06-05 18:42:05',1,38,'12','Новость 1',2,'Ни одно поле не изменено.'),(209,'2013-06-05 18:48:56',1,38,'12','Новость 1',2,'Ни одно поле не изменено.'),(210,'2013-06-05 18:49:03',1,36,'13','Фотоотчет 1',2,'Ни одно поле не изменено.'),(211,'2013-06-05 18:49:11',1,35,'11','Пупер-Супер',2,'Ни одно поле не изменено.'),(212,'2013-06-05 18:49:14',1,35,'10','Супер-Пупер',2,'Ни одно поле не изменено.'),(213,'2013-06-05 18:49:17',1,35,'9','Конные прогулки',2,'Ни одно поле не изменено.'),(214,'2013-06-05 18:49:20',1,35,'8','Вторые сутки за полцены',2,'Ни одно поле не изменено.'),(215,'2013-06-05 18:49:22',1,35,'7','Новый год и зимние каникулы',2,'Ни одно поле не изменено.'),(216,'2013-06-05 18:51:30',1,35,'14','qwert',1,''),(217,'2013-06-05 18:53:12',1,38,'15','352345',1,''),(218,'2013-06-05 18:54:07',1,38,'12','Новость 1',2,'Ни одно поле не изменено.'),(219,'2013-06-05 18:54:13',1,36,'13','Фотоотчет 1',2,'Ни одно поле не изменено.'),(220,'2013-06-05 18:54:27',1,35,'14','qwert',3,''),(221,'2013-06-05 18:54:31',1,35,'11','Пупер-Супер',2,'Ни одно поле не изменено.'),(222,'2013-06-05 18:54:33',1,35,'10','Супер-Пупер',2,'Ни одно поле не изменено.'),(223,'2013-06-05 18:54:36',1,35,'9','Конные прогулки',2,'Ни одно поле не изменено.'),(224,'2013-06-05 18:54:39',1,35,'8','Вторые сутки за полцены',2,'Ни одно поле не изменено.'),(225,'2013-06-05 18:54:41',1,35,'7','Новый год и зимние каникулы',2,'Ни одно поле не изменено.'),(226,'2013-06-05 18:56:22',1,38,'15','352345',3,''),(227,'2013-06-05 18:56:38',1,38,'12','Новость 1',2,'Изменен press_type и press_type_slug.'),(228,'2013-06-05 18:56:46',1,36,'13','Фотоотчет 1',2,'Ни одно поле не изменено.'),(229,'2013-06-06 11:52:36',1,11,'8','Отзывы',2,'Изменен order.'),(230,'2013-06-06 11:52:50',1,11,'8','Отзывы',2,'Изменен order.'),(231,'2013-06-06 12:51:15',1,11,'9','О курорте',1,''),(232,'2013-06-06 12:51:52',1,11,'10','Пресс центр',1,''),(233,'2013-06-06 12:54:07',1,11,'11','История',1,''),(234,'2013-06-06 12:57:21',1,11,'12','Вакансии',1,''),(235,'2013-06-06 13:11:54',1,11,'9','О курорте',2,'Изменен url.'),(236,'2013-06-06 13:12:09',1,11,'12','Вакансии',2,'Изменен url.'),(237,'2013-06-06 13:13:27',1,11,'9','О курорте',2,'Изменен parent и url.'),(238,'2013-06-06 13:13:52',1,11,'10','Пресс центр',2,'Изменен parent и url.'),(239,'2013-06-06 13:14:00',1,11,'11','История',2,'Изменен parent и url.'),(240,'2013-06-06 13:14:13',1,11,'11','История',2,'Изменен parent.'),(241,'2013-06-06 13:14:50',1,11,'12','Вакансии',2,'Изменен parent и url.'),(242,'2013-06-06 13:19:23',1,11,'9','О курорте',2,'Изменен parent.'),(243,'2013-06-06 13:19:34',1,11,'10','Пресс центр',2,'Изменен parent и url.'),(244,'2013-06-06 13:19:45',1,11,'11','История',2,'Изменен parent и url.'),(245,'2013-06-06 13:19:56',1,11,'12','Вакансии',2,'Изменен parent и url.'),(246,'2013-06-06 13:26:14',1,11,'6','О курорте',2,'Изменен url.'),(247,'2013-06-06 13:26:24',1,11,'9','О курорте',2,'Изменен url.'),(248,'2013-06-06 13:26:32',1,11,'10','Пресс центр',2,'Изменен url.'),(249,'2013-06-06 13:26:40',1,11,'11','История',2,'Изменен url.'),(250,'2013-06-06 13:26:48',1,11,'12','Вакансии',2,'Изменен url.'),(251,'2013-06-06 14:46:18',1,39,'4','Наши площадки',1,''),(252,'2013-06-06 14:46:42',1,39,'5','Наши площадки',1,''),(253,'2013-06-06 14:47:02',1,39,'5','Наши площадки',2,'Добавлен фотография \"uploads/images/galleries/Nashi_ploschadki/super-slider-image_3.png\". Добавлен фотография \"uploads/images/galleries/Nashi_ploschadki/super-slider-image_4.png\".'),(254,'2013-06-06 14:48:09',1,39,'4','Конференц залы',2,'Изменен title.'),(255,'2013-06-06 14:49:01',1,39,'6','Номера',1,''),(256,'2013-06-06 16:18:35',1,13,'2','about_resort_address',1,''),(257,'2013-06-06 16:19:21',1,13,'2','about_resort_address',2,'Изменен value.'),(258,'2013-06-06 16:24:29',1,13,'3','about_office_address',1,''),(259,'2013-06-06 16:25:04',1,13,'3','about_office_address',2,'Изменен value.'),(260,'2013-06-06 16:25:19',1,13,'3','about_office_address',2,'Изменен value.'),(261,'2013-06-06 17:11:16',1,35,'11','Пупер-Супер',2,'Изменен short_text.'),(262,'2013-06-06 17:11:21',1,35,'10','Супер-Пупер',2,'Изменен short_text.'),(263,'2013-06-06 17:11:24',1,35,'9','Конные прогулки',2,'Изменен short_text.'),(264,'2013-06-06 17:11:29',1,35,'8','Вторые сутки за полцены',2,'Изменен short_text.'),(265,'2013-06-06 17:11:36',1,35,'7','Новый год и зимние каникулы',2,'Изменен short_text.'),(266,'2013-06-06 17:11:49',1,36,'13','Фотоотчет 1',2,'Изменен short_text.'),(267,'2013-06-06 17:11:57',1,38,'12','Новость 1',2,'Изменен short_text.'),(268,'2013-06-06 17:21:30',1,14,'1','История курорта (/info/history/)',1,''),(269,'2013-06-07 19:14:36',1,41,'1','cafe Капитан Немо',1,''),(270,'2013-06-07 19:14:57',1,41,'1','cafe Капитан Немо',2,'Добавлен фотография ресторана \"images/restaurantimage/super-slider-image.png\".'),(271,'2013-06-07 19:15:11',1,41,'1','cafe Капитан Немо',2,'Добавлен фотография ресторана \"images/restaurantimage/super-slider-image_1.png\". Добавлен фотография ресторана \"images/restaurantimage/super-slider-image_2.png\".'),(272,'2013-06-07 19:19:59',1,41,'1','cafe Капитан Немо',2,'Ни одно поле не изменено.'),(273,'2013-06-07 19:21:02',1,41,'2','restaurant Наутилус',1,''),(274,'2013-06-07 19:21:57',1,41,'3','cafe Гольфстрим',1,''),(275,'2013-06-07 19:32:03',1,11,'4','Рестораны',2,'Изменен url.'),(276,'2013-06-13 01:03:08',1,13,'4','restraunts_heading_text',1,''),(277,'2013-06-13 01:04:38',1,13,'5','restraunts_adults_text',1,''),(278,'2013-06-13 01:04:51',1,13,'5','restraunts_adults_text',2,'Изменен value.'),(279,'2013-06-13 01:05:49',1,13,'5','restraunts_adults_text',2,'Изменен value.'),(280,'2013-06-13 01:06:37',1,13,'6','restraunts_children_text',1,''),(281,'2013-06-13 01:07:18',1,13,'6','restraunts_children_text',2,'Изменен value.'),(282,'2013-06-13 01:18:13',1,13,'7','restraunts_order_text',1,''),(283,'2013-06-13 01:18:37',1,13,'7','restraunts_order_text',2,'Изменен value.'),(284,'2013-06-15 01:19:37',1,11,'13','Площадки',1,''),(285,'2013-06-15 01:20:10',1,11,'14','Тимбилдинг',1,''),(286,'2013-06-15 01:21:38',1,11,'15','Конференц-Залы',1,''),(287,'2013-06-15 01:58:21',1,14,'2','Площадки (/for_corporate_clients/places/)',1,''),(288,'2013-06-15 01:58:45',1,14,'3','Тимбилдинг (/for_corporate_clients/teambulding/)',1,''),(289,'2013-06-15 01:59:15',1,14,'4','Конференц залы (/for_corporate_clients/conference_rooms/)',1,''),(290,'2013-06-15 02:19:19',1,13,'8','corpo_places_text',1,''),(291,'2013-06-15 02:32:50',1,13,'8','corpo_places_text',2,'Изменен value.'),(292,'2013-06-15 02:57:58',1,39,'7','Наши площадки',1,''),(293,'2013-06-15 03:11:46',1,39,'8','Второй альбом',1,''),(294,'2013-06-19 15:28:05',1,35,'11','Пупер-Супер',2,'Ни одно поле не изменено.'),(295,'2013-06-19 16:14:56',1,25,'2','Luxe',2,'Изменен preview.'),(296,'2013-06-19 16:15:06',1,25,'1','Studio',2,'Изменен preview.'),(297,'2013-06-19 17:29:47',1,11,'16','Проживание',1,''),(298,'2013-06-19 17:30:11',1,11,'17','Развлечения',1,''),(299,'2013-06-19 17:30:43',1,11,'18','Питание',1,''),(300,'2013-06-19 17:35:28',1,11,'19','Дополнительные услуги',1,''),(301,'2013-06-19 17:39:22',1,14,'5','Питание (/prices/restaurants/)',1,''),(302,'2013-06-19 17:39:44',1,14,'6','Дополнительные услуги (/prices/additional_services/)',1,''),(303,'2013-06-20 16:39:41',1,12,'1','summer_or_winter',2,'Изменен value.'),(304,'2013-06-20 17:01:14',1,32,'1','Конные прогулки',2,'Изменен description.'),(305,'2013-06-20 17:04:41',1,32,'1','Конные прогулки',2,'Изменен description.'),(306,'2013-06-20 17:09:11',1,32,'1','Конные прогулки',2,'Изменен description.'),(307,'2013-06-20 17:13:01',1,32,'1','Конные прогулки',2,'Изменен description.'),(308,'2013-06-20 17:14:49',1,32,'1','Конные прогулки',2,'Изменен description.'),(309,'2013-06-20 17:26:25',1,32,'4','Прокат спортивного оборудования',2,'Изменен title и description.'),(310,'2013-06-20 17:26:59',1,32,'2','Мини гольф',2,'Изменен description.'),(311,'2013-06-20 17:27:07',1,32,'3','Лодки и катамараны',2,'Изменен description.'),(312,'2013-06-20 17:27:19',1,32,'4','Прокат спортивного оборудования',2,'Изменен description.'),(313,'2013-06-20 17:27:29',1,32,'5','Пэйнтболл',2,'Изменен description.'),(314,'2013-06-20 17:27:35',1,32,'6','Дайвинг',2,'Изменен description.'),(315,'2013-06-20 17:27:51',1,32,'7','Детская игровая комната',2,'Изменен description.'),(316,'2013-06-20 17:27:59',1,32,'8','Анимация',2,'Изменен description.'),(317,'2013-06-20 17:28:06',1,32,'9','Сауна',2,'Изменен description.'),(318,'2013-06-20 17:28:15',1,32,'10','Лыжи, коньки, ватрушки',2,'Изменен description.'),(319,'2013-06-20 17:28:22',1,32,'11','Квадроциклы',2,'Изменен description.'),(320,'2013-06-20 17:28:28',1,32,'12','Рыбалка',2,'Изменен description.'),(321,'2013-06-20 17:28:36',1,32,'13','Веревочный город',2,'Изменен description.'),(322,'2013-06-20 17:29:46',1,32,'11','Квадроциклы',2,'Изменен short_description.'),(323,'2013-06-20 17:31:01',1,32,'2','Мини гольф',2,'Изменен short_description.'),(324,'2013-06-20 17:31:10',1,32,'3','Лодки и катамараны',2,'Изменен short_description.'),(325,'2013-06-20 17:31:19',1,32,'4','Прокат спортивного оборудования',2,'Изменен short_description.'),(326,'2013-06-20 17:31:27',1,32,'5','Пэйнтболл',2,'Изменен short_description.'),(327,'2013-06-20 17:31:35',1,32,'6','Дайвинг',2,'Изменен short_description.'),(328,'2013-06-20 17:31:44',1,32,'7','Детская игровая комната',2,'Изменен short_description.'),(329,'2013-06-20 17:31:52',1,32,'8','Анимация',2,'Изменен short_description.'),(330,'2013-06-20 17:32:01',1,32,'9','Сауна',2,'Изменен short_description.'),(331,'2013-06-20 17:32:11',1,32,'10','Лыжи, коньки, ватрушки',2,'Изменен short_description.'),(332,'2013-06-20 17:32:18',1,32,'11','Квадроциклы',2,'Изменен short_description.'),(333,'2013-06-20 17:32:24',1,32,'12','Рыбалка',2,'Изменен short_description.'),(334,'2013-06-20 17:32:43',1,32,'13','Веревочный город',2,'Изменен short_description.'),(335,'2013-06-20 17:43:08',1,32,'4','Стадион',2,'Изменен title.'),(336,'2013-06-20 18:12:06',1,25,'3','Suite',1,''),(337,'2013-06-20 18:12:13',1,25,'3','Suite',3,''),(338,'2013-06-20 18:13:03',1,25,'4','Suite',1,''),(339,'2013-06-20 18:14:16',1,25,'1','Studio',2,'Изменен preview.'),(340,'2013-06-20 18:16:58',1,25,'4','Suite',2,'Добавлен фотография \"\".'),(341,'2013-06-20 18:18:57',1,25,'5','Penthause №77',1,''),(342,'2013-06-20 18:19:19',1,25,'6','Penthause №99',1,''),(343,'2013-06-20 18:33:18',1,25,'7','2-х местный номер',1,''),(344,'2013-06-20 18:33:42',1,25,'8','3-х местный номер',1,''),(345,'2013-06-20 18:34:04',1,25,'9','4-х местный номер',1,''),(346,'2013-06-20 18:34:52',1,25,'10','Стандартный номер',1,''),(347,'2013-06-20 18:35:34',1,25,'7','2-х местный',2,'Изменен title.'),(348,'2013-06-20 18:35:44',1,25,'8','3-х местный ',2,'Изменен title.'),(349,'2013-06-20 18:35:49',1,25,'9','4-х местный',2,'Изменен title.'),(350,'2013-06-20 18:37:27',1,25,'11','Первый этаж',1,''),(351,'2013-06-20 18:37:44',1,25,'12','Второй этаж',1,''),(352,'2013-06-20 18:40:51',1,25,'13','Первый этаж',1,''),(353,'2013-06-20 18:41:07',1,25,'14','Второй этаж',1,''),(354,'2013-06-20 18:41:26',1,25,'15','Цокольный этаж',1,''),(355,'2013-06-20 18:46:34',1,25,'2','Luxe',2,'Изменены image для фотография \"Комната\". Изменены title и image для фотография \"Комната\". Изменены title и image для фотография \"Ванная комната\".'),(356,'2013-06-20 18:48:57',1,25,'4','Suite',2,'Добавлен фотография \"Кухня-гостинная\". Добавлен фотография \"Спальня\". Добавлен фотография \"Балкон\". Изменены title и image для фотография \"Кухня-гостинная\".'),(357,'2013-06-20 18:51:51',1,25,'1','Studio',2,'Изменены title и image для фотография \"Кухня-гостиная\". Изменены title и image для фотография \"Кухня-гостиная\". Изменены title и image для фотография \"Ванная комната\". Изменены title и image для фотография \"Кухня-гостиная\".'),(358,'2013-06-20 18:56:22',1,25,'5','Penthause №77',2,'Добавлен фотография \"Кухня-гостинная\". Добавлен фотография \"Спальня\". Добавлен фотография \"Ванная комната\". Добавлен фотография \"Сауна\". Добавлен фотография \"Балкон\". Изменены title и image для фотография \"Кухня-гостинная\".'),(359,'2013-06-20 18:59:50',1,25,'6','Penthause №99',2,'Добавлен фотография \"Кухня-гостинная\". Добавлен фотография \"Спальня\". Добавлен фотография \"Ванная комната\". Добавлен фотография \"Сауна\". Добавлен фотография \"Балкон\". Изменены title и image для фотография \"Кухня-гостинная\".'),(360,'2013-06-20 19:05:14',1,25,'7','2-х местный',2,'Добавлен фотография \"Спальня\". Изменены title и image для фотография \"Спальня\".'),(361,'2013-06-20 19:05:48',1,25,'8','3-х местный ',2,'Добавлен фотография \"Кухня-гостинная\". Изменены title и image для фотография \"Спальня\".'),(362,'2013-06-20 19:06:04',1,25,'9','4-х местный',2,'Добавлен фотография \"Спальня\". Изменены title и image для фотография \"Спальня\".'),(363,'2013-06-20 19:07:27',1,25,'10','Стандартный номер',2,'Добавлен фотография \"Спальня\". Добавлен фотография \"Ванная комната\". Изменены title и image для фотография \"Спальня\".'),(364,'2013-06-20 19:07:43',1,25,'10','Стандартный номер',2,'Удален фотография \"Ванная комната\".'),(365,'2013-06-20 19:09:47',1,25,'11','Первый этаж',2,'Добавлен фотография \"Гостиная\". Изменены title и image для фотография \"Гостиная\".'),(366,'2013-06-20 19:10:10',1,25,'12','Второй этаж',2,'Изменены title и image для фотография \"Спальня\".'),(367,'2013-06-20 19:13:56',1,25,'13','Первый этаж',2,'Добавлен фотография \"Гостиная\". Добавлен фотография \"Терраса\". Изменены title и image для фотография \"Гостиная\".'),(368,'2013-06-20 19:15:31',1,25,'14','Второй этаж',2,'Добавлен фотография \"Спальня\". Добавлен фотография \"Спальня\". Изменены title и image для фотография \"Спальня\".'),(369,'2013-06-20 19:16:02',1,25,'15','Цокольный этаж',2,'Добавлен фотография \"Сауна\". Изменены title и image для фотография \"Сауна\".'),(370,'2013-06-20 19:19:02',1,23,'1','Одиссей',2,'Изменен image_summer.'),(371,'2013-06-20 19:19:30',1,12,'1','summer_or_winter',2,'Изменен value.'),(372,'2013-06-20 19:19:42',1,12,'1','summer_or_winter',2,'Изменен value.'),(373,'2013-06-20 19:20:37',1,23,'2','Риф',2,'Изменен description и image_summer.'),(374,'2013-06-20 19:21:03',1,23,'3','Шелл',2,'Изменен description и image_summer.'),(375,'2013-06-20 19:21:37',1,23,'6','Бриз',2,'Изменен image_summer.'),(376,'2013-06-20 19:22:15',1,23,'8','Нептун',2,'Изменен description и image_summer.'),(377,'2013-06-20 19:22:40',1,23,'8','Нептун',2,'Изменен image_summer.'),(378,'2013-06-20 19:22:57',1,23,'6','Бриз',2,'Изменен image_summer.'),(379,'2013-06-20 21:39:04',1,25,'1','Studio',2,'Изменен description.'),(380,'2013-06-20 21:40:39',1,13,'7','restraunts_order_text',2,'Изменен value.'),(381,'2013-06-20 21:41:03',1,13,'6','restraunts_children_text',2,'Изменен value.'),(382,'2013-06-20 21:41:24',1,13,'5','restraunts_adults_text',2,'Изменен value.'),(383,'2013-06-20 21:41:44',1,13,'5','restraunts_adults_text',2,'Изменен value.'),(384,'2013-06-20 21:42:04',1,13,'7','restraunts_order_text',2,'Изменен value.'),(385,'2013-06-20 23:16:33',1,32,'1','Конные прогулки',2,'Изменен description.'),(386,'2013-06-20 23:23:05',1,32,'1','Конные прогулки',2,'Изменен description.'),(387,'2013-06-20 23:23:45',1,32,'1','Конные прогулки',2,'Изменен description.'),(388,'2013-06-20 23:25:16',1,32,'1','Конные прогулки',2,'Изменен description.'),(389,'2013-06-20 23:25:40',1,32,'1','Конные прогулки',2,'Изменен description.'),(390,'2013-06-20 23:26:00',1,32,'1','Конные прогулки',2,'Изменен description.'),(391,'2013-06-20 23:26:26',1,32,'1','Конные прогулки',2,'Изменен description.'),(392,'2013-06-20 23:28:15',1,32,'1','Конные прогулки',2,'Изменен description.'),(393,'2013-06-20 23:29:58',1,32,'1','Конные прогулки',2,'Изменен description.'),(394,'2013-06-20 23:30:36',1,32,'1','Конные прогулки',2,'Изменен description.'),(395,'2013-06-20 23:32:03',1,32,'1','Конные прогулки',2,'Изменен description.'),(396,'2013-06-24 18:20:03',1,14,'7','Вакансии (/info/jobs/)',1,''),(397,'2013-07-05 15:54:05',1,14,'8','Спасибо за ваш заказ! (/thanks_for_order/)',1,''),(398,'2013-07-05 15:54:55',1,14,'8','Спасибо за ваш заказ! (/thanks_order/)',2,'Изменен url.'),(399,'2013-07-05 18:11:12',1,32,'4','Велопрокат',2,'Изменен title.'),(400,'2013-07-05 18:51:45',1,17,'1','/reviews/| 123',1,''),(401,'2013-07-05 18:54:08',1,17,'1','/reviews/| 123',3,''),(402,'2013-07-09 00:33:25',1,25,'7','2-х местный',2,'Добавлен панорама \"Ванная\". Добавлен панорама \"Спальня\".'),(403,'2013-07-09 00:46:06',1,25,'11','Первый этаж',2,'Добавлен панорама \"Ванная\". Добавлен панорама \"Спальня\".'),(404,'2013-07-09 18:11:06',1,25,'11','Первый этаж',2,'Добавлен панорама \"Гостинная\".'),(405,'2013-07-09 18:16:31',1,25,'13','Первый этаж',2,'Добавлен панорама \"Гостиная\". Добавлен панорама \"Спальня\". Добавлен панорама \"Коридор\". Добавлен панорама \"Сауна\".'),(406,'2013-07-09 18:20:12',1,25,'8','3-х местный ',2,'Добавлен панорама \"Спальная\". Добавлен панорама \"Ванная\".'),(407,'2013-07-09 18:26:54',1,25,'9','4-х местный',2,'Добавлен панорама \"Спальня\". Добавлен панорама \"Ванная\".'),(408,'2013-07-09 18:27:59',1,25,'8','3-х местный ',2,'Изменены title для панорама \"Спальня\".'),(409,'2013-07-09 18:28:10',1,25,'11','Первый этаж',2,'Изменены title для панорама \"Гостиная\".'),(410,'2013-08-07 14:52:48',2,32,'14','Бильярд',1,''),(411,'2013-08-07 14:56:58',2,32,'14','Бильярд',2,'Изменен price_page_description и description.'),(412,'2013-08-07 15:04:04',2,32,'13','Веревочный город',2,'Изменен price_page_description и description.'),(413,'2013-08-07 15:11:24',2,32,'6','Дайвинг',2,'Изменен price_page_description и description.'),(414,'2013-08-07 15:16:44',2,32,'7','Детская игровая комната',2,'Изменен price_page_description и description.'),(415,'2013-08-07 15:20:42',2,32,'11','Квадроциклы',2,'Изменен price_page_description и description.'),(416,'2013-08-07 15:23:58',2,32,'14','Бильярд',2,'Изменен image.'),(417,'2013-08-07 15:28:18',2,32,'3','Лодки и катамараны',2,'Изменен price_page_description и description.'),(418,'2013-08-07 15:30:55',2,32,'10','Лыжи, коньки, ватрушки',2,'Изменен price_page_description и description.'),(419,'2013-08-07 15:34:32',2,32,'2','Мини гольф',2,'Изменен price_page_description и description.'),(420,'2013-08-07 15:39:47',2,32,'5','Пэйнтболл',2,'Изменен price_page_description и description.'),(421,'2013-08-07 15:40:23',2,32,'5','Пэйнтболл',2,'Изменен description.'),(422,'2013-08-07 15:44:17',2,32,'12','Рыбалка',2,'Изменен price_page_description и description.'),(423,'2013-08-07 15:46:53',2,32,'9','Сауна',2,'Изменен price_page_description и description.'),(424,'2013-08-07 15:47:44',2,32,'9','Сауна',2,'Изменен description.'),(425,'2013-08-07 15:51:20',2,32,'4','Велопрокат',2,'Изменен price_page_description и description.'),(426,'2013-08-07 17:20:24',2,26,'5','test (test)',3,''),(427,'2013-08-07 17:20:24',2,26,'6','test2 (еуые)',3,''),(428,'2013-08-07 17:27:19',2,32,'15','Футбол, волейбол',1,''),(429,'2013-08-07 17:32:26',2,32,'1','Конные прогулки',2,'Изменен description.'),(430,'2013-08-07 17:37:59',2,32,'8','Анимация',2,'Изменен description.'),(431,'2013-08-07 17:41:03',2,39,'7','Наши площадки',2,'Удален фотография \"uploads/images/galleries/Nashi_ploschadki/super-slider-image_5.png\". Удален фотография \"uploads/images/galleries/Nashi_ploschadki/room-example.jpg\". Удален фотография \"uploads/images/galleries/Nashi_ploschadki/room-example_1.jpg\". Удален фотография \"uploads/images/galleries/Nashi_ploschadki/service-article-image.png\". Удален фотография \"uploads/images/galleries/Nashi_ploschadki/super-slider-image_6.png\". Удален фотография \"uploads/images/galleries/Nashi_ploschadki/service-article-image_1.png\". Удален фотография \"uploads/images/galleries/Nashi_ploschadki/super-slider-image_7.png\". Удален фотография \"uploads/images/galleries/Nashi_ploschadki/room-example_2.jpg\".'),(432,'2013-08-07 17:42:24',2,39,'7','Наши площадки',2,'Добавлен фотография \"uploads/images/galleries/Nashi_ploschadki/photo0063.jpg\". Добавлен фотография \"uploads/images/galleries/Nashi_ploschadki/photo0087.jpg\". Добавлен фотография \"uploads/images/galleries/Nashi_ploschadki/photo0097.jpg\". Добавлен фотография \"uploads/images/galleries/Nashi_ploschadki/photo0099.jpg\". Добавлен фотография \"uploads/images/galleries/Nashi_ploschadki/Den\'_stroitelya_(208).JPG\". Добавлен фотография \"uploads/images/galleries/Nashi_ploschadki/Den\'_stroitelya_(210).JPG\". Добавлен фотография \"uploads/images/galleries/Nashi_ploschadki/Den\'_stroitelya_(211).JPG\". Добавлен фотография \"uploads/images/galleries/Nashi_ploschadki/Den\'_stroitelya_(212).JPG\".'),(433,'2013-08-07 17:44:05',2,39,'5','Наши площадки',2,'Удален фотография \"uploads/images/galleries/Nashi_ploschadki/super-slider-image_2.png\". Удален фотография \"uploads/images/galleries/Nashi_ploschadki/super-slider-image_3.png\". Удален фотография \"uploads/images/galleries/Nashi_ploschadki/super-slider-image_4.png\".'),(434,'2013-08-07 17:44:20',2,39,'5','Наши площадки',2,'Добавлен фотография \"uploads/images/galleries/Nashi_ploschadki/photo0063_1.jpg\". Добавлен фотография \"uploads/images/galleries/Nashi_ploschadki/photo0087_1.jpg\". Добавлен фотография \"uploads/images/galleries/Nashi_ploschadki/photo0097_1.jpg\". Добавлен фотография \"uploads/images/galleries/Nashi_ploschadki/photo0099_1.jpg\".'),(435,'2013-08-07 17:45:08',2,39,'5','Наши площадки',2,'Добавлен фотография \"uploads/images/galleries/Nashi_ploschadki/Den\'_stroitelya_(208)_1.JPG\". Добавлен фотография \"uploads/images/galleries/Nashi_ploschadki/Den\'_stroitelya_(210)_1.JPG\". Добавлен фотография \"uploads/images/galleries/Nashi_ploschadki/Den\'_stroitelya_(211)_1.JPG\". Добавлен фотография \"uploads/images/galleries/Nashi_ploschadki/Den\'_stroitelya_(212)_1.JPG\".'),(436,'2013-08-07 17:45:40',2,39,'5','Наши площадки',2,'Удален фотография \"uploads/images/galleries/Nashi_ploschadki/photo0097_1.jpg\".'),(437,'2013-08-07 17:45:46',2,39,'7','Наши площадки',2,'Удален фотография \"uploads/images/galleries/Nashi_ploschadki/photo0097.jpg\".'),(438,'2013-08-07 17:46:36',2,39,'8','Второй альбом',3,''),(439,'2013-08-07 17:47:10',2,39,'6','Беседки',2,'Изменен title. Удален фотография \"uploads/images/galleries/Nomera/super-slider-image.png\". Удален фотография \"uploads/images/galleries/Nomera/super-slider-image_1.png\".'),(440,'2013-08-07 17:48:26',2,39,'6','Беседки',2,'Добавлен фотография \"uploads/images/galleries/Besedki/DSC_0217.JPG\". Добавлен фотография \"uploads/images/galleries/Besedki/DSC_0221.JPG\". Добавлен фотография \"uploads/images/galleries/Besedki/DSC_0223.JPG\". Добавлен фотография \"uploads/images/galleries/Besedki/DSC_0224.JPG\". Добавлен фотография \"uploads/images/galleries/Besedki/DSC_0242.JPG\". Добавлен фотография \"uploads/images/galleries/Besedki/DSC_0246.JPG\".'),(441,'2013-08-07 17:48:50',2,39,'4','Конференц залы',3,''),(442,'2013-08-07 17:50:25',2,39,'9','Стадион',1,''),(443,'2013-08-07 17:52:36',2,14,'1','История курорта (/info/history/)',2,'Изменен content.'),(444,'2013-08-07 18:01:49',2,39,'10','Банкетные залы',1,''),(445,'2013-08-07 18:06:23',2,11,'14','Тематические корпоративы',2,'Изменен title.'),(446,'2013-08-07 18:08:05',2,14,'3','Тематические корпоративы (/for_corporate_clients/teambulding/)',2,'Изменен title и content.'),(447,'2013-08-07 18:34:25',2,14,'4','Конференц залы (/for_corporate_clients/conference_rooms/)',2,'Изменен content.'),(448,'2013-08-07 18:37:06',2,14,'4','Конференц залы (/for_corporate_clients/conference_rooms/)',2,'Изменен content.'),(449,'2013-08-07 18:47:59',2,32,'1','Конные прогулки',2,'Изменен description. Добавлен цена услуги \"Конные прогулки в лесу с инструктором\". Добавлен цена услуги \"Конные прогулки с инструктором для детей до 12 лет\". Изменены title,price и time для цена услуги \"Конные прогулки в манеже с инструктором\". Изменены title и price для цена услуги \"Конные прогулки в манеже с инструктором\". Изменены title,price и time для цена услуги \"Конные прогулки в лесу с инструктором\".'),(450,'2013-08-07 18:50:34',1,11,'14','Тематические корпоративы',2,'Изменен url.'),(451,'2013-08-07 18:51:49',1,13,'9','asd',1,''),(452,'2013-08-07 18:52:49',1,13,'9','teambuilding_text',2,'Изменен title,name и value.'),(453,'2013-08-07 18:53:20',1,39,'11','test',1,''),(454,'2013-08-07 18:53:43',1,39,'11','test',2,'Добавлен фотография \"uploads/images/galleries/test/slider-medium-sample.png\".'),(455,'2013-08-07 18:55:06',1,39,'11','test',3,''),(456,'2013-08-07 19:01:40',2,39,'12','Тематические праздники',1,''),(457,'2013-08-07 19:02:05',2,39,'12','Корпоративы',2,'Изменен title.'),(458,'2013-08-07 19:04:56',2,39,'12','Корпоративы',2,'Добавлен фотография \"uploads/images/galleries/Korporativyi/202.jpg\". Добавлен фотография \"uploads/images/galleries/Korporativyi/203.jpg\". Добавлен фотография \"uploads/images/galleries/Korporativyi/207.jpg\". Добавлен фотография \"uploads/images/galleries/Korporativyi/208.jpg\". Добавлен фотография \"uploads/images/galleries/Korporativyi/209.jpg\". Добавлен фотография \"uploads/images/galleries/Korporativyi/210.jpg\". Добавлен фотография \"uploads/images/galleries/Korporativyi/211.jpg\". Добавлен фотография \"uploads/images/galleries/Korporativyi/212.jpg\". Добавлен фотография \"uploads/images/galleries/Korporativyi/250.jpg\".'),(459,'2013-08-07 19:06:06',2,39,'12','Корпоративы',2,'Добавлен фотография \"uploads/images/galleries/Korporativyi/252.jpg\". Добавлен фотография \"uploads/images/galleries/Korporativyi/253.jpg\". Добавлен фотография \"uploads/images/galleries/Korporativyi/254.jpg\". Добавлен фотография \"uploads/images/galleries/Korporativyi/255.jpg\". Добавлен фотография \"uploads/images/galleries/Korporativyi/256.jpg\". Добавлен фотография \"uploads/images/galleries/Korporativyi/257.jpg\". Добавлен фотография \"uploads/images/galleries/Korporativyi/258.jpg\".'),(460,'2013-08-07 19:07:14',2,39,'12','Корпоративы',2,'Добавлен фотография \"uploads/images/galleries/Korporativyi/IMG_1174.jpg\". Добавлен фотография \"uploads/images/galleries/Korporativyi/IMG_2696-142.jpg\". Добавлен фотография \"uploads/images/galleries/Korporativyi/IMG_2944-222.jpg\". Добавлен фотография \"uploads/images/galleries/Korporativyi/IMG_2985-240.jpg\". Добавлен фотография \"uploads/images/galleries/Korporativyi/IMG_3209.jpg\". Добавлен фотография \"uploads/images/galleries/Korporativyi/IMG_3287-356.jpg\". Добавлен фотография \"uploads/images/galleries/Korporativyi/IMG_3304-367.jpg\". Добавлен фотография \"uploads/images/galleries/Korporativyi/IMG_5486.jpg\". Добавлен фотография \"uploads/images/galleries/Korporativyi/img-0255.jpg\".'),(461,'2013-08-07 19:07:46',2,39,'12','Корпоративы',2,'Добавлен фотография \"uploads/images/galleries/Korporativyi/ok-72.jpg\". Добавлен фотография \"uploads/images/galleries/Korporativyi/ok-78.jpg\". Добавлен фотография \"uploads/images/galleries/Korporativyi/Resize_of_IMG_0019.JPG\". Добавлен фотография \"uploads/images/galleries/Korporativyi/Resize_of_IMG_0152.JPG\".'),(462,'2013-08-07 19:10:50',2,39,'13','Тимбилдинг',1,''),(463,'2013-08-07 19:11:50',2,39,'13','Тимбилдинг',2,'Удален фотография \"uploads/images/galleries/Timbilding/img-0170.jpg\". Удален фотография \"uploads/images/galleries/Timbilding/img-0171.jpg\".'),(464,'2013-08-07 19:12:17',2,39,'13','Тимбилдинг',2,'Удален фотография \"uploads/images/galleries/Timbilding/z_6bd2cb51.jpg\".'),(465,'2013-08-07 19:17:40',2,14,'6','Дополнительные услуги (/prices/additional_services/)',2,'Изменен content.'),(466,'2013-08-07 19:18:21',2,14,'6','Дополнительные услуги (/prices/additional_services/)',2,'Изменен content.'),(467,'2013-08-07 19:19:36',2,14,'6','Дополнительные услуги (/prices/additional_services/)',2,'Изменен content.'),(468,'2013-08-07 19:21:37',2,32,'9','Сауна',2,'Изменен description. Добавлен цена услуги \"Сауна (гостиница \"Риф\")\". Добавлен цена услуги \"Сауна (таунхаусы \"Бриз\", \"Мыс\", \"Лагуна\")\".'),(469,'2013-08-07 19:24:13',2,32,'2','Мини гольф',2,'Изменен description. Добавлен цена услуги \"Мини-гольф на одного игрока\".'),(470,'2013-08-07 19:51:58',2,27,'1','Проживание июнь-август',2,'Изменен title,date_from,date_to и special_offer_label.'),(471,'2013-08-07 19:52:38',2,27,'2','Проживание август',2,'Изменен title,date_from,date_to и special_offer_label.'),(472,'2013-08-07 19:53:32',2,26,'3','Выходные дни (3 дня / 2 ночи, пятница-воскресенье)',2,'Изменен description.'),(473,'2013-08-07 19:54:06',2,26,'4','Путевка буднего дня (6 дней / 5 ночей воскресенье-пятница)',2,'Изменен title и description.'),(474,'2013-08-07 19:54:16',2,26,'3','Путевка выходного дня (3 дня / 2 ночи, пятница-воскресенье)',2,'Изменен title.'),(475,'2013-08-07 20:06:41',2,25,'1','Studio',2,'Изменен description.'),(476,'2013-08-07 20:08:58',2,25,'2','Luxe',2,'Изменен description.'),(477,'2013-08-07 20:10:03',2,25,'4','Suite',2,'Изменен description.'),(478,'2013-08-07 20:11:51',2,25,'5','Penthause №77',2,'Изменен description.'),(479,'2013-08-07 20:12:05',2,25,'6','Penthause №99',2,'Изменен description.'),(480,'2013-08-07 20:12:38',2,25,'4','Suite',2,'Изменен description.'),(481,'2013-08-07 20:16:33',2,25,'7','2-х местный',2,'Изменен description.'),(482,'2013-08-07 20:17:30',2,25,'8','3-х местный ',2,'Изменен description.'),(483,'2013-08-07 20:17:48',2,25,'7','2-х местный',2,'Изменен description.'),(484,'2013-08-07 20:17:57',2,25,'8','3-х местный ',2,'Изменен description.'),(485,'2013-08-07 20:18:36',2,25,'9','4-х местный',2,'Изменен description.'),(486,'2013-08-07 20:18:43',2,25,'8','3-х местный ',2,'Изменен description.'),(487,'2013-08-07 20:20:19',2,25,'10','Стандартный номер',2,'Изменен description.'),(488,'2013-08-07 20:23:49',2,25,'11','Первый этаж',2,'Изменен description.'),(489,'2013-08-07 20:24:24',2,25,'4','Suite',2,'Изменен description.'),(490,'2013-08-07 20:24:35',2,25,'5','Penthause №77',2,'Изменен description.'),(491,'2013-08-07 20:24:40',2,25,'6','Penthause №99',2,'Изменен description.'),(492,'2013-08-07 20:25:09',2,25,'11','Первый этаж',2,'Изменен description.'),(493,'2013-08-07 20:25:58',2,25,'12','Второй этаж',2,'Изменен description.'),(494,'2013-08-07 20:27:50',2,25,'13','Первый этаж',2,'Изменен description.'),(495,'2013-08-07 20:29:00',2,25,'14','Второй этаж',2,'Изменен description.'),(496,'2013-08-07 20:30:29',2,25,'15','Цокольный этаж',2,'Изменен description.'),(497,'2013-08-07 20:30:35',2,25,'14','Второй этаж',2,'Изменен description.'),(498,'2013-08-09 14:04:44',1,13,'10','weddings',1,''),(499,'2013-08-09 14:05:05',1,39,'14','test',1,''),(500,'2013-08-09 14:06:26',1,39,'14','test',2,'Изменен is_published.'),(501,'2013-08-09 14:07:00',1,13,'10','weddings_text',2,'Изменен name.'),(502,'2013-08-09 15:06:50',2,13,'10','weddings_text',2,'Изменен value.'),(503,'2013-08-09 15:09:31',2,39,'15','Регистрация',1,''),(504,'2013-08-09 15:10:20',2,13,'10','weddings_text',2,'Изменен value.'),(505,'2013-08-09 15:14:56',2,39,'16','Сервировка',1,''),(506,'2013-08-09 15:16:37',2,39,'17','Свадебный номер',1,''),(507,'2013-08-09 15:16:53',2,39,'17','Свадебный номер',2,'Удален фотография \"uploads/images/galleries/Svadebnyij_nomer/DSC_1571_1.jpg\". Удален фотография \"uploads/images/galleries/Svadebnyij_nomer/DSC_1587_1.jpg\".'),(508,'2013-08-09 15:18:10',2,39,'17','Свадебный номер',2,'Добавлен фотография \"uploads/images/galleries/Svadebnyij_nomer/DSC_1571_1_1.jpg\". Добавлен фотография \"uploads/images/galleries/Svadebnyij_nomer/DSC_1587_1_1.jpg\".'),(509,'2013-08-09 15:27:31',2,39,'18','Фотосессия',1,''),(510,'2013-08-09 15:31:08',2,14,'9','Для турагентств (/for_travel_agencies/)',1,''),(511,'2013-08-09 15:32:13',2,14,'9','Для турагентств (/for_travel_agencies/)',2,'Изменен content.'),(512,'2013-08-09 15:32:47',2,14,'9','Для турагентств (/for_travel_agencies/)',2,'Изменен content.'),(513,'2013-08-09 15:33:39',2,43,'1','Маргарита Крутова',2,'Изменен initials и review.'),(514,'2013-08-09 15:34:16',2,43,'2','Алина Понетайкина',1,''),(515,'2013-08-09 15:35:51',2,43,'3','Мария Деревнина',1,''),(516,'2013-08-09 15:37:09',2,43,'4','Татьяна Любченко',1,''),(517,'2013-08-09 16:22:46',2,14,'9','Для турагентств (/for_travel_agencies/)',2,'Изменен content.'),(518,'2013-08-09 16:23:22',2,14,'9','Для турагентств (/for_travel_agencies/)',2,'Изменен content.'),(519,'2013-08-09 17:08:40',1,43,'5','dsfg',1,''),(520,'2013-08-09 17:09:29',1,43,'5','dsfg',3,''),(521,'2013-08-09 17:10:55',1,43,'2','Алина Понетайкина',2,'Изменен review.'),(522,'2013-08-09 17:26:58',1,43,'2','Алина Понетайкина',2,'Изменен review.'),(523,'2013-08-09 17:31:17',2,43,'4','Татьяна Любченко',2,'Изменен created_at.'),(524,'2013-08-09 17:31:39',2,43,'3','Мария Деревнина',2,'Изменен created_at.'),(525,'2013-08-09 17:31:57',2,43,'2','Алина Понетайкина',2,'Изменен created_at.'),(526,'2013-08-09 17:32:18',2,43,'1','Маргарита Крутова',2,'Изменен created_at.'),(527,'2013-08-09 17:33:07',2,38,'12','Новость 1',3,''),(528,'2013-08-09 17:33:23',2,35,'7','Новый год и зимние каникулы',3,''),(529,'2013-08-09 17:33:23',2,35,'8','Вторые сутки за полцены',3,''),(530,'2013-08-09 17:33:23',2,35,'9','Конные прогулки',3,''),(531,'2013-08-09 17:33:23',2,35,'10','Супер-Пупер',3,''),(532,'2013-08-09 17:33:23',2,35,'11','Пупер-Супер',3,''),(533,'2013-08-09 17:33:34',2,36,'13','Фотоотчет 1',3,''),(534,'2013-08-09 17:36:29',2,35,'14','Именинникам скидка 25%',1,''),(535,'2013-08-09 17:38:46',2,35,'14','Именинникам скидка 25%',2,'Изменен text.'),(536,'2013-08-09 17:39:09',2,35,'14','Именинникам скидка 25%',2,'Изменен text.'),(537,'2013-08-09 17:45:39',2,17,'2','/| Загородный отдых',1,''),(538,'2013-08-09 18:14:45',1,43,'6','123',3,''),(539,'2013-08-09 18:14:45',1,43,'7','2345',3,''),(540,'2013-08-09 18:18:38',1,43,'9','wert',3,''),(541,'2013-08-09 18:18:38',1,43,'8','234',3,''),(542,'2013-08-09 19:18:15',1,17,'2','//| Загородный отдых',2,'Изменен url.'),(543,'2013-08-09 19:25:26',1,17,'2','/| Загородный отдых',2,'Изменен url.'),(544,'2013-08-12 16:52:27',2,25,'1','Studio',2,'Удален панорама \"Спальня\".'),(545,'2013-08-12 16:52:33',2,25,'2','Luxe',2,'Удален панорама \"Панорама номера\".'),(546,'2013-08-12 17:59:53',1,44,'1','sdfg',3,''),(547,'2013-08-12 17:59:53',1,44,'2','sdfg',3,''),(548,'2013-08-12 17:59:53',1,44,'3','qwer',3,''),(549,'2013-08-12 18:22:02',2,44,'4','Василий',3,''),(550,'2013-08-14 13:02:16',2,14,'6','Дополнительные услуги (/prices/additional_services/)',2,'Изменен content.'),(551,'2013-08-15 18:49:24',2,41,'1','cafe Капитан Немо',2,'Удален фотография ресторана \"images/restaurantimage/super-slider-image.png\". Удален фотография ресторана \"images/restaurantimage/super-slider-image_1.png\". Удален фотография ресторана \"images/restaurantimage/super-slider-image_2.png\".'),(552,'2013-08-15 18:50:43',2,41,'1','cafe Капитан Немо',2,'Изменен description. Добавлен фотография ресторана \"images/restaurantimage/053.JPG\". Добавлен фотография ресторана \"images/restaurantimage/094.JPG\". Добавлен фотография ресторана \"images/restaurantimage/103.JPG\". Добавлен фотография ресторана \"images/restaurantimage/114.JPG\". Добавлен фотография ресторана \"images/restaurantimage/DSC_0001.JPG\". Добавлен фотография ресторана \"images/restaurantimage/DSC_0005.JPG\". Добавлен фотография ресторана \"images/restaurantimage/DSC_0011.JPG\".'),(553,'2013-08-15 18:51:31',2,41,'1','cafe Капитан Немо',2,'Удален фотография ресторана \"images/restaurantimage/053.JPG\". Удален фотография ресторана \"images/restaurantimage/094.JPG\". Удален фотография ресторана \"images/restaurantimage/103.JPG\". Удален фотография ресторана \"images/restaurantimage/114.JPG\". Удален фотография ресторана \"images/restaurantimage/DSC_0001.JPG\". Удален фотография ресторана \"images/restaurantimage/DSC_0005.JPG\". Удален фотография ресторана \"images/restaurantimage/DSC_0011.JPG\".'),(554,'2013-08-15 18:57:59',2,41,'1','cafe Капитан Немо',2,'Добавлен фотография ресторана \"images/restaurantimage/053_1.JPG\". Добавлен фотография ресторана \"images/restaurantimage/094_1.JPG\". Добавлен фотография ресторана \"images/restaurantimage/103_1.JPG\". Добавлен фотография ресторана \"images/restaurantimage/DSC_0001_1.JPG\". Добавлен фотография ресторана \"images/restaurantimage/DSC_0005_1.JPG\". Добавлен фотография ресторана \"images/restaurantimage/DSC_0011_1.JPG\".'),(555,'2013-08-15 18:58:58',2,41,'2','restaurant Наутилус',2,'Удален фотография ресторана \"images/restaurantimage/super-slider-image_3.png\". Удален фотография ресторана \"images/restaurantimage/super-slider-image_4.png\".'),(556,'2013-08-15 18:59:27',2,41,'2','restaurant Наутилус',2,'Добавлен фотография ресторана \"images/restaurantimage/118.JPG\". Добавлен фотография ресторана \"images/restaurantimage/120.JPG\". Добавлен фотография ресторана \"images/restaurantimage/214.JPG\". Добавлен фотография ресторана \"images/restaurantimage/220.jpg\". Добавлен фотография ресторана \"images/restaurantimage/20110603-IMG_8769.jpg\". Добавлен фотография ресторана \"images/restaurantimage/preview-1.jpg\". Добавлен фотография ресторана \"images/restaurantimage/preview-2.jpg\".'),(557,'2013-08-15 18:59:33',2,41,'3','cafe Гольфстрим',3,''),(558,'2013-08-15 19:00:09',2,41,'2','restaurant Наутилус',2,'Удален фотография ресторана \"images/restaurantimage/220.jpg\".'),(559,'2013-08-19 12:03:59',2,13,'5','restraunts_adults_text',2,'Изменен value.'),(560,'2013-08-19 12:04:27',2,13,'6','restraunts_children_text',2,'Изменен value.'),(561,'2013-08-19 12:08:51',2,13,'6','restraunts_children_text',2,'Изменен value.'),(562,'2013-08-19 12:39:16',2,12,'1','summer_or_winter',2,'Изменен value.'),(563,'2013-08-19 12:39:27',2,12,'1','summer_or_winter',2,'Изменен value.'),(564,'2013-08-19 12:47:58',2,13,'2','about_resort_address',2,'Изменен value.'),(565,'2013-08-19 12:48:58',2,13,'3','about_office_address',2,'Изменен value.'),(566,'2013-08-19 13:02:04',1,41,'2','restaurant Наутилус',2,'Добавлен фотография ресторана \"images/restaurantimage/orange.png\".'),(567,'2013-08-19 13:02:55',1,41,'2','restaurant Наутилус',2,'Удален фотография ресторана \"images/restaurantimage/orange.png\".'),(568,'2013-08-19 13:13:03',1,13,'6','restraunts_children_text',2,'Изменен value.'),(569,'2013-08-19 13:17:17',1,41,'1','bar Капитан Немо',2,'Изменен restaurant_type.'),(570,'2013-08-19 16:38:41',1,44,'16','wert',1,''),(571,'2013-08-19 17:09:02',1,12,'2','orders_email',1,''),(572,'2013-08-19 17:12:56',1,44,'16','wert',3,''),(573,'2013-08-19 17:14:50',1,44,'17','zdvzxcv',1,''),(574,'2013-08-19 17:22:37',1,44,'17','zdvzxcv',2,'Ни одно поле не изменено.'),(575,'2013-08-19 17:26:08',1,44,'18','zxcv',1,''),(576,'2013-08-19 17:27:59',1,44,'19','cxvbx',1,''),(577,'2013-08-19 17:28:17',1,44,'17','zdvzxcv',3,''),(578,'2013-08-19 17:28:17',1,44,'18','zxcv',3,''),(579,'2013-08-19 17:28:17',1,44,'19','cxvbx',3,''),(580,'2013-08-19 18:38:07',2,12,'2','orders_email',2,'Изменен value.'),(581,'2013-08-19 18:39:40',2,12,'2','orders_email',2,'Изменен value.'),(582,'2013-08-19 19:02:28',1,12,'2','orders_email',2,'Изменен value.'),(583,'2013-08-19 19:11:00',1,12,'2','main_email',2,'Изменен name.'),(584,'2013-08-19 19:11:08',1,12,'2','main_email',2,'Изменен title.'),(585,'2013-08-19 19:27:58',1,43,'11','wertwer',2,'Изменен is_published.'),(586,'2013-08-19 19:28:09',1,43,'11','wertwer',3,''),(587,'2013-08-20 11:22:09',2,43,'13','zxcv',3,''),(588,'2013-08-20 11:22:09',2,43,'12','qwer',3,''),(589,'2013-08-20 11:22:14',2,43,'10','Ольга Дядькина',2,'Изменен is_published.'),(590,'2013-08-20 11:22:17',2,43,'1','Маргарита Крутова',2,'Ни одно поле не изменено.'),(591,'2013-08-20 11:22:22',2,43,'2','Алина Понетайкина',2,'Изменен is_published.'),(592,'2013-08-20 11:22:26',2,43,'3','Мария Деревнина',2,'Изменен is_published.'),(593,'2013-08-20 11:22:31',2,43,'4','Татьяна Любченко',2,'Изменен is_published.'),(594,'2013-08-20 11:23:36',2,43,'2','Алина Понетайкина',2,'Изменен review.'),(595,'2013-08-20 11:28:04',2,44,'20','qwerq',3,''),(596,'2013-08-20 11:28:04',2,44,'21','dsfg',3,''),(597,'2013-08-21 12:27:35',2,12,'2','main_email',2,'Изменен value.'),(598,'2013-08-23 15:44:57',2,14,'1','История курорта (/info/history/)',2,'Изменен content.'),(599,'2013-08-28 17:10:44',1,44,'32','тестовый заказ',3,''),(600,'2013-09-03 13:57:11',2,43,'15','Лена',2,'Изменен is_published.'),(601,'2013-09-05 12:29:25',2,32,'2','Мини гольф',2,'Изменен order.'),(602,'2013-09-05 12:29:44',2,32,'2','Мини гольф',2,'Изменен order.'),(603,'2013-09-05 12:39:42',2,36,'15','тест',1,''),(604,'2013-09-05 12:40:52',2,36,'15','тест',3,''),(605,'2013-09-05 17:20:01',1,14,'1','История курорта (/info/history/)',2,'Изменен content.'),(606,'2013-09-05 17:20:23',1,14,'1','История курорта (/info/history/)',2,'Изменен content.'),(607,'2013-09-05 17:21:12',1,39,'5','Наши площадки',2,'Добавлен фотография \"uploads/images/galleries/Nashi_ploschadki/orange.png\".'),(608,'2013-09-05 17:22:01',1,39,'5','Наши площадки',2,'Удален фотография \"uploads/images/galleries/Nashi_ploschadki/orange.png\".'),(609,'2013-09-05 17:49:54',1,35,'14','Именинникам скидка 25%',2,'Изменен image.'),(610,'2013-09-05 17:51:47',1,35,'14','Именинникам скидка 25%',2,'Изменен image.'),(611,'2013-09-05 17:55:19',1,36,'16','asdf',1,''),(612,'2013-09-05 17:57:54',1,36,'16','asdf',3,''),(613,'2013-09-05 18:02:59',1,36,'17','sdfg',1,''),(614,'2013-09-05 18:03:11',1,36,'17','sdfg',3,''),(615,'2013-09-23 11:57:47',2,43,'16','Оксана',2,'Изменен is_published.'),(616,'2013-09-24 18:21:15',2,13,'3','about_office_address',2,'Изменен value.'),(617,'2013-09-24 20:22:03',1,27,'3','erty',3,''),(618,'2013-09-24 20:24:07',1,27,'4','wqerqwer',3,'');
/*!40000 ALTER TABLE `django_admin_log` ENABLE KEYS */;
UNLOCK TABLES;

--
-- Table structure for table `django_content_type`
--

DROP TABLE IF EXISTS `django_content_type`;
/*!40101 SET @saved_cs_client     = @@character_set_client */;
/*!40101 SET character_set_client = utf8 */;
CREATE TABLE `django_content_type` (
  `id` int(11) NOT NULL AUTO_INCREMENT,
  `name` varchar(100) NOT NULL,
  `app_label` varchar(100) NOT NULL,
  `model` varchar(100) NOT NULL,
  PRIMARY KEY (`id`),
  UNIQUE KEY `app_label` (`app_label`,`model`)
) ENGINE=MyISAM AUTO_INCREMENT=45 DEFAULT CHARSET=utf8;
/*!40101 SET character_set_client = @saved_cs_client */;

--
-- Dumping data for table `django_content_type`
--

LOCK TABLES `django_content_type` WRITE;
/*!40000 ALTER TABLE `django_content_type` DISABLE KEYS */;
INSERT INTO `django_content_type` VALUES (1,'permission','auth','permission'),(2,'group','auth','group'),(3,'user','auth','user'),(4,'content type','contenttypes','contenttype'),(5,'session','sessions','session'),(6,'log entry','admin','logentry'),(7,'kv store','thumbnail','kvstore'),(8,'migration history','south','migrationhistory'),(9,'bookmark','menu','bookmark'),(10,'dashboard preferences','dashboard','dashboardpreferences'),(11,'menu_item','siteblocks','sitemenu'),(12,'site_setting','siteblocks','settings'),(13,'Текстовый блок','siteblocks','textblock'),(14,'page_item','pages','page'),(15,'файл','pages','pagedoc'),(16,'картинка','pages','pagepic'),(17,'meta','pages','metadata'),(18,'news_category','newsboard','newscategory'),(19,'news_item','newsboard','news'),(22,'конфигурация комнат','rooms','roomconfig'),(23,'отель','rooms','hotel'),(24,'тип комнаты','rooms','roomtype'),(25,'комната','rooms','room'),(26,'тип цены','rooms','pricetype'),(27,'сезон','rooms','season'),(28,'цена','rooms','price'),(29,'тип отеля','rooms','hoteltype'),(30,'фотография','rooms','roomphoto'),(31,'панорама','rooms','roompanorama'),(32,'услуга','services','service'),(33,'цена услуги','services','serviceprice'),(34,'пресс релиз','press','pressitem'),(35,'специальное предложение','press','specialoffer'),(36,'фотоотчет','press','photoreport'),(37,'фотография','press','pressphoto'),(38,'новость','press','newsitem'),(39,'фотогаллерея','siteblocks','gallery'),(40,'фотография','siteblocks','galleryimage'),(41,'ресторан','rooms','restaurant'),(42,'фотография ресторана','rooms','restaurantimage'),(43,'отзыв','reviews','review'),(44,'Заказ','rooms','order');
/*!40000 ALTER TABLE `django_content_type` ENABLE KEYS */;
UNLOCK TABLES;

--
-- Table structure for table `django_session`
--

DROP TABLE IF EXISTS `django_session`;
/*!40101 SET @saved_cs_client     = @@character_set_client */;
/*!40101 SET character_set_client = utf8 */;
CREATE TABLE `django_session` (
  `session_key` varchar(40) NOT NULL,
  `session_data` longtext NOT NULL,
  `expire_date` datetime NOT NULL,
  PRIMARY KEY (`session_key`),
  KEY `django_session_3da3d3d8` (`expire_date`)
) ENGINE=MyISAM DEFAULT CHARSET=utf8;
/*!40101 SET character_set_client = @saved_cs_client */;

--
-- Dumping data for table `django_session`
--

LOCK TABLES `django_session` WRITE;
/*!40000 ALTER TABLE `django_session` DISABLE KEYS */;
INSERT INTO `django_session` VALUES ('679c10daab64cb733912b8cfa8759296','N2MzYzdlM2MzOTdlNDY0ODc4NTM0ODk0MDI1M2NlM2EyYzQ4ODFmMjqAAn1xAShVEl9hdXRoX3Vz\nZXJfYmFja2VuZHECVSlkamFuZ28uY29udHJpYi5hdXRoLmJhY2tlbmRzLk1vZGVsQmFja2VuZHED\nVQ1fYXV0aF91c2VyX2lkcQSKAQF1Lg==\n','2013-06-12 13:44:36'),('041a8d6e17d255ccde3c0ffa21873381','N2MzYzdlM2MzOTdlNDY0ODc4NTM0ODk0MDI1M2NlM2EyYzQ4ODFmMjqAAn1xAShVEl9hdXRoX3Vz\nZXJfYmFja2VuZHECVSlkamFuZ28uY29udHJpYi5hdXRoLmJhY2tlbmRzLk1vZGVsQmFja2VuZHED\nVQ1fYXV0aF91c2VyX2lkcQSKAQF1Lg==\n','2013-06-14 13:54:18'),('f91ef38a2be707b230b7e2f8d6fe4e65','N2MzYzdlM2MzOTdlNDY0ODc4NTM0ODk0MDI1M2NlM2EyYzQ4ODFmMjqAAn1xAShVEl9hdXRoX3Vz\nZXJfYmFja2VuZHECVSlkamFuZ28uY29udHJpYi5hdXRoLmJhY2tlbmRzLk1vZGVsQmFja2VuZHED\nVQ1fYXV0aF91c2VyX2lkcQSKAQF1Lg==\n','2013-06-26 19:54:32'),('cda1022627a2c8eaddac43399885f763','N2MzYzdlM2MzOTdlNDY0ODc4NTM0ODk0MDI1M2NlM2EyYzQ4ODFmMjqAAn1xAShVEl9hdXRoX3Vz\nZXJfYmFja2VuZHECVSlkamFuZ28uY29udHJpYi5hdXRoLmJhY2tlbmRzLk1vZGVsQmFja2VuZHED\nVQ1fYXV0aF91c2VyX2lkcQSKAQF1Lg==\n','2013-06-29 01:15:59'),('ff54d5db1df9ab737a1574135bb4b53e','YmUyOTMwYjZmMmMxZGE0NWVjYWE1NTkxM2JhOGQ2ZTc3M2IxZjA2ODqAAn1xAVUKdGVzdGNvb2tp\nZVUGd29ya2VkcQJzLg==\n','2013-07-22 13:41:03'),('efdd9f98eba50e45f4350638079f9ee2','N2MzYzdlM2MzOTdlNDY0ODc4NTM0ODk0MDI1M2NlM2EyYzQ4ODFmMjqAAn1xAShVEl9hdXRoX3Vz\nZXJfYmFja2VuZHECVSlkamFuZ28uY29udHJpYi5hdXRoLmJhY2tlbmRzLk1vZGVsQmFja2VuZHED\nVQ1fYXV0aF91c2VyX2lkcQSKAQF1Lg==\n','2013-07-04 16:39:32'),('72abebd63c7d83ab2e172b8b8f522eac','N2MzYzdlM2MzOTdlNDY0ODc4NTM0ODk0MDI1M2NlM2EyYzQ4ODFmMjqAAn1xAShVEl9hdXRoX3Vz\nZXJfYmFja2VuZHECVSlkamFuZ28uY29udHJpYi5hdXRoLmJhY2tlbmRzLk1vZGVsQmFja2VuZHED\nVQ1fYXV0aF91c2VyX2lkcQSKAQF1Lg==\n','2013-07-04 16:57:44'),('b81ce434923e7f5656ee9ec9ce36384c','N2MzYzdlM2MzOTdlNDY0ODc4NTM0ODk0MDI1M2NlM2EyYzQ4ODFmMjqAAn1xAShVEl9hdXRoX3Vz\nZXJfYmFja2VuZHECVSlkamFuZ28uY29udHJpYi5hdXRoLmJhY2tlbmRzLk1vZGVsQmFja2VuZHED\nVQ1fYXV0aF91c2VyX2lkcQSKAQF1Lg==\n','2013-07-08 18:11:58'),('59a80f2c6d4f3d1c42a9b3c8903b9e92','YWFlYTE0OTFjOTE3ZDk1OTNiNjM2YmIxNjU0MGJmN2E5MTZlMjUwZTqAAn1xAVUKdGVzdGNvb2tp\nZXECVQZ3b3JrZWRxA3Mu\n','2013-08-24 08:17:16'),('c43f597c025d5e9d957cb278ae57d24e','N2MzYzdlM2MzOTdlNDY0ODc4NTM0ODk0MDI1M2NlM2EyYzQ4ODFmMjqAAn1xAShVEl9hdXRoX3Vz\nZXJfYmFja2VuZHECVSlkamFuZ28uY29udHJpYi5hdXRoLmJhY2tlbmRzLk1vZGVsQmFja2VuZHED\nVQ1fYXV0aF91c2VyX2lkcQSKAQF1Lg==\n','2013-07-22 13:48:57'),('fa4675ac62ba6035da646a3072b70a55','N2MzYzdlM2MzOTdlNDY0ODc4NTM0ODk0MDI1M2NlM2EyYzQ4ODFmMjqAAn1xAShVEl9hdXRoX3Vz\nZXJfYmFja2VuZHECVSlkamFuZ28uY29udHJpYi5hdXRoLmJhY2tlbmRzLk1vZGVsQmFja2VuZHED\nVQ1fYXV0aF91c2VyX2lkcQSKAQF1Lg==\n','2013-07-23 12:22:05'),('576423f3ad287eb9f1ce798b65e52db7','NzcwNjIxNWI0YTgzZDlmMTFkODBlZmYwNThlMTg3NDlmNTFhOWEzNDqAAn1xAShVEl9hdXRoX3Vz\nZXJfYmFja2VuZHECVSlkamFuZ28uY29udHJpYi5hdXRoLmJhY2tlbmRzLk1vZGVsQmFja2VuZHED\nVQ1fYXV0aF91c2VyX2lkcQSKAQJ1Lg==\n','2013-08-21 14:07:33'),('12f098d583abf67deaf7a6e9a1bcc283','NzcwNjIxNWI0YTgzZDlmMTFkODBlZmYwNThlMTg3NDlmNTFhOWEzNDqAAn1xAShVEl9hdXRoX3Vz\nZXJfYmFja2VuZHECVSlkamFuZ28uY29udHJpYi5hdXRoLmJhY2tlbmRzLk1vZGVsQmFja2VuZHED\nVQ1fYXV0aF91c2VyX2lkcQSKAQJ1Lg==\n','2013-08-21 13:55:45'),('91037deb712471917ba5c8e473af1e14','N2MzYzdlM2MzOTdlNDY0ODc4NTM0ODk0MDI1M2NlM2EyYzQ4ODFmMjqAAn1xAShVEl9hdXRoX3Vz\nZXJfYmFja2VuZHECVSlkamFuZ28uY29udHJpYi5hdXRoLmJhY2tlbmRzLk1vZGVsQmFja2VuZHED\nVQ1fYXV0aF91c2VyX2lkcQSKAQF1Lg==\n','2013-08-21 15:55:13'),('8ed2dde5b99c24e5b4ed37ad5a6c671e','N2MzYzdlM2MzOTdlNDY0ODc4NTM0ODk0MDI1M2NlM2EyYzQ4ODFmMjqAAn1xAShVEl9hdXRoX3Vz\nZXJfYmFja2VuZHECVSlkamFuZ28uY29udHJpYi5hdXRoLmJhY2tlbmRzLk1vZGVsQmFja2VuZHED\nVQ1fYXV0aF91c2VyX2lkcQSKAQF1Lg==\n','2013-08-23 19:11:32'),('fd68a59300bb8cb152427e2cc65be04f','YmUyOTMwYjZmMmMxZGE0NWVjYWE1NTkxM2JhOGQ2ZTc3M2IxZjA2ODqAAn1xAVUKdGVzdGNvb2tp\nZVUGd29ya2VkcQJzLg==\n','2013-10-10 16:56:17'),('9e52ecb58bb47ec7c76f96319b58ef17','YWFlYTE0OTFjOTE3ZDk1OTNiNjM2YmIxNjU0MGJmN2E5MTZlMjUwZTqAAn1xAVUKdGVzdGNvb2tp\nZXECVQZ3b3JrZWRxA3Mu\n','2013-08-27 16:35:10'),('8db64635e2acadcdd2c003b577595f73','NzcwNjIxNWI0YTgzZDlmMTFkODBlZmYwNThlMTg3NDlmNTFhOWEzNDqAAn1xAShVEl9hdXRoX3Vz\nZXJfYmFja2VuZHECVSlkamFuZ28uY29udHJpYi5hdXRoLmJhY2tlbmRzLk1vZGVsQmFja2VuZHED\nVQ1fYXV0aF91c2VyX2lkcQSKAQJ1Lg==\n','2013-08-27 13:07:42'),('ab496bb3b1a27d57a29626772bbf3483','N2MzYzdlM2MzOTdlNDY0ODc4NTM0ODk0MDI1M2NlM2EyYzQ4ODFmMjqAAn1xAShVEl9hdXRoX3Vz\nZXJfYmFja2VuZHECVSlkamFuZ28uY29udHJpYi5hdXRoLmJhY2tlbmRzLk1vZGVsQmFja2VuZHED\nVQ1fYXV0aF91c2VyX2lkcQSKAQF1Lg==\n','2013-08-26 17:49:06'),('f1276b540926896efa960dfdbe125d51','YWFlYTE0OTFjOTE3ZDk1OTNiNjM2YmIxNjU0MGJmN2E5MTZlMjUwZTqAAn1xAVUKdGVzdGNvb2tp\nZXECVQZ3b3JrZWRxA3Mu\n','2013-08-29 10:11:42'),('ebb767d822cec5e032e03307518b017c','NzcwNjIxNWI0YTgzZDlmMTFkODBlZmYwNThlMTg3NDlmNTFhOWEzNDqAAn1xAShVEl9hdXRoX3Vz\nZXJfYmFja2VuZHECVSlkamFuZ28uY29udHJpYi5hdXRoLmJhY2tlbmRzLk1vZGVsQmFja2VuZHED\nVQ1fYXV0aF91c2VyX2lkcQSKAQJ1Lg==\n','2013-08-27 17:50:26'),('3403feb101369b0a72d3c74607b66bfd','YWFlYTE0OTFjOTE3ZDk1OTNiNjM2YmIxNjU0MGJmN2E5MTZlMjUwZTqAAn1xAVUKdGVzdGNvb2tp\nZXECVQZ3b3JrZWRxA3Mu\n','2013-08-31 13:46:04'),('6a7650f3618c268ce1da55c3df4e5f2a','NzcwNjIxNWI0YTgzZDlmMTFkODBlZmYwNThlMTg3NDlmNTFhOWEzNDqAAn1xAShVEl9hdXRoX3Vz\nZXJfYmFja2VuZHECVSlkamFuZ28uY29udHJpYi5hdXRoLmJhY2tlbmRzLk1vZGVsQmFja2VuZHED\nVQ1fYXV0aF91c2VyX2lkcQSKAQJ1Lg==\n','2013-08-31 02:27:55'),('b2c54cd086ee7f76419c65cec284fffb','YWFlYTE0OTFjOTE3ZDk1OTNiNjM2YmIxNjU0MGJmN2E5MTZlMjUwZTqAAn1xAVUKdGVzdGNvb2tp\nZXECVQZ3b3JrZWRxA3Mu\n','2013-09-03 16:48:13'),('b335144f639b0423fec076352a757ccc','YWFlYTE0OTFjOTE3ZDk1OTNiNjM2YmIxNjU0MGJmN2E5MTZlMjUwZTqAAn1xAVUKdGVzdGNvb2tp\nZXECVQZ3b3JrZWRxA3Mu\n','2013-09-11 02:41:05'),('f3030ec46bbcbdbd2b3f495abd616ec0','NzcwNjIxNWI0YTgzZDlmMTFkODBlZmYwNThlMTg3NDlmNTFhOWEzNDqAAn1xAShVEl9hdXRoX3Vz\nZXJfYmFja2VuZHECVSlkamFuZ28uY29udHJpYi5hdXRoLmJhY2tlbmRzLk1vZGVsQmFja2VuZHED\nVQ1fYXV0aF91c2VyX2lkcQSKAQJ1Lg==\n','2013-09-10 14:31:34'),('dece7b2544d9b5a5e46ad9bad75f96a8','YWFlYTE0OTFjOTE3ZDk1OTNiNjM2YmIxNjU0MGJmN2E5MTZlMjUwZTqAAn1xAVUKdGVzdGNvb2tp\nZXECVQZ3b3JrZWRxA3Mu\n','2013-09-11 16:53:11'),('76cefc879676a2771b3bb72dedc85c56','YWFlYTE0OTFjOTE3ZDk1OTNiNjM2YmIxNjU0MGJmN2E5MTZlMjUwZTqAAn1xAVUKdGVzdGNvb2tp\nZXECVQZ3b3JrZWRxA3Mu\n','2013-09-12 04:28:31'),('e2ac563954bab49af158f821631dc504','N2MzYzdlM2MzOTdlNDY0ODc4NTM0ODk0MDI1M2NlM2EyYzQ4ODFmMjqAAn1xAShVEl9hdXRoX3Vz\nZXJfYmFja2VuZHECVSlkamFuZ28uY29udHJpYi5hdXRoLmJhY2tlbmRzLk1vZGVsQmFja2VuZHED\nVQ1fYXV0aF91c2VyX2lkcQSKAQF1Lg==\n','2013-09-11 17:10:27'),('02a5cefba3d4280e98bdb313f3b2680e','YWFlYTE0OTFjOTE3ZDk1OTNiNjM2YmIxNjU0MGJmN2E5MTZlMjUwZTqAAn1xAVUKdGVzdGNvb2tp\nZXECVQZ3b3JrZWRxA3Mu\n','2013-09-12 08:23:07'),('74d74bde849fe68bfb1f5987d0eb7e52','YWFlYTE0OTFjOTE3ZDk1OTNiNjM2YmIxNjU0MGJmN2E5MTZlMjUwZTqAAn1xAVUKdGVzdGNvb2tp\nZXECVQZ3b3JrZWRxA3Mu\n','2013-09-14 20:10:12'),('46b76a7da9f6d1f76995e058a6c21cb2','YWFlYTE0OTFjOTE3ZDk1OTNiNjM2YmIxNjU0MGJmN2E5MTZlMjUwZTqAAn1xAVUKdGVzdGNvb2tp\nZXECVQZ3b3JrZWRxA3Mu\n','2013-09-16 21:14:29'),('8c685665b984f98ccb7f00677c270e53','YWFlYTE0OTFjOTE3ZDk1OTNiNjM2YmIxNjU0MGJmN2E5MTZlMjUwZTqAAn1xAVUKdGVzdGNvb2tp\nZXECVQZ3b3JrZWRxA3Mu\n','2013-09-17 00:30:39'),('a233c421d1d6784266602c4974e2fa9d','YWFlYTE0OTFjOTE3ZDk1OTNiNjM2YmIxNjU0MGJmN2E5MTZlMjUwZTqAAn1xAVUKdGVzdGNvb2tp\nZXECVQZ3b3JrZWRxA3Mu\n','2013-09-18 14:49:18'),('f329ccab34d4a85166be91dad42fb11c','NzcwNjIxNWI0YTgzZDlmMTFkODBlZmYwNThlMTg3NDlmNTFhOWEzNDqAAn1xAShVEl9hdXRoX3Vz\nZXJfYmFja2VuZHECVSlkamFuZ28uY29udHJpYi5hdXRoLmJhY2tlbmRzLk1vZGVsQmFja2VuZHED\nVQ1fYXV0aF91c2VyX2lkcQSKAQJ1Lg==\n','2013-09-17 13:55:18'),('c5e95d61634d3b953e9f8af6cf3ebc36','YWFlYTE0OTFjOTE3ZDk1OTNiNjM2YmIxNjU0MGJmN2E5MTZlMjUwZTqAAn1xAVUKdGVzdGNvb2tp\nZXECVQZ3b3JrZWRxA3Mu\n','2013-09-21 21:06:38'),('18736a0f68fe88dcb6477be0e4f07ea9','NzcwNjIxNWI0YTgzZDlmMTFkODBlZmYwNThlMTg3NDlmNTFhOWEzNDqAAn1xAShVEl9hdXRoX3Vz\nZXJfYmFja2VuZHECVSlkamFuZ28uY29udHJpYi5hdXRoLmJhY2tlbmRzLk1vZGVsQmFja2VuZHED\nVQ1fYXV0aF91c2VyX2lkcQSKAQJ1Lg==\n','2013-09-18 20:42:26'),('5128616da15b58f1c4e64ff49b493a61','N2MzYzdlM2MzOTdlNDY0ODc4NTM0ODk0MDI1M2NlM2EyYzQ4ODFmMjqAAn1xAShVEl9hdXRoX3Vz\nZXJfYmFja2VuZHECVSlkamFuZ28uY29udHJpYi5hdXRoLmJhY2tlbmRzLk1vZGVsQmFja2VuZHED\nVQ1fYXV0aF91c2VyX2lkcQSKAQF1Lg==\n','2013-09-19 17:15:14'),('3dc0fb4d961494464c4cb2f6401909cb','YWFlYTE0OTFjOTE3ZDk1OTNiNjM2YmIxNjU0MGJmN2E5MTZlMjUwZTqAAn1xAVUKdGVzdGNvb2tp\nZXECVQZ3b3JrZWRxA3Mu\n','2013-09-24 16:16:17'),('a96003e6a94ec437a31f7a50717bad42','YWFlYTE0OTFjOTE3ZDk1OTNiNjM2YmIxNjU0MGJmN2E5MTZlMjUwZTqAAn1xAVUKdGVzdGNvb2tp\nZXECVQZ3b3JrZWRxA3Mu\n','2013-09-27 14:27:42'),('7b37b4c207252236378061d6d8fa0f77','NzcwNjIxNWI0YTgzZDlmMTFkODBlZmYwNThlMTg3NDlmNTFhOWEzNDqAAn1xAShVEl9hdXRoX3Vz\nZXJfYmFja2VuZHECVSlkamFuZ28uY29udHJpYi5hdXRoLmJhY2tlbmRzLk1vZGVsQmFja2VuZHED\nVQ1fYXV0aF91c2VyX2lkcQSKAQJ1Lg==\n','2013-09-26 14:49:42'),('c5f17ac02a47aa5eab6f7f53be6d3c62','YWFlYTE0OTFjOTE3ZDk1OTNiNjM2YmIxNjU0MGJmN2E5MTZlMjUwZTqAAn1xAVUKdGVzdGNvb2tp\nZXECVQZ3b3JrZWRxA3Mu\n','2013-10-08 11:50:40'),('74ef3eb78eace20e7a8c35457a7b332d','YWFlYTE0OTFjOTE3ZDk1OTNiNjM2YmIxNjU0MGJmN2E5MTZlMjUwZTqAAn1xAVUKdGVzdGNvb2tp\nZXECVQZ3b3JrZWRxA3Mu\n','2013-10-03 16:50:40'),('8f3542ed8badb469d46ebd14eb554757','NzcwNjIxNWI0YTgzZDlmMTFkODBlZmYwNThlMTg3NDlmNTFhOWEzNDqAAn1xAShVEl9hdXRoX3Vz\nZXJfYmFja2VuZHECVSlkamFuZ28uY29udHJpYi5hdXRoLmJhY2tlbmRzLk1vZGVsQmFja2VuZHED\nVQ1fYXV0aF91c2VyX2lkcQSKAQJ1Lg==\n','2013-10-04 17:21:57'),('bf6c2145cb0498c7702671cbfd0e706e','N2MzYzdlM2MzOTdlNDY0ODc4NTM0ODk0MDI1M2NlM2EyYzQ4ODFmMjqAAn1xAShVEl9hdXRoX3Vz\nZXJfYmFja2VuZHECVSlkamFuZ28uY29udHJpYi5hdXRoLmJhY2tlbmRzLk1vZGVsQmFja2VuZHED\nVQ1fYXV0aF91c2VyX2lkcQSKAQF1Lg==\n','2013-10-07 14:36:11'),('1e4df0d6790bce061f2f8f159f6bb94e','YWFlYTE0OTFjOTE3ZDk1OTNiNjM2YmIxNjU0MGJmN2E5MTZlMjUwZTqAAn1xAVUKdGVzdGNvb2tp\nZXECVQZ3b3JrZWRxA3Mu\n','2013-10-08 14:02:06'),('167af1349597f509a95a5aa98da42eb0','YmUyOTMwYjZmMmMxZGE0NWVjYWE1NTkxM2JhOGQ2ZTc3M2IxZjA2ODqAAn1xAVUKdGVzdGNvb2tp\nZVUGd29ya2VkcQJzLg==\n','2013-10-09 15:42:16'),('b1887b2c2c34f600c4aa7d958bbb1ce5','NzcwNjIxNWI0YTgzZDlmMTFkODBlZmYwNThlMTg3NDlmNTFhOWEzNDqAAn1xAShVEl9hdXRoX3Vz\nZXJfYmFja2VuZHECVSlkamFuZ28uY29udHJpYi5hdXRoLmJhY2tlbmRzLk1vZGVsQmFja2VuZHED\nVQ1fYXV0aF91c2VyX2lkcQSKAQJ1Lg==\n','2013-10-08 15:20:26'),('62831a1eb8e92132ad406f175453c59c','NzcwNjIxNWI0YTgzZDlmMTFkODBlZmYwNThlMTg3NDlmNTFhOWEzNDqAAn1xAShVEl9hdXRoX3Vz\nZXJfYmFja2VuZHECVSlkamFuZ28uY29udHJpYi5hdXRoLmJhY2tlbmRzLk1vZGVsQmFja2VuZHED\nVQ1fYXV0aF91c2VyX2lkcQSKAQJ1Lg==\n','2013-10-08 18:43:25'),('2ca1d93356b06e40310f09f68c7e820d','NzcwNjIxNWI0YTgzZDlmMTFkODBlZmYwNThlMTg3NDlmNTFhOWEzNDqAAn1xAShVEl9hdXRoX3Vz\nZXJfYmFja2VuZHECVSlkamFuZ28uY29udHJpYi5hdXRoLmJhY2tlbmRzLk1vZGVsQmFja2VuZHED\nVQ1fYXV0aF91c2VyX2lkcQSKAQJ1Lg==\n','2013-10-11 13:54:24');
/*!40000 ALTER TABLE `django_session` ENABLE KEYS */;
UNLOCK TABLES;

--
-- Table structure for table `django_site`
--

DROP TABLE IF EXISTS `django_site`;
/*!40101 SET @saved_cs_client     = @@character_set_client */;
/*!40101 SET character_set_client = utf8 */;
CREATE TABLE `django_site` (
  `id` int(11) NOT NULL AUTO_INCREMENT,
  `domain` varchar(100) NOT NULL,
  `name` varchar(50) NOT NULL,
  PRIMARY KEY (`id`)
) ENGINE=InnoDB DEFAULT CHARSET=utf8;
/*!40101 SET character_set_client = @saved_cs_client */;

--
-- Dumping data for table `django_site`
--

LOCK TABLES `django_site` WRITE;
/*!40000 ALTER TABLE `django_site` DISABLE KEYS */;
/*!40000 ALTER TABLE `django_site` ENABLE KEYS */;
UNLOCK TABLES;

--
-- Table structure for table `newsboard_news`
--

DROP TABLE IF EXISTS `newsboard_news`;
/*!40101 SET @saved_cs_client     = @@character_set_client */;
/*!40101 SET character_set_client = utf8 */;
CREATE TABLE `newsboard_news` (
  `id` int(11) NOT NULL AUTO_INCREMENT,
  `title` varchar(250) NOT NULL,
  `category_id` int(11) DEFAULT NULL,
  `image` varchar(100) NOT NULL,
  `short_text` longtext NOT NULL,
  `text` longtext NOT NULL,
  `is_published` tinyint(1) NOT NULL,
  `date_add` date NOT NULL,
  `date_end` date DEFAULT NULL,
  PRIMARY KEY (`id`),
  KEY `newsboard_news_42dc49bc` (`category_id`)
) ENGINE=MyISAM AUTO_INCREMENT=3 DEFAULT CHARSET=utf8;
/*!40101 SET character_set_client = @saved_cs_client */;

--
-- Dumping data for table `newsboard_news`
--

LOCK TABLES `newsboard_news` WRITE;
/*!40000 ALTER TABLE `newsboard_news` DISABLE KEYS */;
INSERT INTO `newsboard_news` VALUES (1,'Новый год и зимние каникулы',1,'images/news/promo.png','<p>Новый год и зимние каникулы<br></p>','<p>Новый год и зимние каникулы<br></p>',1,'2013-06-04','2013-08-04'),(2,'Вторые сутки за полцены',1,'images/news/promo_3.png','<p>Вторые сутки за полцены<br></p>','<p>Вторые сутки за полцены<br></p>',1,'2013-06-04',NULL);
/*!40000 ALTER TABLE `newsboard_news` ENABLE KEYS */;
UNLOCK TABLES;

--
-- Table structure for table `newsboard_newscategory`
--

DROP TABLE IF EXISTS `newsboard_newscategory`;
/*!40101 SET @saved_cs_client     = @@character_set_client */;
/*!40101 SET character_set_client = utf8 */;
CREATE TABLE `newsboard_newscategory` (
  `id` int(11) NOT NULL AUTO_INCREMENT,
  `title` varchar(50) NOT NULL,
  `order` int(10) unsigned NOT NULL,
  PRIMARY KEY (`id`)
) ENGINE=MyISAM AUTO_INCREMENT=2 DEFAULT CHARSET=utf8;
/*!40101 SET character_set_client = @saved_cs_client */;

--
-- Dumping data for table `newsboard_newscategory`
--

LOCK TABLES `newsboard_newscategory` WRITE;
/*!40000 ALTER TABLE `newsboard_newscategory` DISABLE KEYS */;
INSERT INTO `newsboard_newscategory` VALUES (1,'Специальные предложения',0);
/*!40000 ALTER TABLE `newsboard_newscategory` ENABLE KEYS */;
UNLOCK TABLES;

--
-- Table structure for table `pages_metadata`
--

DROP TABLE IF EXISTS `pages_metadata`;
/*!40101 SET @saved_cs_client     = @@character_set_client */;
/*!40101 SET character_set_client = utf8 */;
CREATE TABLE `pages_metadata` (
  `id` int(11) NOT NULL AUTO_INCREMENT,
  `url` varchar(100) NOT NULL,
  `title` varchar(100) NOT NULL,
  `description` varchar(100) NOT NULL,
  `keywords` varchar(100) NOT NULL,
  PRIMARY KEY (`id`)
) ENGINE=MyISAM AUTO_INCREMENT=3 DEFAULT CHARSET=utf8;
/*!40101 SET character_set_client = @saved_cs_client */;

--
-- Dumping data for table `pages_metadata`
--

LOCK TABLES `pages_metadata` WRITE;
/*!40000 ALTER TABLE `pages_metadata` DISABLE KEYS */;
INSERT INTO `pages_metadata` VALUES (2,'/','Загородный отдых','','');
/*!40000 ALTER TABLE `pages_metadata` ENABLE KEYS */;
UNLOCK TABLES;

--
-- Table structure for table `pages_page`
--

DROP TABLE IF EXISTS `pages_page`;
/*!40101 SET @saved_cs_client     = @@character_set_client */;
/*!40101 SET character_set_client = utf8 */;
CREATE TABLE `pages_page` (
  `id` int(11) NOT NULL AUTO_INCREMENT,
  `date_add` datetime NOT NULL,
  `title` varchar(120) NOT NULL,
  `url` varchar(200) NOT NULL,
  `parent_id` int(11) DEFAULT NULL,
  `content` longtext NOT NULL,
  `order` int(11) NOT NULL,
  `is_published` tinyint(1) NOT NULL,
  `is_at_menu` tinyint(1) NOT NULL,
  `is_at_footer_menu` tinyint(1) NOT NULL,
  `template` varchar(100) NOT NULL,
  `lft` int(10) unsigned NOT NULL,
  `rght` int(10) unsigned NOT NULL,
  `tree_id` int(10) unsigned NOT NULL,
  `level` int(10) unsigned NOT NULL,
  PRIMARY KEY (`id`),
  UNIQUE KEY `url` (`url`),
  KEY `pages_page_63f17a16` (`parent_id`),
  KEY `pages_page_42b06ff6` (`lft`),
  KEY `pages_page_6eabc1a6` (`rght`),
  KEY `pages_page_102f80d8` (`tree_id`),
  KEY `pages_page_2a8f42e8` (`level`)
) ENGINE=MyISAM AUTO_INCREMENT=10 DEFAULT CHARSET=utf8;
/*!40101 SET character_set_client = @saved_cs_client */;

--
-- Dumping data for table `pages_page`
--

LOCK TABLES `pages_page` WRITE;
/*!40000 ALTER TABLE `pages_page` DISABLE KEYS */;
INSERT INTO `pages_page` VALUES (1,'2013-06-06 17:21:30','История курорта','/info/history/',NULL,'<p>\r\n</p><p>Самостоятельная церковная община Уусикиркко впервые упоминается в1445&nbsp;г. Первая католическая церковь в Уусикиркко, построенная шведами на холме у озера Кирккоярви (фин.&nbsp;Kirkkojärvi,&nbsp;Полянское). Церковь была уничтожена пожаром в&nbsp;1495&nbsp;г. во время походаИвана III. Два церковных колокола были взяты в качестве трофея. Подвергалось селение и разорению во время&nbsp;войны со Щвецией. В&nbsp;1652&nbsp;г. была построена новая лютеранская церковь, которая также была сожжена русскими войсками во время похода&nbsp;1707г. В&nbsp;1800&nbsp;г. была построена новая церковь на 1600 мест по проекту&nbsp;Матти Салонена, освящена 21 июля1807&nbsp;в честь&nbsp;Святого Йоханнеса.</p>\r\n\r\n<p>В&nbsp;1903году здание церкви капитально отремонтировали по чертежам архитектора&nbsp;Ивара Аминова. Внутри церкви была установлена статуя&nbsp;Мартина Лютера, работы знаменитого скульптора, барона&nbsp;Клодта, имение которого размещалось в деревне&nbsp;Халола. В церкви было отопление, электрическое освещение, 15-ти регистровый (впоследствии 28) орган.</p>\r\n\r\n<p>В селе также была православная церковь&nbsp;Преображения Господня, основанная русскими дачниками в&nbsp;1912&nbsp;г. Она также была уничтожена в 1939&nbsp;г.</p>\r\n\r\n<p>В Уусикиркко на даче вместе с мужем, музыкантом и художником&nbsp;Михаилом Матюшиным, жила поэтесса&nbsp;Елена Гуро. В Полянах состоялся Первый всероссийский съезд&nbsp;футуристов, где участвовали&nbsp;Алексей Кручёных,&nbsp;Казимир Малевич.</p>\r\n\r\n<p>К&nbsp;1939&nbsp;г. в селе была больница, две аптеки, начальная и средняя школы, библиотека, полицейский участок, различные мастерские, фотоателье, пекарня, кафе и несколько магазинов. Всего было более 150 домов.</p>\r\n\r\n<p>4 декабря1939 года отступающий взвод связи терийокского 1-го егерского батальона получил приказ об уничтожении церкви во избежании осквернения святилища безбожниками.</p>\r\n\r\n<p>В&nbsp;1941 году&nbsp;здесь был создан совхоз «Поляны» (возрождён в июле 1944&nbsp;г.), занимающийся молочным и мясным животноводством. Сейчас это&nbsp;— сельскохозяйственный производственный кооператив (СПК) «Поляны», включающий в себя 13 населённых пунктов, в том числе посёлки&nbsp;Горьковское&nbsp;и&nbsp;Приветнинское.</p><p></p><p>В СССР все лучшее было принято отдавать детям, поэтому в советские годы это место было выбрано для строительства детского оздоровительного лагеря. С этого момента можно и вести официальный отсчет истории \"Аврора-клуб\".</p><p>На протяжении многих лет складывались традиции отдыха в \"Авроровце\". В советское время такими традициями стали:</p><ul><li>Общелагерные и отрядные игры: \"Охота за сокровищами\", \"Тайный друг\", \"Первые ласточки\".</li><li>Школа следопытов: палатки, шифры и лесные знаки, ориентирование, стрельбы из пневматических пистолетов и винтовок, узлы, медицина, костры.</li><li>\"Театральный подъезд\" и \"Фестиваль талантов\".</li><li>Дискотеки.</li></ul><p>Эти мероприятия проводились каждый год. Они объединяли всех отдыхающих в Авроровце. Участвовали все - и взрослые и дети. Нам удалось найти воспоминания тех, кто отдыхал а \"Авроровце\" в те годы.</p><p>Воспоминания о лагере Голубевой Татьяны Николаевны:</p><p>\"Авроровец\" - это самый лучший лагерь на Земле. Я его в своё время не променяла б даже на \"Артек\". Я родилась в Выборге в 1967 году и с 1978 года каждый год на 2 и 3 смену приезжала в родной лагерь. Путёвки маме доставались с трудом - на наш завод выделялось 5-10 путёвок. Всё было здорово и необычно: не дружина, а флотилия; не отряды, а экипажи; не спальни, а кубрики, ещё нам выдавали гюйсовки! В Выборге мне мало кто верил, что такое бывает! (пионеры тех лет меня поймут). Многое хочется рассказать и про кружки, и про мероприятия, и про самоволки (за конфетами в Семиозерье), и про катания на плавучих островках, и про первую любовь: помню только имя - Саша (в основном ребята были ленинградские) и Лёша. Межлагерную олимпиаду-80 и родительские дни, а про вожатские отряды и говорить нечего. Большое спасибо за счастливое детство! Уникальные вожатые, имена к сожалению стёрлись в памяти, но осталась песня.</p><p>После распада СССР лагерь еще некоторое время существовал в привычном \"советском\" виде. А после 1999 года, когда все в стране начало явно меняться в лучшую сторону, пришла очередь меняться и \"Авроровцу\".</p><p>Базу отдыха основательно перестроили, обновили и отремонтировали. Старые лагерные корпуса превратились в комфортабельные гостиницы, в элегантные таун-хаусы.</p><p>Но кое-что осталось от тех самых традиций отдыха. Конечно, эти традиции сильно \"осовременились\", но дух их сохранился.</p><p>Так, вместо десткой игры \"Зарница\" теперь мы проводим настоящий военный сценарий - с пейнтбольным оружием и аквалангами. Но в этой игре по прежнему могут участвовать все желающие - как и давние советские времена.</p><p>Ну, и конечно, мы умеем веселиться. Каждые выходные - вечеринки, праздники, веселье. Мы находим любой повод, чтобы его отметить. И делаем это с душой =)</p><p>Многие люди, отдыхавшие еще в \"Авроровце\" приезжают к нам отдохнуть и сегодня. Говорят, что это по прежнему лучшее место для отдыха в Ленинградской области. Приезжайте и вы!</p><p><br></p><p></p>\r\n<br>\r\n<p></p>\r\n',10,1,0,0,'default.html',1,2,1,0),(2,'2013-06-15 01:58:21','Площадки','/for_corporate_clients/places/',NULL,'<p>площадки</p>',10,1,0,0,'default.html',1,2,2,0),(3,'2013-06-15 01:58:45','Тематические корпоративы','/for_corporate_clients/teambulding/',NULL,'<p><p>Amat victoria curam.</p><p>Это латынь. \"Победа любит заботу\".</p><p>Кстати, успех бизнеса, фирмы - это тоже победа. Которая ничуть не меньше любит заботу.</p><p>Второе, о чем нужно вспомнить - бизнес делают люди, а не машины и деньги. Без людей бизнеса нет.</p><p>Тут и появляется важная штука - тимбилдинг. Важная для любой фирмы.</p><p>Тимбилдинг :</p><ul><li>вы получите коллектив, способный к любым неожиданностям</li><li>отличный командный отдых на свежем воздухе</li><li>тренинги, полезные для людей, работающих в самых разных областях бизнеса.</li><li>и просто веселая поездка для всей команды</li></ul><br></p>\r\n',10,1,0,0,'default.html',1,2,3,0),(4,'2013-06-15 01:59:15','Конференц залы','/for_corporate_clients/conference_rooms/',NULL,'<p></p><p><img src=\"/media/uploads/images/51e121750c6738330a1040026677fda1.JPG\" style=\"\"></p><p>Конференц центр состоит из 4 залов</p><p>«Конференц-залы»: голубой и желтый.Техническое оснащение залов было осуществлено с учетом самых последних требований и стандартов, предъявляемых к конференц-услугам, оборудованы современным презентационным оборудованием для проведения различных мероприятий – конференций, совещаний, семинаров, презентаций, тренингов и переговоров и др. Каждый зал расчитан на 250 человек.<br><br>«Vip-зал».&nbsp;Компактный и уединенный предназначен для деловых переговоров, небольших семинаров и выездных совещаний. (до 18 человек)<br><br>«Диско зал».&nbsp;Универсальный зал для массовых мероприятий от шоу программ до фуршетов и банкетов, от выставок и презентаций до торжественных награждений и концертов. (до 250 человек)</p><h2>VIP-зал</h2><p>50 кв.м, на 18 человек<br></p><p></p><p><img src=\"/media/uploads/images/6c542ca690f575c871724e5ab5a076cd.JPG\" style=\"\"></p><h2>Голубой зал</h2><p>450 кв.м на 250 человек<br></p><p><p><img src=\"/media/uploads/images/03021eb21fee91bb6acfa6fcb23ed1b2.JPG\" style=\"\"></p><p><img src=\"/media/uploads/images/e7d6174e5690ee9f7982ffced43de8a6.JPG\" style=\"\"></p><h2>Желтый зал</h2><p>450 кв.м на 250 человек</p><p><p><img src=\"/media/uploads/images/a2bfe4e84a76298f7b288579776e844e.JPG\"></p><p><img src=\"/media/uploads/images/dd130f19af4556a80f44e1ce91ac8f22.JPG\"></p><br></p><br></p><p><br></p><br><p></p><p></p>\r\n',10,1,0,0,'default.html',1,2,4,0),(5,'2013-06-19 17:39:22','Питание','/prices/restaurants/',NULL,'<p>Питание</p>',10,1,0,0,'default.html',1,2,5,0),(6,'2013-06-19 17:39:44','Дополнительные услуги','/prices/additional_services/',NULL,'<p>Дополнительные услуги «Зима»<br>\r\n</p>\r\n\r\n<table width=\"600 px\">\r\n<tbody>\r\n	<tr>\r\n		<td>\r\n<p><b>Наименование услуги</b></p>\r\n</td>\r\n\r\n		<td>\r\n<p><b>ед.изм.,</b></p>\r\n\r\n<p><b>время</b></p>\r\n</td>\r\n\r\n		<td>\r\n<p><b>Цена / рублей</b></p>\r\n</td>\r\n	</tr>\r\n\r\n	<tr>\r\n		<td>\r\n<p>Уголь древесный</p>\r\n</td>\r\n\r\n		<td>\r\n<p>1,5 кг</p>\r\n</td>\r\n\r\n		<td>\r\n<p><b>150</b></p>\r\n</td>\r\n	</tr>\r\n\r\n	<tr>\r\n		<td>\r\n<p>Дрова</p>\r\n</td>\r\n\r\n		<td>\r\n<p>1 вязанка</p>\r\n</td>\r\n\r\n		<td>\r\n<p><b>100</b></p>\r\n</td>\r\n	</tr>\r\n\r\n	<tr>\r\n		<td>\r\n<p>Розжиг</p>\r\n</td>\r\n\r\n		<td>\r\n<p>1 бутылка</p>\r\n</td>\r\n\r\n		<td>\r\n<p><b>100</b></p>\r\n</td>\r\n	</tr>\r\n\r\n	<tr>\r\n		<td>\r\n<p>Тренажорный зал</p>\r\n</td>\r\n\r\n		<td>\r\n<p>1 час</p>\r\n</td>\r\n\r\n		<td>\r\n<p><b>150</b></p>\r\n</td>\r\n	</tr>\r\n\r\n	<tr>\r\n		<td>\r\n<p>Лыжи</p>\r\n</td>\r\n\r\n		<td>\r\n<p>1 час</p>\r\n</td>\r\n\r\n		<td>\r\n<p><b>200</b></p>\r\n</td>\r\n	</tr>\r\n\r\n	<tr>\r\n		<td>\r\n<p>Коньки</p>\r\n</td>\r\n\r\n		<td>\r\n<p>1 час</p>\r\n</td>\r\n\r\n		<td>\r\n<p><b>200</b></p>\r\n</td>\r\n	</tr>\r\n\r\n	<tr>\r\n		<td>\r\n<p>Санки</p>\r\n</td>\r\n\r\n		<td>\r\n<p>1 час</p>\r\n</td>\r\n\r\n		<td>\r\n<p><b>200</b></p>\r\n</td>\r\n	</tr>\r\n\r\n	<tr>\r\n		<td>\r\n<p>Ватрушки</p>\r\n</td>\r\n\r\n		<td>\r\n<p>1 час</p>\r\n</td>\r\n\r\n		<td>\r\n<p><b>200</b></p>\r\n</td>\r\n	</tr>\r\n\r\n	<tr>\r\n		<td>\r\n<p>Настольный теннис (Таунхаус \"Лагуна\")</p>\r\n</td>\r\n\r\n		<td>\r\n<p>1 час</p>\r\n</td>\r\n\r\n		<td>\r\n<p><b>200</b></p>\r\n</td>\r\n	</tr>\r\n\r\n	<tr>\r\n		<td>\r\n<p>Дартс</p>\r\n</td>\r\n\r\n		<td>\r\n<p>1 час</p>\r\n</td>\r\n\r\n		<td>\r\n<p><b>100</b></p>\r\n</td>\r\n	</tr>\r\n\r\n	<tr>\r\n		<td>\r\n<p>Русский бильярд (Таунхаус \"Бриз\")</p>\r\n</td>\r\n\r\n		<td>\r\n<p>1 час</p>\r\n</td>\r\n\r\n		<td>\r\n<p><b>300</b></p>\r\n</td>\r\n	</tr>\r\n\r\n	<tr>\r\n		<td>\r\n<p>Прокат мяча</p>\r\n</td>\r\n\r\n		<td>\r\n<p>1 час</p>\r\n</td>\r\n\r\n		<td>\r\n<p><b>50</b></p>\r\n</td>\r\n	</tr>\r\n\r\n	<tr>\r\n		<td>\r\n<p>Прокат удочки</p>\r\n</td>\r\n\r\n		<td>\r\n<p>сутки</p>\r\n</td>\r\n\r\n		<td>\r\n<p><b>200</b></p>\r\n</td>\r\n	</tr>\r\n\r\n	<tr>\r\n		<td>\r\n<p>Прокат спининга</p>\r\n</td>\r\n\r\n		<td>\r\n<p>сутки</p>\r\n</td>\r\n\r\n		<td>\r\n<p><b>500</b></p>\r\n</td>\r\n	</tr>\r\n\r\n	<tr>\r\n		<td>\r\n<p>Телевизор</p>\r\n</td>\r\n\r\n		<td>\r\n<p>сутки</p>\r\n</td>\r\n\r\n		<td>\r\n<p><b>500</b></p>\r\n</td>\r\n	</tr>\r\n\r\n	<tr>\r\n		<td>\r\n<p>Аренда DVD</p>\r\n</td>\r\n\r\n		<td>\r\n<p>сутки</p>\r\n</td>\r\n\r\n		<td>\r\n<p><b>200</b></p>\r\n</td>\r\n	</tr>\r\n\r\n	<tr>\r\n		<td>\r\n<p>Аренда DVD караоке</p>\r\n</td>\r\n\r\n		<td>\r\n<p>сутки</p>\r\n</td>\r\n\r\n		<td>\r\n<p><b>500</b></p>\r\n</td>\r\n	</tr>\r\n\r\n	<tr>\r\n		<td>\r\n<p>Веник: березовый, эвкалиптовый</p>\r\n</td>\r\n\r\n		<td>\r\n<p>1 шт.</p>\r\n</td>\r\n\r\n		<td>\r\n<p><b>300</b></p>\r\n</td>\r\n	</tr>\r\n\r\n	<tr>\r\n		<td>\r\n<p>Масло эфирное натуральное:&nbsp;</p>\r\n\r\n<p>сосна, пихта, эвкалипт</p>\r\n</td>\r\n\r\n		<td>\r\n<p>1 шт.</p>\r\n</td>\r\n\r\n		<td>\r\n<p><b>100</b></p>\r\n</td>\r\n	</tr>\r\n</tbody>\r\n</table>\r\n<br>\r\n<br>\r\n Дополнительные услуги «Лето»<br>\r\n &nbsp; \r\n<table width=\"600 px\">\r\n<tbody>\r\n	<tr>\r\n		<td>\r\n<p><b>Наименование услуги</b></p>\r\n</td>\r\n\r\n		<td>\r\n<p><b>ед.изм.,</b></p>\r\n\r\n<p><b>время</b></p>\r\n</td>\r\n\r\n		<td>\r\n<p><b>Цена / рублей</b></p>\r\n</td>\r\n	</tr>\r\n\r\n	<tr>\r\n		<td>\r\n<p>Уголь древесный</p>\r\n</td>\r\n\r\n		<td>\r\n<p>1,5 кг</p>\r\n</td>\r\n\r\n		<td>\r\n<p><b>150</b></p>\r\n</td>\r\n	</tr>\r\n\r\n	<tr>\r\n		<td>\r\n<p>Дрова</p>\r\n</td>\r\n\r\n		<td>\r\n<p>1 вязанка</p>\r\n</td>\r\n\r\n		<td>\r\n<p><b>100</b></p>\r\n</td>\r\n	</tr>\r\n\r\n	<tr>\r\n		<td>\r\n<p>Розжиг</p>\r\n</td>\r\n\r\n		<td>\r\n<p>1 бутылка</p>\r\n</td>\r\n\r\n		<td>\r\n<p><b>100</b></p>\r\n</td>\r\n	</tr>\r\n\r\n	<tr>\r\n		<td>\r\n<p>Тренажорный зал</p>\r\n</td>\r\n\r\n		<td>\r\n<p>1 час</p>\r\n</td>\r\n\r\n		<td>\r\n<p><b>150</b></p>\r\n</td>\r\n	</tr>\r\n\r\n	<tr>\r\n		<td>\r\n<p>Лодка</p>\r\n</td>\r\n\r\n		<td>\r\n<p>1 час</p>\r\n</td>\r\n\r\n		<td>\r\n<p><b>250</b></p>\r\n</td>\r\n	</tr>\r\n\r\n	<tr>\r\n		<td>\r\n<p>Лодка на ночь</p>\r\n</td>\r\n\r\n		<td>\r\n<p>21:00-09:00</p>\r\n</td>\r\n\r\n		<td>\r\n<p><b>800</b></p>\r\n</td>\r\n	</tr>\r\n\r\n	<tr>\r\n		<td>\r\n<p>Лодка на полсуток</p>\r\n</td>\r\n\r\n		<td>\r\n<p>12 часов</p>\r\n</td>\r\n\r\n		<td>\r\n<p><b>2000</b></p>\r\n</td>\r\n	</tr>\r\n\r\n	<tr>\r\n		<td>\r\n<p>Лодка на сутки</p>\r\n</td>\r\n\r\n		<td>\r\n<p>24 часа</p>\r\n</td>\r\n\r\n		<td>\r\n<p><b>2500</b></p>\r\n</td>\r\n	</tr>\r\n\r\n	<tr>\r\n		<td>\r\n<p>2-х местный катамаран</p>\r\n</td>\r\n\r\n		<td>\r\n<p>1 час</p>\r\n</td>\r\n\r\n		<td>\r\n<p><b>250</b></p>\r\n</td>\r\n	</tr>\r\n\r\n	<tr>\r\n		<td>\r\n<p>4-х местный катамаран</p>\r\n</td>\r\n\r\n		<td>\r\n<p>1 час</p>\r\n</td>\r\n\r\n		<td>\r\n<p><b>250</b></p>\r\n</td>\r\n	</tr>\r\n\r\n	<tr>\r\n		<td>\r\n<p>Настольный теннис (Таунхаус \"Лагуна\")</p>\r\n</td>\r\n\r\n		<td>\r\n<p>1 час</p>\r\n</td>\r\n\r\n		<td>\r\n<p><b>150</b></p>\r\n</td>\r\n	</tr>\r\n\r\n	<tr>\r\n		<td>\r\n<p>Дартс</p>\r\n</td>\r\n\r\n		<td>\r\n<p>1 час</p>\r\n</td>\r\n\r\n		<td>\r\n<p><b>100</b></p>\r\n</td>\r\n	</tr>\r\n\r\n	<tr>\r\n		<td>\r\n<p>Русский бильярд (Таунхаус \"Бриз\")</p>\r\n</td>\r\n\r\n		<td>\r\n<p>1 час</p>\r\n</td>\r\n\r\n		<td>\r\n<p><b>250</b></p>\r\n</td>\r\n	</tr>\r\n\r\n	<tr>\r\n		<td>\r\n<p>Велосипед</p>\r\n</td>\r\n\r\n		<td>\r\n<p>1 час</p>\r\n</td>\r\n\r\n		<td>\r\n<p><b>150</b></p>\r\n</td>\r\n	</tr>\r\n\r\n	<tr>\r\n		<td>\r\n<p>Бадминтон</p>\r\n</td>\r\n\r\n		<td>\r\n<p>1 час</p>\r\n</td>\r\n\r\n		<td>\r\n<p><b>50</b></p>\r\n</td>\r\n	</tr>\r\n\r\n	<tr>\r\n		<td>\r\n<p>Прокат мяча</p>\r\n</td>\r\n\r\n		<td>\r\n<p>1 час</p>\r\n</td>\r\n\r\n		<td>\r\n<p><b>50</b></p>\r\n</td>\r\n	</tr>\r\n\r\n	<tr>\r\n		<td>\r\n<p>Прокат удочки</p>\r\n</td>\r\n\r\n		<td>\r\n<p>1 час</p>\r\n</td>\r\n\r\n		<td>\r\n<p><b>200</b></p>\r\n</td>\r\n	</tr>\r\n\r\n	<tr>\r\n		<td>\r\n<p>Прокат спининга</p>\r\n</td>\r\n\r\n		<td>\r\n<p>1 час</p>\r\n</td>\r\n\r\n		<td>\r\n<p><b>100</b></p>\r\n</td>\r\n	</tr>\r\n\r\n	<tr>\r\n		<td>\r\n<p>Прокат удочки или спининга на сутки</p>\r\n</td>\r\n\r\n		<td>\r\n<p>1 сутки</p>\r\n</td>\r\n\r\n		<td>\r\n<p><b>500</b></p>\r\n</td>\r\n	</tr>\r\n\r\n	<tr>\r\n		<td>\r\n<p>Телевизор</p>\r\n</td>\r\n\r\n		<td>\r\n<p>1 сутки</p>\r\n</td>\r\n\r\n		<td>\r\n<p><b>500</b></p>\r\n</td>\r\n	</tr>\r\n\r\n	<tr>\r\n		<td>\r\n<p>Аренда DVD</p>\r\n</td>\r\n\r\n		<td>\r\n<p>1 сутки</p>\r\n</td>\r\n\r\n		<td>\r\n<p><b>200</b></p>\r\n</td>\r\n	</tr>\r\n\r\n	<tr>\r\n		<td>\r\n<p>Аренда DVD караоке</p>\r\n</td>\r\n\r\n		<td>\r\n<p>1 сутки</p>\r\n</td>\r\n\r\n		<td>\r\n<p><b>500</b></p>\r\n</td>\r\n	</tr>\r\n\r\n	<tr>\r\n		<td>\r\n<p>Веник: березовый, эвкалиптовый</p>\r\n</td>\r\n\r\n		<td>\r\n<p>1 шт.</p>\r\n</td>\r\n\r\n		<td>\r\n<p><b>300</b></p>\r\n</td>\r\n	</tr>\r\n\r\n	<tr>\r\n		<td>\r\n<p>Масло эфирное натуральное:&nbsp;</p>\r\n\r\n<p>сосна, пихта, эвкалипт</p>\r\n</td>\r\n\r\n		<td>\r\n<p>1 шт.</p>\r\n</td>\r\n\r\n		<td>\r\n<p><b>100</b></p>\r\n</td>\r\n	</tr>\r\n\r\n	<tr>\r\n		<td>\r\n<p>Банные тапочки</p>\r\n</td>\r\n\r\n		<td>\r\n<p>1 пара</p>\r\n</td>\r\n\r\n		<td>\r\n<p><b>50</b></p>\r\n</td>\r\n	</tr>\r\n</tbody>\r\n</table>\r\n<br>\r\n',10,1,0,0,'default.html',1,2,6,0),(7,'2013-06-24 18:20:03','Вакансии','/info/jobs/',NULL,'<p>Вакансии<br></p>',10,1,0,0,'default.html',1,2,7,0),(8,'2013-07-05 15:54:05','Спасибо за ваш заказ!','/thanks_order/',NULL,'<p>Спасибо за ваш заказ!<br></p>',10,1,0,0,'default.html',1,2,8,0),(9,'2013-08-09 15:31:08','Для турагентств','/for_travel_agencies/',NULL,'<p>Приглашаем к сотрудничеству туристические компании</p>\r\n\r\n<p>Для заключения агентского договора необходимо скачать бланк договора, заполнить его со своей стороны, подписать и направить в наш офис по адресу: 194295, Санкт-Петербург, пр. Просвещения, д.33, к.2, помещение 58Н.</p>\r\n\r\n<p><a href=\"/media/uploads/files/933624e6e5d124a2b9925a777127a611.doc\">Бланк агентского договора</a><br>\r\n</p>\r\n\r\n<p><br></p><p>Заявки на бронирование принимаются в письменном виде по факсу:</p>\r\n\r\n<p>(812) 595-02-90</p>\r\n\r\n<p>или на электронный адрес:</p>\r\n\r\n<p>alena@auroraclub.ru</p><p><br></p>\r\n\r\n<p>Информация о наличии номеров по телефонам:</p>\r\n\r\n<p>(812) 595-02-90 - офис в Санкт-Петербурге <i>(по рабочим дням с 10.00 до 19.00)</i></p>\r\n\r\n<p>(911) 271-67-50 - администратор курорта <i>(круглосуточно)</i></p>\r\n\r\n<p>Если Вы хотите получать регулярные электронные рассылки с новостями курорта, анонсами мероприятий и акций, направьте письмо с запросом SUBSCRIBE на адрес news@auroraclub.ru</p>\r\n<br>\r\n',10,1,0,0,'default.html',1,2,9,0);
/*!40000 ALTER TABLE `pages_page` ENABLE KEYS */;
UNLOCK TABLES;

--
-- Table structure for table `pages_pagedoc`
--

DROP TABLE IF EXISTS `pages_pagedoc`;
/*!40101 SET @saved_cs_client     = @@character_set_client */;
/*!40101 SET character_set_client = utf8 */;
CREATE TABLE `pages_pagedoc` (
  `id` int(11) NOT NULL AUTO_INCREMENT,
  `title` varchar(250) NOT NULL,
  `size` int(11) NOT NULL,
  `order` int(10) unsigned NOT NULL,
  `file` varchar(100) NOT NULL,
  `page_id` int(11) NOT NULL,
  PRIMARY KEY (`id`),
  KEY `pages_pagedoc_32d04bc7` (`page_id`)
) ENGINE=MyISAM DEFAULT CHARSET=utf8;
/*!40101 SET character_set_client = @saved_cs_client */;

--
-- Dumping data for table `pages_pagedoc`
--

LOCK TABLES `pages_pagedoc` WRITE;
/*!40000 ALTER TABLE `pages_pagedoc` DISABLE KEYS */;
/*!40000 ALTER TABLE `pages_pagedoc` ENABLE KEYS */;
UNLOCK TABLES;

--
-- Table structure for table `pages_pagepic`
--

DROP TABLE IF EXISTS `pages_pagepic`;
/*!40101 SET @saved_cs_client     = @@character_set_client */;
/*!40101 SET character_set_client = utf8 */;
CREATE TABLE `pages_pagepic` (
  `id` int(11) NOT NULL AUTO_INCREMENT,
  `title` varchar(250) NOT NULL,
  `size` int(11) NOT NULL,
  `order` int(10) unsigned NOT NULL,
  `file` varchar(100) NOT NULL,
  `page_id` int(11) NOT NULL,
  PRIMARY KEY (`id`),
  KEY `pages_pagepic_32d04bc7` (`page_id`)
) ENGINE=MyISAM DEFAULT CHARSET=utf8;
/*!40101 SET character_set_client = @saved_cs_client */;

--
-- Dumping data for table `pages_pagepic`
--

LOCK TABLES `pages_pagepic` WRITE;
/*!40000 ALTER TABLE `pages_pagepic` DISABLE KEYS */;
/*!40000 ALTER TABLE `pages_pagepic` ENABLE KEYS */;
UNLOCK TABLES;

--
-- Table structure for table `press_newsitem`
--

DROP TABLE IF EXISTS `press_newsitem`;
/*!40101 SET @saved_cs_client     = @@character_set_client */;
/*!40101 SET character_set_client = utf8 */;
CREATE TABLE `press_newsitem` (
  `pressitem_ptr_id` int(11) NOT NULL,
  PRIMARY KEY (`pressitem_ptr_id`),
  CONSTRAINT `pressitem_ptr_id_refs_id_483b44933917f6a4` FOREIGN KEY (`pressitem_ptr_id`) REFERENCES `press_pressitem` (`id`)
) ENGINE=InnoDB DEFAULT CHARSET=utf8;
/*!40101 SET character_set_client = @saved_cs_client */;

--
-- Dumping data for table `press_newsitem`
--

LOCK TABLES `press_newsitem` WRITE;
/*!40000 ALTER TABLE `press_newsitem` DISABLE KEYS */;
/*!40000 ALTER TABLE `press_newsitem` ENABLE KEYS */;
UNLOCK TABLES;

--
-- Table structure for table `press_photoreport`
--

DROP TABLE IF EXISTS `press_photoreport`;
/*!40101 SET @saved_cs_client     = @@character_set_client */;
/*!40101 SET character_set_client = utf8 */;
CREATE TABLE `press_photoreport` (
  `pressitem_ptr_id` int(11) NOT NULL,
  PRIMARY KEY (`pressitem_ptr_id`),
  CONSTRAINT `pressitem_ptr_id_refs_id_2e23f6ae8be79af1` FOREIGN KEY (`pressitem_ptr_id`) REFERENCES `press_pressitem` (`id`)
) ENGINE=InnoDB DEFAULT CHARSET=utf8;
/*!40101 SET character_set_client = @saved_cs_client */;

--
-- Dumping data for table `press_photoreport`
--

LOCK TABLES `press_photoreport` WRITE;
/*!40000 ALTER TABLE `press_photoreport` DISABLE KEYS */;
/*!40000 ALTER TABLE `press_photoreport` ENABLE KEYS */;
UNLOCK TABLES;

--
-- Table structure for table `press_pressitem`
--

DROP TABLE IF EXISTS `press_pressitem`;
/*!40101 SET @saved_cs_client     = @@character_set_client */;
/*!40101 SET character_set_client = utf8 */;
CREATE TABLE `press_pressitem` (
  `id` int(11) NOT NULL AUTO_INCREMENT,
  `title` varchar(150) NOT NULL,
  `short_text` longtext NOT NULL,
  `text` longtext NOT NULL,
  `date_add` date NOT NULL,
  `is_published` tinyint(1) NOT NULL,
  `press_type` varchar(150) NOT NULL,
  `press_type_slug` varchar(150) NOT NULL,
  PRIMARY KEY (`id`)
) ENGINE=InnoDB AUTO_INCREMENT=18 DEFAULT CHARSET=utf8;
/*!40101 SET character_set_client = @saved_cs_client */;

--
-- Dumping data for table `press_pressitem`
--

LOCK TABLES `press_pressitem` WRITE;
/*!40000 ALTER TABLE `press_pressitem` DISABLE KEYS */;
INSERT INTO `press_pressitem` VALUES (14,'Именинникам скидка 25%','Подарок всем именинникам. Скидка 25% для празднования дня рождения','<p>Предлагаем Вам отличный способ отпраздновать свой день рождения с компанией на загородном курорте.</p>\r\n\r\n<p>Уютные коттеджи с камином и сауной, беседки для шашлыков, ресторан, бар, большой выбор развлечений - Ваш день рождения будет незабываемым.</p>\r\n<h2>Мы предлагаем Вам скидку на проживание 25%*</h2>\r\n\r\n<p><strong>* Условия предоставления скидки:</strong></p>\r\n\r\n<ul>\r\n	<li>Скидка предоставляется частным лицам;</li>\r\n	<li>Дата заезда должна быть НЕ РАНЕЕ или НЕ ПОЗДНЕЕ 1 недели от даты рождения заказчика;</li>\r\n	<li>Скидка предоставляется при предъявлении паспорта (для ребенка свидетельства о рождении);</li>\r\n	<li>Скидка предоставляется не более, чем на 1 таунхаус или номер на срок не более 1-х суток;</li>\r\n	<li>В расчете используется прейскурант на проживание в будние и выходные дни (без использования специальных цен);</li>\r\n	<li>Скидка предоставляется единовременно на один заезд;</li>\r\n	<li>Сроки проведения АКЦИИ: с 08.01 по 31.12.2013, кроме праздничных дней и специальных акций;</li>\r\n	<li>Скидки не суммируются;</li>\r\n	<li>Комиссия турфирмам не предоставляется</li>\r\n</ul>\r\n\r\n\r\n<p>Справки и бронирование по телефонам:</p>\r\n\r\n<p>(812) 595-02-90; 8 (911) 271-67-50</p>\r\n\r\n<p>Электронная почта для бронирования:</p>\r\n\r\n<p>alena@auroraclub.ru</p>\r\n','2013-08-09',1,'специальное предложение','special_offer');
/*!40000 ALTER TABLE `press_pressitem` ENABLE KEYS */;
UNLOCK TABLES;

--
-- Table structure for table `press_pressphoto`
--

DROP TABLE IF EXISTS `press_pressphoto`;
/*!40101 SET @saved_cs_client     = @@character_set_client */;
/*!40101 SET character_set_client = utf8 */;
CREATE TABLE `press_pressphoto` (
  `id` int(11) NOT NULL AUTO_INCREMENT,
  `photo_report_id` int(11) NOT NULL,
  `title` varchar(150) NOT NULL,
  `image` varchar(100) NOT NULL,
  PRIMARY KEY (`id`),
  KEY `press_pressphoto_55f0450d` (`photo_report_id`),
  CONSTRAINT `photo_report_id_refs_pressitem_ptr_id_630902dbde5c19b3` FOREIGN KEY (`photo_report_id`) REFERENCES `press_photoreport` (`pressitem_ptr_id`)
) ENGINE=InnoDB AUTO_INCREMENT=7 DEFAULT CHARSET=utf8;
/*!40101 SET character_set_client = @saved_cs_client */;

--
-- Dumping data for table `press_pressphoto`
--

LOCK TABLES `press_pressphoto` WRITE;
/*!40000 ALTER TABLE `press_pressphoto` DISABLE KEYS */;
/*!40000 ALTER TABLE `press_pressphoto` ENABLE KEYS */;
UNLOCK TABLES;

--
-- Table structure for table `press_specialoffer`
--

DROP TABLE IF EXISTS `press_specialoffer`;
/*!40101 SET @saved_cs_client     = @@character_set_client */;
/*!40101 SET character_set_client = utf8 */;
CREATE TABLE `press_specialoffer` (
  `pressitem_ptr_id` int(11) NOT NULL,
  `image` varchar(100) NOT NULL,
  `date_from` date DEFAULT NULL,
  `date_to` date DEFAULT NULL,
  `show_in_slider` tinyint(1) NOT NULL,
  PRIMARY KEY (`pressitem_ptr_id`),
  CONSTRAINT `pressitem_ptr_id_refs_id_47ba9968173af055` FOREIGN KEY (`pressitem_ptr_id`) REFERENCES `press_pressitem` (`id`)
) ENGINE=InnoDB DEFAULT CHARSET=utf8;
/*!40101 SET character_set_client = @saved_cs_client */;

--
-- Dumping data for table `press_specialoffer`
--

LOCK TABLES `press_specialoffer` WRITE;
/*!40000 ALTER TABLE `press_specialoffer` DISABLE KEYS */;
INSERT INTO `press_specialoffer` VALUES (14,'images/press/specialoffer/promo_12.png',NULL,NULL,1);
/*!40000 ALTER TABLE `press_specialoffer` ENABLE KEYS */;
UNLOCK TABLES;

--
-- Table structure for table `reviews_review`
--

DROP TABLE IF EXISTS `reviews_review`;
/*!40101 SET @saved_cs_client     = @@character_set_client */;
/*!40101 SET character_set_client = utf8 */;
CREATE TABLE `reviews_review` (
  `id` int(11) NOT NULL AUTO_INCREMENT,
  `initials` varchar(150) NOT NULL,
  `review` longtext NOT NULL,
  `created_at` datetime NOT NULL,
  `phone` varchar(150) NOT NULL,
  `is_published` tinyint(1) NOT NULL,
  PRIMARY KEY (`id`)
) ENGINE=MyISAM AUTO_INCREMENT=17 DEFAULT CHARSET=utf8;
/*!40101 SET character_set_client = @saved_cs_client */;

--
-- Dumping data for table `reviews_review`
--

LOCK TABLES `reviews_review` WRITE;
/*!40000 ALTER TABLE `reviews_review` DISABLE KEYS */;
INSERT INTO `reviews_review` VALUES (1,'Маргарита Крутова','Отдыхали семьей 2-3 декабря у Вас в \"Лагуне\". Очень понравилось,чудное место,большая и чистая территория, уютные номера, европейский сервис, продумано все до мелочей...., теперь нет смысла ездить в Финляндию... Спасибо Всему КОЛЛЕКТИВУ \"Авроры\"!!!\r\nС наступающим Вас новым годом !!!','2011-12-04 15:49:43','456456',0),(2,'Алина Понетайкина','Отдыхали в Авроре уже два раза: месяц прошлым летом и месяц этим летом. Уезжать не хотелось, так хорошо было!.. Природа красивейшая, персонал очень отзывчивый и доброжелательный, комфортный таунхауз с большой верандой. Дети на веранде и в дождь были весь день на улице) Аниматоры молодцы. \r\nДети с них не слезали!)) Спасибо отдельное Инне, Алексею и Маше - моим детям они очень полюбились) Регулярно пользовались сауной при Мысе. Она вместительная, чистая с большой электропечкой. Пар отличный) \r\nНа территории есть беседки и места для развода костров, расположенные вдоль берега озера. Там можно замечательно посидеть и вдвоем, и с друзьями, и полюбоваться природой)\r\nНам все очень понравилось! Мы себя там чувствуем как дома))','2011-08-17 14:03:59','123',1),(3,'Мария Деревнина','Огромное СПАСИБО Алене и всему персоналу \"АВРОРА КЛУБ\" !!! Отмечали свадьбу с 30.06. по 2.07. Остались довольны и мы (молодожены) и гости! Место волшебное! Отдых изумительный!!! Персонал золотой!!! Ресторан на +1000!!! Отдельное спасибо администраторам и упр. рестораном Денису!!!','2011-07-16 14:03:59','123',1),(4,'Татьяна Любченко','Отдыхали в эти выходные в Лагуне. Очень понравилось место, природа чем-то напоминает альпийский курорт :) А летом у вас, наверное, вообще красота... В таунхаусе все очень симпатично, получила большое удовольствие после нашей сверхмалогабаритной квартиры, детям было, где поиграть.\r\nК сожалению, в силу ряда наших причин не смогли воспользоваться всеми бонусами по акции. Катались на ватрушках - трасса хорошая, в меру крутая и при этом совершенно безопасная. Катались на лошадях, некоторые впервые. Спасибо Ольге!\r\nИз минусов - не расчищен каток, маленькая парковка (при наличии свободных корпусов поздним вечером мест там уже не было).\r\nОчень благодарны всему персоналу, будем рекомендовать Аврору друзьям!','2011-02-07 14:03:59','132',1),(10,'Ольга Дядькина','Приезжаем в это замечательное место вот уже 7 лет подряд , летом и зимой, семьёй и корпоративом! Наблюдаем с какой любовью и темпами развивается база отдыха, когда-то максимальная вместимость была всего 40 чел!А сейчас приезжаем в составе 80 человек(можно и больше) и чувствуем себя словно одна маленькая семья, ведь такая редкость сейчас, когда администрация и персонал работают в команде, с желанием предоставить максимальный комфорт и удобства( а когда это ещё и группа в числе 80 чел!!!), сервис достойный и ненавязчивый, чувствуешь себя очень свободно и комфортно, словно ты один в пятизвёздном отеле...Всегда прислушиваются  к нашим просьбам и пожеланиям, что в вопросах питания, что в организационных моментах.Уютно и тепло всегда, персонал заботливый и понимающий, совсем не равнодушный, везде порядок, вот и приезжаем уже семь лет, ведь сложно угодить каждому, когда это большая корпоративная группа, а здесь довольны все! Спасибо вам за наш отдых, за конференции в ваших залах(полностью, оборудованных всем необходимым), за отношение и понимание наших потребностей и желаний!!! Руководитель группы консультантов и гостей от Компании \"Мэри Кэй\"','2013-08-13 13:59:44','9219440842',1),(14,'Алексей','что-то сайт то не очень!нужной информации не найти( сколько стоит прокат квадроцикла?','2013-08-20 13:54:20','9522242057',0),(15,'Лена','ЗАМЕЧАТЕЛЬНОЕ МЕСТО!!! Понравилось все! Особенно беседки на берегу озера. И по лесу погулять можно. Номера супер! С едой небольшие проблемы. После 22.00 поесть не получилось. Но это не испортило отдых. В следующий  раз возьмем номер с кухней и на несколько дней) Это пока что самое лучшее место, где отдыхали. Масса положительных эмоций... И утро... И вид на озеро... СПАСИБО ВАМ!!!!!!!!!','2013-08-28 17:05:06','9211814102',1),(16,'Оксана','Отдыхали на Рождество 2013 года в Нептуне в составе 7 человек. Очень понравилось и место, и таунхаус, и персонал! Жаль, что анимация  не очень активная. И на лошадках не удалось покататься. Но в целом- великолепно! Хотелось бы приехать на празднование Нового года 2014. Где можно узнать цены/программу?','2013-09-09 14:36:52','9213041776',1);
/*!40000 ALTER TABLE `reviews_review` ENABLE KEYS */;
UNLOCK TABLES;

--
-- Table structure for table `rooms_hotel`
--

DROP TABLE IF EXISTS `rooms_hotel`;
/*!40101 SET @saved_cs_client     = @@character_set_client */;
/*!40101 SET character_set_client = utf8 */;
CREATE TABLE `rooms_hotel` (
  `id` int(11) NOT NULL AUTO_INCREMENT,
  `title` varchar(150) NOT NULL,
  `hotel_type_id` int(11) NOT NULL,
  `room_config_id` int(11) NOT NULL,
  `short_description` longtext NOT NULL,
  `description` longtext NOT NULL,
  `image` varchar(100) NOT NULL,
  `slug` varchar(50) NOT NULL,
  `image_summer` varchar(100) NOT NULL,
  PRIMARY KEY (`id`),
  KEY `rooms_hotel_42423783` (`room_config_id`),
  KEY `rooms_hotel_a951d5d6` (`slug`)
) ENGINE=MyISAM AUTO_INCREMENT=9 DEFAULT CHARSET=utf8;
/*!40101 SET character_set_client = @saved_cs_client */;

--
-- Dumping data for table `rooms_hotel`
--

LOCK TABLES `rooms_hotel` WRITE;
/*!40000 ALTER TABLE `rooms_hotel` DISABLE KEYS */;
INSERT INTO `rooms_hotel` VALUES (1,'Одиссей',1,1,'Новая гостиница категории «Люкс» на берегу большого озера с номерами повышенной комфортности.','Гостиница Одиссей','images/hotel/hotel-2.png','odyssey','images/hotel/1/1.png'),(2,'Риф',1,2,'Гостиница Риф','Гостиница Риф\r\n','images/hotel/hotel-3.png','rif','images/hotel/2/2.png'),(3,'Шелл',1,2,'Гостиница Шелл','<div>Гостиница Шелл<br></div>','images/hotel/hotel_2.png','shell','images/hotel/3/3.png'),(4,'Мыс',2,3,'Таунхаус Мыс','Таунхаус Мыс','images/hotel/townhouse.png','mis',''),(5,'Лагуна ',2,3,'Таунхаус Лагуна','Таунхаус Лагуна','images/hotel/5/townhouse.png','laguna',''),(6,'Бриз',2,3,'Таунхаус Бриз','Таунхаус Бриз','images/hotel/6/townhouse.png','briz','images/hotel/6/5.png'),(7,'Посейдон',3,4,'Таунхаус Посейдон','Таунхаус Посейдон','images/hotel/townhouse2.png','poseydon',''),(8,'Нептун',3,4,'Таунхаус Нептун','Таунхаус Нептун\r\n','images/hotel/8/townhouse2.png','neptun','images/hotel/8/4.png');
/*!40000 ALTER TABLE `rooms_hotel` ENABLE KEYS */;
UNLOCK TABLES;

--
-- Table structure for table `rooms_hoteltype`
--

DROP TABLE IF EXISTS `rooms_hoteltype`;
/*!40101 SET @saved_cs_client     = @@character_set_client */;
/*!40101 SET character_set_client = utf8 */;
CREATE TABLE `rooms_hoteltype` (
  `id` int(11) NOT NULL AUTO_INCREMENT,
  `title` varchar(150) NOT NULL,
  `label` varchar(150) NOT NULL,
  `slug` varchar(50) NOT NULL,
  PRIMARY KEY (`id`),
  KEY `rooms_hoteltype_a951d5d6` (`slug`)
) ENGINE=MyISAM AUTO_INCREMENT=4 DEFAULT CHARSET=utf8;
/*!40101 SET character_set_client = @saved_cs_client */;

--
-- Dumping data for table `rooms_hoteltype`
--

LOCK TABLES `rooms_hoteltype` WRITE;
/*!40000 ALTER TABLE `rooms_hoteltype` DISABLE KEYS */;
INSERT INTO `rooms_hoteltype` VALUES (1,'Гостиница','','hotel'),(2,'Таунхаус','на 4 человек +2 доп. места','townhouse_4'),(3,'Таунхаус','на 6 человек +2 доп. места','townhouse_6');
/*!40000 ALTER TABLE `rooms_hoteltype` ENABLE KEYS */;
UNLOCK TABLES;

--
-- Table structure for table `rooms_order`
--

DROP TABLE IF EXISTS `rooms_order`;
/*!40101 SET @saved_cs_client     = @@character_set_client */;
/*!40101 SET character_set_client = utf8 */;
CREATE TABLE `rooms_order` (
  `id` int(11) NOT NULL AUTO_INCREMENT,
  `name` varchar(150) NOT NULL,
  `phone` varchar(150) NOT NULL,
  `season_id` int(11) NOT NULL,
  `room_config_id` int(11) NOT NULL,
  `desired_date` varchar(150) NOT NULL,
  `created_at` datetime NOT NULL,
  PRIMARY KEY (`id`),
  KEY `rooms_order_23579bcd` (`season_id`),
  KEY `rooms_order_42423783` (`room_config_id`)
) ENGINE=MyISAM AUTO_INCREMENT=63 DEFAULT CHARSET=utf8;
/*!40101 SET character_set_client = @saved_cs_client */;

--
-- Dumping data for table `rooms_order`
--

LOCK TABLES `rooms_order` WRITE;
/*!40000 ALTER TABLE `rooms_order` DISABLE KEYS */;
INSERT INTO `rooms_order` VALUES (6,'Наталья','9602658281',2,1,'25 августа','2013-08-12 17:59:08'),(5,'Юлия Тимонина','9119195414',1,1,'23-25 авг','2013-08-12 17:59:08'),(7,'Марина','921-746-21-41',1,1,'30 августа - 1 сентября. путевка выходного дня. гостиница Риф или Шелл двухместный номер','2013-08-13 13:59:44'),(8,'михаил','921 443-67-44',1,1,'15 августа, 1 сутки','2013-08-13 13:59:44'),(9,'Екатерина','9213389526',1,1,'17.08','2013-08-13 13:59:44'),(10,'Алёна','9533446521',1,1,'19 августа','2013-08-13 13:59:44'),(11,'екатерина','9111774409',1,1,'19.08.13','2013-08-13 13:59:44'),(12,'екатерина','9111774409',1,1,'19.08.13','2013-08-13 13:59:44'),(13,'Евгений','9111467500',2,4,'24 августа 2013 г.','2013-08-13 13:59:44'),(14,'Наталья','89818171357',2,4,'29-30 или 28-29 августа. Д/р','2013-08-13 13:59:44'),(15,'Максим Владимирович','911 912 34 86',2,2,'23-24 августа','2013-08-13 13:59:44'),(22,'Константин','9219663146',2,1,'1 сентября','2013-08-19 19:33:10'),(23,'Андрей','9217516039',1,1,'С 23.08-25.08( в ближайшие выходные) ','2013-08-20 13:54:20'),(24,'Виктория','9217931619',2,1,'30 августа','2013-08-20 13:54:20'),(25,'Сергей Борисович','921-747-24-20',2,1,'с 1 сентября по 6 сентября.  Одиссей Studio','2013-08-20 13:54:20'),(26,'Александр','921575 68 90',1,1,'24 августа 2013','2013-08-20 13:54:20'),(27,'Вера ','9215973723',2,1,'09.09.13-10.09.13','2013-08-20 13:54:20'),(28,'Ксения','9111675419',2,1,'7 сентября','2013-08-20 13:54:20'),(29,'Александр','9215786426',2,1,'1 сентября по 6 сентября','2013-08-20 13:54:20'),(30,'Людмила','911-982-45-95',2,1,'1 сентября, гостиница \"Одиссей\", номер \"Luxe\"','2013-08-20 13:54:20'),(31,'Оксана','8-921-447-5315',2,1,'27.09.13 - 29.09.13 стоимость коттеджа Нептун или Посейдон, или на период с 28.09.-29.09','2013-08-20 13:54:20'),(33,'Андрей','9533702744',2,1,'Суббота','2013-08-28 17:05:06'),(34,'алла','9119279247',2,1,'31 августа 2013','2013-08-28 17:05:06'),(35,'Дарья','9816810311',2,3,'с 6 по 7 сентября','2013-08-28 17:05:06'),(36,'александр','9219445754',2,1,'06 сентября 2013','2013-08-28 17:05:06'),(37,'Кречетова Инга ','+79116468710',2,2,'13 сентября на выходные','2013-08-28 17:05:06'),(38,'Яна','9817259291',2,1,'06.09.13','2013-08-28 17:05:06'),(39,'Екатерина','9500315660',2,1,'С 8 по 13 сентября','2013-08-28 17:05:06'),(40,'александр','9312911795',2,1,'18 сентября','2013-09-05 18:02:41'),(41,'Мамыкина Людмила Евгеньевна','911-982-45-95',2,2,'20 сентября, 18 час., \"Риф\", номер 17 или 18','2013-09-05 18:02:41'),(42,'Кирилл Александров','9213470114',2,1,'утро 22.09.2013, выезд утром 22.09.2013','2013-09-09 14:03:42'),(43,'Наталья','9150933615',2,1,'15 сентября','2013-09-09 14:36:52'),(44,'Наталья','9150933615',2,1,'15-20 сентября','2013-09-09 14:36:52'),(45,'Надежда','9213444400',2,3,'13.09.2013','2013-09-09 14:36:52'),(46,'Юлия ','9213388344',2,2,'17 или 18 сентября ','2013-09-09 14:36:52'),(47,'Антон','921 336 66 97',2,4,'11-13 апреля 2013 года.','2013-09-09 14:36:52'),(48,'Анна','9046429136',2,1,'14 сентября','2013-09-09 14:36:52'),(49,'Наталья','9219165070',2,4,'21 сентября ','2013-09-09 14:36:52'),(50,'Татьяна','(921)941-76-10',2,4,'20.09.2013 (на выходные)','2013-09-09 14:36:52'),(51,'Марина','9818792820',2,1,'24 сентября','2013-09-09 14:36:52'),(52,'Анна ','9213701199',2,1,'12.10','2013-09-09 14:36:52'),(53,'тест','2223322',2,2,'22.22.22','2013-09-09 14:36:52'),(54,'Быстрова Юлия ','9218892880',2,1,'20 сентября ','2013-09-09 14:36:52'),(55,'Анна','9213701199',2,1,'12 октября','2013-09-09 14:36:52'),(56,'Ирина ','911 0830362',2,4,'3 октября ','2013-09-09 14:36:52'),(57,'Александр','9213116676',2,2,'20 или 21 сентября на выходные','2013-09-09 14:36:52'),(58,'Ксения','9216770805',2,1,'20.09.2013','2013-09-09 14:36:52'),(59,'Лада','9216356592',2,3,'28.09','2013-09-25 15:38:21'),(60,'тест','2223322',5,2,'234556','2013-09-25 15:38:21'),(61,'тест','222332',2,4,'тест','2013-09-25 15:38:21'),(62,'тест','1112211',2,4,'тест август','2013-09-25 15:38:21');
/*!40000 ALTER TABLE `rooms_order` ENABLE KEYS */;
UNLOCK TABLES;

--
-- Table structure for table `rooms_price`
--

DROP TABLE IF EXISTS `rooms_price`;
/*!40101 SET @saved_cs_client     = @@character_set_client */;
/*!40101 SET character_set_client = utf8 */;
CREATE TABLE `rooms_price` (
  `id` int(11) NOT NULL AUTO_INCREMENT,
  `room_type_id` int(11) NOT NULL,
  `price_type_id` int(11) NOT NULL,
  `season_id` int(11) NOT NULL,
  `price` decimal(10,2),
  PRIMARY KEY (`id`),
  KEY `rooms_price_4e1f844b` (`room_type_id`),
  KEY `rooms_price_39d67f40` (`price_type_id`),
  KEY `rooms_price_23579bcd` (`season_id`)
) ENGINE=MyISAM AUTO_INCREMENT=163 DEFAULT CHARSET=utf8;
/*!40101 SET character_set_client = @saved_cs_client */;

--
-- Dumping data for table `rooms_price`
--

LOCK TABLES `rooms_price` WRITE;
/*!40000 ALTER TABLE `rooms_price` DISABLE KEYS */;
INSERT INTO `rooms_price` VALUES (2,1,1,1,'2400.00'),(3,1,2,1,'4000.00'),(4,1,3,1,'7600.00'),(5,1,4,1,'10800.00'),(6,2,1,1,'3400.00'),(7,2,2,1,'6400.00'),(8,2,3,1,'11000.00'),(9,2,4,1,'15300.00'),(10,3,1,1,'3000.00'),(11,3,2,1,'5200.00'),(12,3,3,1,'9800.00'),(13,3,4,1,'13500.00'),(14,4,1,1,'5000.00'),(15,4,2,1,'10000.00'),(16,4,3,1,'18000.00'),(17,4,4,1,'22500.00'),(18,5,1,1,'1600.00'),(19,5,2,1,'2800.00'),(20,5,3,1,'5000.00'),(21,5,4,1,'7200.00'),(22,6,1,1,'2200.00'),(23,6,2,1,'3800.00'),(24,6,3,1,'7200.00'),(25,6,4,1,'9900.00'),(26,7,1,1,'2800.00'),(27,7,2,1,'5000.00'),(28,7,3,1,'9500.00'),(29,7,4,1,'12600.00'),(30,8,1,1,'4500.00'),(31,8,2,1,'8500.00'),(32,8,3,1,'15400.00'),(33,8,4,1,'20000.00'),(34,9,1,1,'5000.00'),(35,9,2,1,'9500.00'),(36,9,3,1,'17000.00'),(37,9,4,1,'22000.00'),(38,10,1,1,'8000.00'),(39,10,2,1,'16000.00'),(40,10,3,1,'28000.00'),(41,10,4,1,'36000.00'),(43,1,2,2,'3800.00'),(44,1,1,2,'2200.00'),(45,1,3,2,'6800.00'),(46,1,4,2,'10000.00'),(47,2,1,2,'3200.00'),(48,2,2,2,'6000.00'),(49,2,3,2,'11000.00'),(50,2,4,2,'14400.00'),(51,3,1,2,'2800.00'),(52,3,2,2,'5000.00'),(53,3,3,2,'9000.00'),(54,3,4,2,'12600.00'),(55,4,1,2,'5000.00'),(56,4,2,2,'10000.00'),(57,4,3,2,'18000.00'),(58,4,4,2,'22500.00'),(59,5,1,2,'1500.00'),(60,5,2,2,'2600.00'),(61,5,3,2,'4700.00'),(62,5,4,2,'6500.00'),(63,6,1,2,'2000.00'),(64,6,2,2,'3600.00'),(65,6,3,2,'6500.00'),(66,6,4,2,'9000.00'),(67,7,1,2,'2700.00'),(68,7,2,2,'4800.00'),(69,7,3,2,'8600.00'),(70,7,4,2,'12000.00'),(71,8,1,2,'4000.00'),(72,8,2,2,'8000.00'),(73,8,3,2,'14500.00'),(74,8,4,2,'18000.00'),(75,9,1,2,'4500.00'),(76,9,2,2,'9000.00'),(77,9,3,2,'16000.00'),(78,9,4,2,'20000.00'),(79,10,1,2,'8000.00'),(80,10,2,2,'15000.00'),(81,10,3,2,'27000.00'),(82,10,4,2,'36000.00'),(122,10,8,5,'14000.00'),(121,9,8,5,'6500.00'),(120,8,8,5,'6000.00'),(119,7,8,5,'3900.00'),(118,6,8,5,'2900.00'),(117,5,8,5,'1950.00'),(116,4,8,5,'9000.00'),(115,3,8,5,'5000.00'),(114,2,8,5,'6000.00'),(113,1,8,5,'4000.00'),(112,10,7,5,'8000.00'),(111,9,7,5,'5000.00'),(110,8,7,5,'4500.00'),(109,7,7,5,'2300.00'),(108,6,7,5,'1800.00'),(107,5,7,5,'1200.00'),(106,4,7,5,'5000.00'),(105,3,7,5,'3000.00'),(104,2,7,5,'4000.00'),(103,1,7,5,'2500.00'),(123,1,9,5,'3750.00'),(124,2,9,5,'6000.00'),(125,3,9,5,'4500.00'),(126,4,9,5,'7500.00'),(127,5,9,5,'1800.00'),(128,6,9,5,'2700.00'),(129,7,9,5,'3450.00'),(130,8,9,5,'6750.00'),(131,9,9,5,'7500.00'),(132,10,9,5,'12000.00'),(133,1,10,5,'6000.00'),(134,2,10,5,'9000.00'),(135,3,10,5,'7500.00'),(136,4,10,5,'13500.00'),(137,5,10,5,'2900.00'),(138,6,10,5,'4350.00'),(139,7,10,5,'5850.00'),(140,8,10,5,'9000.00'),(141,9,10,5,'9750.00'),(142,10,10,5,'21000.00'),(143,1,11,5,'4900.00'),(144,2,11,5,'7500.00'),(145,3,11,5,'6000.00'),(146,4,11,5,'10500.00'),(147,5,11,5,'2350.00'),(148,6,11,5,'3500.00'),(149,7,11,5,'4650.00'),(150,8,11,5,'7900.00'),(151,9,11,5,'8600.00'),(152,10,11,5,'16500.00'),(153,1,12,5,'7000.00'),(154,2,12,5,'10000.00'),(155,3,12,5,'9000.00'),(156,4,12,5,'15000.00'),(157,5,12,5,'4500.00'),(158,6,12,5,'6500.00'),(159,7,12,5,'8500.00'),(160,8,12,5,'15000.00'),(161,9,12,5,'16000.00'),(162,10,12,5,'25000.00');
/*!40000 ALTER TABLE `rooms_price` ENABLE KEYS */;
UNLOCK TABLES;

--
-- Table structure for table `rooms_pricetype`
--

DROP TABLE IF EXISTS `rooms_pricetype`;
/*!40101 SET @saved_cs_client     = @@character_set_client */;
/*!40101 SET character_set_client = utf8 */;
CREATE TABLE `rooms_pricetype` (
  `id` int(11) NOT NULL AUTO_INCREMENT,
  `title` varchar(150) NOT NULL,
  `description` varchar(150) NOT NULL,
  PRIMARY KEY (`id`)
) ENGINE=MyISAM AUTO_INCREMENT=13 DEFAULT CHARSET=utf8;
/*!40101 SET character_set_client = @saved_cs_client */;

--
-- Dumping data for table `rooms_pricetype`
--

LOCK TABLES `rooms_pricetype` WRITE;
/*!40000 ALTER TABLE `rooms_pricetype` DISABLE KEYS */;
INSERT INTO `rooms_pricetype` VALUES (1,'Будние дни','сутки'),(2,'Выходные дни','сутки'),(3,'Путевка выходного дня','3 дня / 2 ночи, пятница-воскресенье'),(4,'Путевка буднего дня','6 дней / 5 ночей воскресенье-пятница'),(7,'Будние дни','воскресенье-пятница, руб/номер/сутки'),(8,'Выходные дни','пятница-воскресенье, руб./номер/сутки'),(9,'Будние дни','3 дня/2 ночи, руб./номер'),(10,'Выходные дни','3 дня/2 ночи, руб./номер'),(11,'Чт.-Сб. и Сб.-Пн.','3 дня/2 ночи, руб./номер'),(12,'Пакет буднего дня','воскресенье-пятница, 6 дней/5 ночей, руб./номер');
/*!40000 ALTER TABLE `rooms_pricetype` ENABLE KEYS */;
UNLOCK TABLES;

--
-- Table structure for table `rooms_restaurant`
--

DROP TABLE IF EXISTS `rooms_restaurant`;
/*!40101 SET @saved_cs_client     = @@character_set_client */;
/*!40101 SET character_set_client = utf8 */;
CREATE TABLE `rooms_restaurant` (
  `id` int(11) NOT NULL AUTO_INCREMENT,
  `restaurant_type` varchar(150) NOT NULL,
  `title` varchar(150) NOT NULL,
  `description` longtext NOT NULL,
  PRIMARY KEY (`id`)
) ENGINE=InnoDB AUTO_INCREMENT=4 DEFAULT CHARSET=utf8;
/*!40101 SET character_set_client = @saved_cs_client */;

--
-- Dumping data for table `rooms_restaurant`
--

LOCK TABLES `rooms_restaurant` WRITE;
/*!40000 ALTER TABLE `rooms_restaurant` DISABLE KEYS */;
INSERT INTO `rooms_restaurant` VALUES (1,'bar','Капитан Немо','Описание кафе\r\n'),(2,'restaurant','Наутилус','Описание');
/*!40000 ALTER TABLE `rooms_restaurant` ENABLE KEYS */;
UNLOCK TABLES;

--
-- Table structure for table `rooms_restaurantimage`
--

DROP TABLE IF EXISTS `rooms_restaurantimage`;
/*!40101 SET @saved_cs_client     = @@character_set_client */;
/*!40101 SET character_set_client = utf8 */;
CREATE TABLE `rooms_restaurantimage` (
  `id` int(11) NOT NULL AUTO_INCREMENT,
  `image` varchar(100) NOT NULL,
  `restaurant_id` int(11) NOT NULL,
  PRIMARY KEY (`id`),
  KEY `rooms_restaurantimage_ccda2b2f` (`restaurant_id`),
  CONSTRAINT `restaurant_id_refs_id_2f8c6a321296559f` FOREIGN KEY (`restaurant_id`) REFERENCES `rooms_restaurant` (`id`)
) ENGINE=InnoDB AUTO_INCREMENT=31 DEFAULT CHARSET=utf8;
/*!40101 SET character_set_client = @saved_cs_client */;

--
-- Dumping data for table `rooms_restaurantimage`
--

LOCK TABLES `rooms_restaurantimage` WRITE;
/*!40000 ALTER TABLE `rooms_restaurantimage` DISABLE KEYS */;
INSERT INTO `rooms_restaurantimage` VALUES (17,'images/restaurantimage/053_1.JPG',1),(18,'images/restaurantimage/094_1.JPG',1),(19,'images/restaurantimage/103_1.JPG',1),(20,'images/restaurantimage/DSC_0001_1.JPG',1),(21,'images/restaurantimage/DSC_0005_1.JPG',1),(22,'images/restaurantimage/DSC_0011_1.JPG',1),(23,'images/restaurantimage/118.JPG',2),(24,'images/restaurantimage/120.JPG',2),(25,'images/restaurantimage/214.JPG',2),(27,'images/restaurantimage/20110603-IMG_8769.jpg',2),(28,'images/restaurantimage/preview-1.jpg',2),(29,'images/restaurantimage/preview-2.jpg',2);
/*!40000 ALTER TABLE `rooms_restaurantimage` ENABLE KEYS */;
UNLOCK TABLES;

--
-- Table structure for table `rooms_room`
--

DROP TABLE IF EXISTS `rooms_room`;
/*!40101 SET @saved_cs_client     = @@character_set_client */;
/*!40101 SET character_set_client = utf8 */;
CREATE TABLE `rooms_room` (
  `id` int(11) NOT NULL AUTO_INCREMENT,
  `title` varchar(150) NOT NULL,
  `description` longtext NOT NULL,
  `hotel_id` int(11) NOT NULL,
  `preview` varchar(100) NOT NULL,
  PRIMARY KEY (`id`),
  KEY `rooms_room_27a8d263` (`hotel_id`)
) ENGINE=MyISAM AUTO_INCREMENT=16 DEFAULT CHARSET=utf8;
/*!40101 SET character_set_client = @saved_cs_client */;

--
-- Dumping data for table `rooms_room`
--

LOCK TABLES `rooms_room` WRITE;
/*!40000 ALTER TABLE `rooms_room` DISABLE KEYS */;
INSERT INTO `rooms_room` VALUES (1,'Studio','<h4>Стандартное размещение&nbsp;</h4><p><b>2 гостя&nbsp;</b></p><h4>Дополнительное размещение&nbsp;</h4><p><b>2 гостя&nbsp;</b></p><h4>Количество комнат</h4><p><b>Одна кухня-гостиная</b></p><h4>В номере</h4><ul><li><b>двуспальная кровать&nbsp;</b></li><li><b><b>диван-кровать</b></b></li><li><b><b><b>кухня</b></b></b></li><li><b><b><b><b>телевизор</b></b></b></b></li><li><b><b><b><b>санузел</b></b></b></b></li><li><b><b><b>душ</b></b></b></li><li><b><b><b>теплый пол</b></b></b></li><li><b><b><b>шкаф купе</b></b></b></li><li><b><b><b>балкон</b></b></b></li></ul><div><span style=\"font-size: 11px; line-height: 14px;\"><b>Все номера с видом на озеро «Подковка»</b></span></div><p> </p>\r\n',1,'images/room/studio.jpg'),(2,'Luxe','<h4>Стандартное размещение&nbsp;</h4>\r\n\r\n\r\n\r\n\r\n<p><b>2 гостя&nbsp;</b></p>\r\n<h4>Количество комнат<br></h4>\r\n\r\n\r\n\r\n\r\n<p><b>Одна комната</b></p>\r\n<h4>В номере</h4>\r\n\r\n\r\n\r\n\r\n<ul>\r\n<li><b>двуспальная кровать&nbsp;</b></li>\r\n<li><b><b><b><b>телевизор</b></b></b></b></li>\r\n<li><b><b><b><b>санузел</b></b></b></b></li>\r\n<li><b><b><b>душ</b></b></b></li>\r\n<li><b><b><b>теплый пол</b></b></b></li>\r\n<li><b><b><b>шкаф-купе</b></b></b></li>\r\n<li><b><b><b>два кресла</b></b></b></li><li><b><b><b>холодильник</b></b></b></li><li><b><b><b>эл. чайник</b></b></b></li>\r\n</ul><div><span style=\"font-size: 11px; line-height: 14px;\"><b>Все номера с видом на озеро «Длинное»</b></span></div>',1,'images/room/room-luxe.png'),(4,'Suite','<h4>Стандартное размещение&nbsp;</h4>\r\n\r\n\r\n\r\n\r\n<p><b>2 гостя&nbsp;</b></p>\r\n<h4>Дополнительное размещение&nbsp;</h4>\r\n\r\n\r\n\r\n\r\n<p><b>2 гостя&nbsp;</b></p>\r\n<h4>Количество комнат</h4>\r\n\r\n\r\n\r\n\r\n<p><b>Две комнаты — спальня и кухня-гостиная</b></p>\r\n<h4>В номере</h4>\r\n\r\n\r\n\r\n\r\n<ul>\r\n<li><b>двуспальная кровать&nbsp;</b></li>\r\n<li><b><b>диван-кровать</b></b></li>\r\n<li><b><b><b>кухня</b></b></b></li>\r\n<li><b><b><b><b>телевизор</b></b></b></b></li>\r\n<li><b><b><b><b>санузел</b></b></b></b></li>\r\n<li><b><b><b>душ</b></b></b></li>\r\n<li><b><b><b>теплый пол</b></b></b></li>\r\n<li><b><b><b>шкаф купе</b></b></b></li>\r\n<li><b><b><b>балкон</b></b></b></li>\r\n</ul><p><span style=\"font-size: 11px; line-height: 14px;\"><b>Все номера с видом на озеро «Длинное»</b></span></p>\r\n',1,'images/room/suite.jpg'),(5,'Penthause №77','<h4>Стандартное размещение&nbsp;</h4>\r\n\r\n<p><b>2 гостя&nbsp;</b></p>\r\n<h4>Дополнительное размещение&nbsp;</h4>\r\n\r\n<p><b>2 гостя&nbsp;</b></p>\r\n<h4>Количество комнат</h4>\r\n\r\n<p><b>Две комнаты — спальня и кухня-гостиная</b></p>\r\n<h4>В номере</h4>\r\n\r\n<ul>\r\n	<li><b>двуспальная кровать&nbsp;</b></li>\r\n	<li><b><b>диван-кровать</b></b></li>\r\n	<li><b><b><b>кухня</b></b></b></li>\r\n	<li><b><b><b><b>телевизор</b></b></b></b></li>\r\n	<li><b><b><b><b>санузел</b></b></b></b></li>\r\n	<li><b><b><b>душ</b></b></b></li>\r\n	<li><b><b><b>сауна</b></b></b></li>\r\n	<li><b><b><b>джакузи</b></b></b></li>\r\n	<li><b><b><b>теплый пол</b></b></b></li>\r\n	<li><b><b><b>шкаф-купе</b></b></b></li>\r\n	<li><b><b><b>балкон</b></b></b></li>\r\n</ul><p><span style=\"font-size: 11px; line-height: 14px;\"><b>Вид из номера на озеро «Подковка»</b></span></p>\r\n',1,'images/room/p77.jpg'),(6,'Penthause №99','<h4>Стандартное размещение&nbsp;</h4>\r\n\r\n\r\n\r\n\r\n<p><b>2 гостя&nbsp;</b></p>\r\n<h4>Дополнительное размещение&nbsp;</h4>\r\n\r\n\r\n\r\n\r\n<p><b>2 гостя&nbsp;</b></p>\r\n<h4>Количество комнат</h4>\r\n\r\n\r\n\r\n\r\n<p><b>Две комнаты — спальня и кухня-гостиная</b></p>\r\n<h4>В номере</h4>\r\n\r\n\r\n\r\n\r\n<ul>\r\n<li><b>двуспальная кровать&nbsp;</b></li>\r\n<li><b><b>диван-кровать</b></b></li>\r\n<li><b><b><b>кухня</b></b></b></li>\r\n<li><b><b><b><b>телевизор</b></b></b></b></li>\r\n<li><b><b><b><b>санузел</b></b></b></b></li>\r\n<li><b><b><b>душ</b></b></b></li>\r\n<li><b><b><b>сауна</b></b></b></li>\r\n<li><b><b><b>джакузи</b></b></b></li>\r\n<li><b><b><b>теплый пол</b></b></b></li>\r\n<li><b><b><b>шкаф-купе</b></b></b></li>\r\n<li><b><b><b>балкон</b></b></b></li>\r\n</ul><p><span style=\"font-size: 11px; line-height: 14px;\"><b>Вид из номера на озеро «Длинное»</b></span></p>\r\n',1,'images/room/p99.jpg'),(7,'2-х местный','<h4>Стандартное размещение&nbsp;</h4>\r\n\r\n\r\n\r\n\r\n<p><b>2 гостя&nbsp;</b></p>\r\n<h4>В номере</h4><ul>\r\n<li><b><b><b><b>телевизор</b></b></b></b></li>\r\n<li><b><b><b><b>санузел</b></b></b></b></li>\r\n<li><b><b><b>душ</b></b></b></li><li><b><b><b>две кровати</b></b></b></li><li><b><b><b>два кресла</b></b></b></li></ul>\r\n',2,'images/room/rif2.jpg'),(8,'3-х местный ','<h4>Стандартное размещение&nbsp;</h4>\r\n\r\n\r\n\r\n\r\n<p><b>3 гостя&nbsp;</b></p>\r\n<h4>В номере</h4>\r\n\r\n\r\n\r\n\r\n<ul>\r\n<li><b><b><b><b>телевизор</b></b></b></b></li>\r\n<li><b><b><b><b>санузел</b></b></b></b></li>\r\n<li><b><b><b>душ</b></b></b></li>\r\n<li><b><b><b>три кровати</b></b></b></li></ul>\r\n',2,'images/room/rif3.jpg'),(9,'4-х местный','<h4>Стандартное размещение&nbsp;</h4>\r\n\r\n\r\n\r\n\r\n<p><b>4 гостя&nbsp;</b></p>\r\n<h4>В номере</h4>\r\n\r\n\r\n\r\n\r\n<ul>\r\n<li><b><b><b><b>телевизор</b></b></b></b></li>\r\n<li><b><b><b><b>санузел</b></b></b></b></li>\r\n<li><b><b><b>душ</b></b></b></li>\r\n</ul>\r\n<p><br></p>',2,'images/room/rif4.jpg'),(10,'Стандартный номер','<h4>Стандартное размещение&nbsp;</h4>\r\n\r\n\r\n\r\n\r\n<p><b>2 гостя&nbsp;</b></p>\r\n<h4>В номере</h4><ul>\r\n<li><b><b><b><b>санузел</b></b></b></b></li>\r\n<li><b><b><b>душ</b></b></b></li>\r\n<li><b><b><b>две кровати</b></b></b></li>\r\n<li><b><b><b>телевизор</b></b></b></li><li><b><b><b>эл. чайник</b></b></b></li>\r\n</ul>\r\n<p><span style=\"font-size: 11px; line-height: 14px;\"><b>В некоторых номерах есть холодильник</b></span></p>',3,'images/room/shel.jpg'),(11,'Первый этаж','<h4>Стандартное размещение&nbsp;</h4>\r\n\r\n<p><b>4-6 человек&nbsp;</b></p>\r\n<h4></h4>\r\n<h4>На первом этаже</h4>\r\n\r\n<ul>\r\n	<li><b>Мини прихожая</b></li>\r\n	<li><b>Кухня-гостиная (холодильник, встроенная эл.плита, посуда, обеденный стол, стулья, двуспальный диван, телевизор)</b></li>\r\n	<li><b>Душ</b></li>\r\n	<li><b>Санузел</b></li>\r\n</ul>\r\n<p><span style=\"font-size: 11px; line-height: 14px;\"></span></p>',6,'images/room/4_1.jpg'),(12,'Второй этаж','<h4>Стандартное размещение&nbsp;</h4>\r\n\r\n\r\n\r\n\r\n<p><b>4-6 человек&nbsp;</b></p>\r\n<h4></h4>\r\n<h4>На втором этаже</h4>\r\n\r\n\r\n\r\n\r\n<ul>\r\n<li><b>Две изолированные спальни (в каждой: 2 односпальные кровати, тумбочки, комод, шкаф)</b></li>\r\n</ul>\r\n<p><span style=\"font-size: 11px; line-height: 14px;\"></span></p>',6,'images/room/4_2.jpg'),(13,'Первый этаж','<h4>Стандартное размещение&nbsp;</h4>\r\n\r\n<p><b>6-8 человек&nbsp;</b></p>\r\n<h4></h4>\r\n<h4>На первом этаже</h4>\r\n\r\n<ul>\r\n	<li><b>Мини прихожая</b></li>\r\n	<li><b>Кухня-гостиная (холодильник, встроенная эл.плита, посуда, посудомоечная машина, обеденный стол, стулья, двуспальный диван, телевизор, DVD, камин)</b></li>\r\n	<li><b>Душевая кабина</b></li>\r\n	<li><b>Санузел</b></li>\r\n</ul>\r\n<p><span style=\"font-size: 11px; line-height: 14px;\"></span></p>',8,'images/room/6_1.jpg'),(14,'Второй этаж','<h4>Стандартное размещение&nbsp;</h4>\r\n\r\n<p><b>6-8 человек&nbsp;</b></p>\r\n<h4></h4>\r\n<h4>На втором этаже</h4>\r\n\r\n<ul>\r\n	<li><b>Три изолированные спальни (в двух: односпальные кровати, тумбочки, комод, шкаф, в одной: двуспальная кровать, тумбочки, комод, шкаф)</b></li>\r\n</ul>\r\n',8,'images/room/6_2.jpg'),(15,'Цокольный этаж','<h4>Стандартное размещение&nbsp;</h4> <p><b>6-8 человек&nbsp;</b></p> <h4></h4> <h4>На цокольном этаже</h4> <ul> <li><b>Сауна</b></li> </ul>',8,'images/room/6_c.jpg');
/*!40000 ALTER TABLE `rooms_room` ENABLE KEYS */;
UNLOCK TABLES;

--
-- Table structure for table `rooms_roomconfig`
--

DROP TABLE IF EXISTS `rooms_roomconfig`;
/*!40101 SET @saved_cs_client     = @@character_set_client */;
/*!40101 SET character_set_client = utf8 */;
CREATE TABLE `rooms_roomconfig` (
  `id` int(11) NOT NULL AUTO_INCREMENT,
  `title` varchar(150) NOT NULL,
  PRIMARY KEY (`id`)
) ENGINE=MyISAM AUTO_INCREMENT=5 DEFAULT CHARSET=utf8;
/*!40101 SET character_set_client = @saved_cs_client */;

--
-- Dumping data for table `rooms_roomconfig`
--

LOCK TABLES `rooms_roomconfig` WRITE;
/*!40000 ALTER TABLE `rooms_roomconfig` DISABLE KEYS */;
INSERT INTO `rooms_roomconfig` VALUES (1,'Гостиница «Одиссей»'),(2,'Гостиницы «РИФ» и «Шелл»'),(3,'Таунхаусы «Мыс», «Лагуна», «Бриз»'),(4,'Таунхаусы «Нептун», «Посейдон»');
/*!40000 ALTER TABLE `rooms_roomconfig` ENABLE KEYS */;
UNLOCK TABLES;

--
-- Table structure for table `rooms_roompanorama`
--

DROP TABLE IF EXISTS `rooms_roompanorama`;
/*!40101 SET @saved_cs_client     = @@character_set_client */;
/*!40101 SET character_set_client = utf8 */;
CREATE TABLE `rooms_roompanorama` (
  `id` int(11) NOT NULL AUTO_INCREMENT,
  `room_id` int(11) NOT NULL,
  `title` varchar(150) NOT NULL,
  `panorama` varchar(100) NOT NULL,
  PRIMARY KEY (`id`),
  KEY `rooms_roompanorama_109d8a5f` (`room_id`)
) ENGINE=MyISAM AUTO_INCREMENT=16 DEFAULT CHARSET=utf8;
/*!40101 SET character_set_client = @saved_cs_client */;

--
-- Dumping data for table `rooms_roompanorama`
--

LOCK TABLES `rooms_roompanorama` WRITE;
/*!40000 ALTER TABLE `rooms_roompanorama` DISABLE KEYS */;
INSERT INTO `rooms_roompanorama` VALUES (3,7,'Ванная','panoramas/roompanorama/rif2-bath.swf'),(4,7,'Спальня','panoramas/roompanorama/rif2-bed.swf'),(5,11,'Ванная','panoramas/roompanorama/briz-bath.swf'),(6,11,'Спальня','panoramas/roompanorama/briz-bed.swf'),(7,11,'Гостиная','panoramas/roompanorama/briz-gost.swf'),(8,13,'Гостиная','panoramas/roompanorama/neptun-gost.swf'),(9,13,'Спальня','panoramas/roompanorama/neptun-bed.swf'),(10,13,'Коридор','panoramas/roompanorama/neptun-kor.swf'),(11,13,'Сауна','panoramas/roompanorama/neptun-sauna.swf'),(12,8,'Спальня','panoramas/roompanorama/rif3-bed.swf'),(13,8,'Ванная','panoramas/roompanorama/rif3-bath.swf'),(14,9,'Спальня','panoramas/roompanorama/rif4-bed.swf'),(15,9,'Ванная','panoramas/roompanorama/rif4-bath.swf');
/*!40000 ALTER TABLE `rooms_roompanorama` ENABLE KEYS */;
UNLOCK TABLES;

--
-- Table structure for table `rooms_roomphoto`
--

DROP TABLE IF EXISTS `rooms_roomphoto`;
/*!40101 SET @saved_cs_client     = @@character_set_client */;
/*!40101 SET character_set_client = utf8 */;
CREATE TABLE `rooms_roomphoto` (
  `id` int(11) NOT NULL AUTO_INCREMENT,
  `room_id` int(11) NOT NULL,
  `title` varchar(150) NOT NULL,
  `image` varchar(100) NOT NULL,
  PRIMARY KEY (`id`),
  KEY `rooms_roomphoto_109d8a5f` (`room_id`)
) ENGINE=MyISAM AUTO_INCREMENT=45 DEFAULT CHARSET=utf8;
/*!40101 SET character_set_client = @saved_cs_client */;

--
-- Dumping data for table `rooms_roomphoto`
--

LOCK TABLES `rooms_roomphoto` WRITE;
/*!40000 ALTER TABLE `rooms_roomphoto` DISABLE KEYS */;
INSERT INTO `rooms_roomphoto` VALUES (1,1,'Кухня-гостиная','images/roomphoto/137.JPG'),(2,2,'Комната','images/roomphoto/330.JPG'),(3,2,'Комната','images/roomphoto/372.JPG'),(4,2,'Ванная комната','images/roomphoto/377.JPG'),(5,1,'Кухня-гостиная','images/roomphoto/139.JPG'),(6,1,'Ванная комната','images/roomphoto/146.JPG'),(7,1,'Кухня-гостиная','images/roomphoto/148.JPG'),(9,4,'Кухня-гостинная','images/roomphoto/340.JPG'),(10,5,'Кухня-гостинная','images/roomphoto/312.JPG'),(11,6,'Кухня-гостинная','images/roomphoto/238.JPG'),(12,7,'Спальня','images/roomphoto/287.JPG'),(13,8,'Спальня','images/roomphoto/287_1.JPG'),(14,9,'Спальня','images/roomphoto/287_2.JPG'),(15,10,'Спальня','images/roomphoto/166.jpg'),(16,11,'Гостиная','images/roomphoto/295.JPG'),(17,12,'Спальня','images/roomphoto/300.JPG'),(18,13,'Гостиная','images/roomphoto/006.JPG'),(19,14,'Спальня','images/roomphoto/028.JPG'),(20,15,'Сауна','images/roomphoto/013.JPG'),(21,4,'Кухня-гостинная','images/roomphoto/347.JPG'),(22,4,'Спальня','images/roomphoto/351.JPG'),(23,4,'Балкон','images/roomphoto/334.JPG'),(24,5,'Кухня-гостинная','images/roomphoto/319.JPG'),(25,5,'Спальня','images/roomphoto/291.JPG'),(26,5,'Ванная комната','images/roomphoto/306.JPG'),(27,5,'Сауна','images/roomphoto/297.JPG'),(28,5,'Балкон','images/roomphoto/288.JPG'),(29,6,'Кухня-гостинная','images/roomphoto/251.JPG'),(30,6,'Спальня','images/roomphoto/285.JPG'),(31,6,'Ванная комната','images/roomphoto/263.JPG'),(32,6,'Сауна','images/roomphoto/259.JPG'),(33,6,'Балкон','images/roomphoto/235.JPG'),(34,7,'Спальня','images/roomphoto/288_1.JPG'),(35,8,'Кухня-гостинная','images/roomphoto/288_2.JPG'),(36,9,'Спальня','images/roomphoto/288_3.JPG'),(37,10,'Спальня','images/roomphoto/180.jpg'),(39,11,'Гостиная','images/roomphoto/302.JPG'),(40,13,'Гостиная','images/roomphoto/011.JPG'),(41,13,'Терраса','images/roomphoto/0781.JPG'),(42,14,'Спальня','images/roomphoto/040.JPG'),(43,14,'Спальня','images/roomphoto/121.JPG'),(44,15,'Сауна','images/roomphoto/022.JPG');
/*!40000 ALTER TABLE `rooms_roomphoto` ENABLE KEYS */;
UNLOCK TABLES;

--
-- Table structure for table `rooms_roomtype`
--

DROP TABLE IF EXISTS `rooms_roomtype`;
/*!40101 SET @saved_cs_client     = @@character_set_client */;
/*!40101 SET character_set_client = utf8 */;
CREATE TABLE `rooms_roomtype` (
  `id` int(11) NOT NULL AUTO_INCREMENT,
  `title` varchar(150) NOT NULL,
  `room_config_id` int(11) NOT NULL,
  `label` varchar(150) NOT NULL,
  PRIMARY KEY (`id`),
  KEY `rooms_roomtype_42423783` (`room_config_id`)
) ENGINE=MyISAM AUTO_INCREMENT=11 DEFAULT CHARSET=utf8;
/*!40101 SET character_set_client = @saved_cs_client */;

--
-- Dumping data for table `rooms_roomtype`
--

LOCK TABLES `rooms_roomtype` WRITE;
/*!40000 ALTER TABLE `rooms_roomtype` DISABLE KEYS */;
INSERT INTO `rooms_roomtype` VALUES (1,'Luxe',1,''),(2,'Suite',1,''),(3,'Studio',1,''),(4,'Penthouse',1,''),(5,'2-местный номер',2,''),(6,'3-местный номер',2,''),(7,'4-местный номер',2,''),(8,'4-местный номер',3,''),(9,'5-местный номер',3,''),(10,'6-местный номер',4,'');
/*!40000 ALTER TABLE `rooms_roomtype` ENABLE KEYS */;
UNLOCK TABLES;

--
-- Table structure for table `rooms_season`
--

DROP TABLE IF EXISTS `rooms_season`;
/*!40101 SET @saved_cs_client     = @@character_set_client */;
/*!40101 SET character_set_client = utf8 */;
CREATE TABLE `rooms_season` (
  `id` int(11) NOT NULL AUTO_INCREMENT,
  `title` varchar(150) NOT NULL,
  `date_from` date NOT NULL,
  `date_to` date NOT NULL,
  `special_offer_label` longtext NOT NULL,
  PRIMARY KEY (`id`)
) ENGINE=MyISAM AUTO_INCREMENT=6 DEFAULT CHARSET=utf8;
/*!40101 SET character_set_client = @saved_cs_client */;

--
-- Dumping data for table `rooms_season`
--

LOCK TABLES `rooms_season` WRITE;
/*!40000 ALTER TABLE `rooms_season` DISABLE KEYS */;
INSERT INTO `rooms_season` VALUES (1,'Проживание июнь-август','2013-06-21','2013-08-23',''),(5,'ЗОЛОТАЯ ОСЕНЬ','2013-09-29','2013-12-12','Осенние скидки'),(2,'Проживание август-сентябрь','2013-08-23','2013-09-28','');
/*!40000 ALTER TABLE `rooms_season` ENABLE KEYS */;
UNLOCK TABLES;

--
-- Table structure for table `services_service`
--

DROP TABLE IF EXISTS `services_service`;
/*!40101 SET @saved_cs_client     = @@character_set_client */;
/*!40101 SET character_set_client = utf8 */;
CREATE TABLE `services_service` (
  `id` int(11) NOT NULL AUTO_INCREMENT,
  `title` varchar(150) NOT NULL,
  `slug` varchar(50) NOT NULL,
  `image` varchar(100) NOT NULL,
  `short_description` longtext NOT NULL,
  `price_page_description` longtext NOT NULL,
  `description` longtext NOT NULL,
  `order` int(11) NOT NULL,
  PRIMARY KEY (`id`),
  KEY `services_service_a951d5d6` (`slug`)
) ENGINE=InnoDB AUTO_INCREMENT=16 DEFAULT CHARSET=utf8;
/*!40101 SET character_set_client = @saved_cs_client */;

--
-- Dumping data for table `services_service`
--

LOCK TABLES `services_service` WRITE;
/*!40000 ALTER TABLE `services_service` DISABLE KEYS */;
INSERT INTO `services_service` VALUES (1,'Конные прогулки','horse_riding','images/service/service-horce.png','На базе имеется конюшня, где вы можете полюбоваться на красивых лошадей, а также прокатиться верхом, осматривая окрестности','На базе имеется конюшня, где вы можете полюбоваться на красивых лошадей, а также прокатиться верхом, осматривая окрестности','<p>На базе имеется конюшня, где вы можете полюбоваться на красивых лошадей, а также прокатиться верхом, осматривая окрестности.<br>\r\n</p>\r\n\r\n<p><img src=\"/media/uploads/images/fbb2410a56d6319158fc46e0b3ec8247.jpg\" style=\"width: 600px; height: 450px; \"></p><p></p><p><img src=\"/media/uploads/images/7abf54e89d0502a29d7b93b605f0ab88.jpg\" style=\"\"></p><p></p><p><img src=\"/media/uploads/images/2d72d726b30f0af106de9c04a18ae83b.tif\" style=\"\"></p><p><img src=\"/media/uploads/images/9e01c7e719e2a0b97200a9cf5a0e17c6.jpg\" style=\"\"></p><p><img src=\"/media/uploads/images/d5867dac3bd4047d12064d43481b9a21.jpg\" style=\"\"></p><br><p></p><br><p></p>\r\n<h2>Ганновер</h2>\r\n\r\n<p>Выведению этой знаменитой немецкой теплокровной способствовал Георг II, курфюрст ганноверский и король английский, который в 1735 году основал государственный конезавод в Селле. Целью было снабдить местное население недорогими жеребцами хорошего качества, производителями были взяты голштинские жеребцы с преобладанием андалузских и неаполитанских кровей. Благодаря болеее позднему импорту английских лошадей, включая чистокровных верховых, качество ганноверов постепенно улучшалось в направлении хорошей универсальной лошади, пригодной для работы на земле, верховой езды и в лёгких экипажах.</p>\r\n\r\n<p><img src=\"/media/uploads/images/fb4a28eaa80725db948e5dba840c95eb.jpg\" style=\"\"></p>\r\n\r\n<p>В настоящее время ганноверы имеют чисто спортивное назначение. Ганноверские лошади успешно выступают во всех видах конного спорта — это первоклассные спортивные лошади.</p>\r\n\r\n<p><img src=\"/media/uploads/images/085b30eae0ea5112202c3e47b3f77821.jpg\" style=\"\"></p>\r\n\r\n<p><img src=\"/media/uploads/images/fe021a8c428be3f73e5c1cc279b26462.jpg\" style=\"\"></p>\r\n<h2>Тракен</h2>\r\n\r\n<p>Но во время II Мировой Войны, Кёнигсберг (Калининград), как и Тракенен были подвергнуты сильной бомбардировке авиацией Союзников, и часть зданий была полностью разрушена. В настоящее время это место называется Ясная Поляна, часть построек перешло в частную собственность, королевские конюшни давно стали телятниками, и лишь ворота и дворец напоминают о былой славе завода.</p>\r\n\r\n<p><img src=\"/media/uploads/images/38130937046eee9bec77a766d475ea01.jpg\" style=\"\"></p><p><br></p>\r\n<br>\r\n<br>\r\n',10),(2,'Мини гольф','minigolf','images/service/service_mini_golf.png','У нас построено поле для мини-гольфа с двадцатью площадками, которое является одним из самых больших и красивых в Ленинградской области.','У нас построено поле для мини-гольфа с двадцатью площадками, которое является одним из самых больших и красивых в Ленинградской области.','<p></p><p>Аврора Клуб обладает потрясающей атмосферой, располагающей к игре, отдыху и общению, что делает его местом встречи преуспевающих предпринимателей и профессионалов, их друзей и членов их семей.</p><p>Прекрасно выполненные ландшафтные композиции создают уют и эстетическое наслаждение от игры на поле. А продуманное освещение площадок позволяет играть в любое время суток.</p><p></p><p><img src=\"/media/uploads/images/23f4def483b51cc3ec0d4f66e911bc27.jpg\" style=\"\"></p><p><img src=\"/media/uploads/images/2462c2aa8f8723c66a0ef756fcb18eb7.jpg\" style=\"\"></p><p><img src=\"/media/uploads/images/4f3575aa29966a521fd72e4710d4c991.JPG\" style=\"\"></p><p><img src=\"/media/uploads/images/183d5e07180f5abee5016056bd18e81d.JPG\" style=\"\"></p><p><img src=\"/media/uploads/images/e8cc56723d663e8a94167666450eaed7.JPG\" style=\"\"></p><p><img src=\"/media/uploads/images/b0980d9ce7ef2379ed8048c53af31474.JPG\" style=\"cursor: nw-resize; \"></p><p><img src=\"/media/uploads/images/c6af476771ccbb9c895bc599c694b07d.JPG\" style=\"\"></p><p><img src=\"/media/uploads/images/e96cc5413ad664e1f9c6322c9f247153.JPG\" style=\"cursor: nw-resize; \"></p><p>Гольф считается игрой для аристократов.</p><p>Или считался таковой в 19 веке. Но сейчас на дворе век 21, поэтому играть в гольф могут все.А не особы, близкие к императору.</p><p>Вообще, гольф - это игра для очень выносливых людей. Полностью сыграть парртию в 18 лунок на нормальном поле - это 4-6 часов ходьбы в быстром темпе, да еще</p><p>и со снаряжением(14 металлических клюшек ну и по мелочи еще). И, конечно, размахивать этими клюшками придется довольно много. Отдыхом тут, откровенно говоря, не пахнет.</p><p>Поэтому мы с вами сыграем в минигольф. Накал страстей есть, суть игры одинкоа, но удовольствия будет больше.</p><p>Суть минигольфа - за мнимальное количество ударов провести мячик в лунку, минуя лабиринты и препятствия. Клюшки настоящие, мячик - тоже настоящий. И поле - настоящее, только в разы меньше.</p><p>Не стоит недооценивать эту игру - по ней в России проводятся чемпионаты с солидным призовым фондом. Натренировавшись на нашем поле, вы вполне можете заработать лишний десяток тысяч долларов.</p><p>Техника удара по мячу довольно сложна, причем учавствовать будут все группы мышц. Это хорошая нагрузка \"после офисных отсидок\".</p><p>А сама площадка для минигольфа напоминает японский сад камней - и нервы отдохнут, и глаз порадуется.</p><p>Так что есть много поводов приехать и поиграть.</p><p>Ждем!</p><br><p></p><p></p>\r\n',10),(3,'Лодки и катамараны','boats','images/service/service_boats.png','Ленинградская область славится своими реками и озерами. Почти все лето водные пространства открыты для совершения прогулок.','Ленинградская область славится своими реками и озерами. Почти все лето водные пространства открыты для совершения прогулок.','<p>Ленинградская область славится своими реками и озерами. Почти все лето — с июня по август — водные пространства открыты для совершения водных прогулок. Любители водных развлечений могут прокатиться на лодке или катамаране по красивому бирюзовому озеру.</p><p><p><img src=\"/media/uploads/images/7e6911e42c4e2a427232cbf022a5eb59.JPG\" style=\"\"></p><p><img src=\"/media/uploads/images/310b2024e7949a9cd3cf428f230b4f0c.JPG\"></p><p><img src=\"/media/uploads/images/90322c82b622c994b81e4fb3417014e9.jpg\"></p><p><img src=\"/media/uploads/images/b38a9e26ee3aedf5e8dd5f2bacf2ad52.jpg\"></p><p><img src=\"/media/uploads/images/774bc8e62085f73eacc518c71ac5f231.JPG\"></p><br></p>\r\n',10),(4,'Велопрокат','stadio','images/service/service-sport_rent.png','Для любителей активного отдыха на нашей базе найдется все самое необходимое: и инвентарь, и удобно оборудованные спортивные площадки.','Для любителей активного отдыха на нашей базе найдется все самое необходимое: и инвентарь, и удобно оборудованные спортивные площадки.','<p>Для любителей активного отдыха на нашей базе найдется все самое необходимое: и инвентарь, и удобно оборудованные спортивные площадки.</p><p><p><img src=\"/media/uploads/images/4a2f94d6d88f5d7f077885aa3f975350.jpg\"></p><br></p>\r\n',10),(5,'Пэйнтболл','paintball','images/service/service-paintball.png','На нашей базе отдыха идеальные условия для игры — перепад высот, изобилие естественных преград и укрытий.','На нашей базе отдыха идеальные условия для игры — перепад высот, изобилие естественных преград и укрытий.','<p></p><p>После обеда будет война!</p><p>Эта фраза вызывает боевой задор! Если играешь в пейнтбол, конечно.</p><p>Пейнтбол - это детская игра в войнушки + современные технологии. В детстве в войну играли все - и мальчики, и девочки. Поэтому интересно будет всем.</p><p></p><p><img src=\"/media/uploads/images/f5fac18c2eeb4ed868ab9c80c2c07799.jpg\" style=\"\"></p><p>Составляющие у этой игры простые:</p><ul><li>Сценарий игры. Описывает, что и как нужно сделать. Например, захватить базу противника. Или удержаться при штурме здания.</li><li>Место проведения. Это, как правило, специально оборудованный полигон. На полигоне есть укрытия и укрепления. Как природные, так и искусственные.</li><li>Игровое оборудование. Пейнтбольный костюм и пейнтбольный маркер. Маркер - это такое игровое оружие, стреляющее шарами с краской. Шар долетает до противника, раскалывается и... Бац! На животе противника появляется яркое пятно краски. Теперь он \"убит\" и временно не играет.</li></ul><p><img src=\"/media/uploads/images/c080b1c1be393a0f7be34a8641785c07.jpg\" style=\"cursor: nw-resize; \"></p><p><img src=\"/media/uploads/images/4161f0ad01b5e3a6f84c6d3f68b19489.jpg\" style=\"\"></p><p><img src=\"/media/uploads/images/585272900e531d4f134f8d589843ee34.jpg\" style=\"\"></p><p><img src=\"/media/uploads/images/7960040d81bcc6addc39464a2a4b79de.jpg\" style=\"\"></p><p><img src=\"/media/uploads/images/90e61bc69435b6e5fae5637d8b617528.jpg\" style=\"\"></p><p><img src=\"/media/uploads/images/dd774b5953914e746c61ff8fb71bfc97.jpg\" style=\"\"></p><p><img src=\"/media/uploads/images/c1c2f41f23f52fc894d4afba070792d9.jpg\" style=\"cursor: nw-resize; \"></p><p>Игра проводиться целый день, с перерывами между сценариями.</p><p>Сценарии самые разные:</p><ul><li>Захват флага.</li><li>Штурм укреплений.</li><li>Простой бой на время.</li><li>Защита президента.</li></ul><p>В общем, полный набор, для того, чтобы почувствовать себя настоящим коммандос!</p><br><p></p><p></p>\r\n',10),(6,'Дайвинг','diving','images/service/service-diving.png','Предлагаем и вам познакомиться с удивительным подводным миром озер, расположенных на нашей базе и окунуться в мир, полный тайн и загадок.','Предлагаем и вам познакомиться с удивительным подводным миром озер, расположенных на нашей базе и окунуться в мир, полный тайн и загадок.','<p>\r\n</p><p>Побывать в несвойственной человеку водной среде - это и интересно, и полезно!</p>\r\n\r\n<p>Чем больше меняется обстановка вокруг на отдыхе - тем больше позитивных эмоций и тем эффективней отдых.</p>\r\n\r\n<p>Вот почему дайвинг - отличное дополнение к выезду на природу.</p>\r\n\r\n<ul>\r\n	<li>Откройте для себя прекрасный подводный мир!</li>\r\n	<li>Зарядитесь адреналином и положтельными эмоциями.</li>\r\n	<li>Любителям экстрима - подледный зимний дайвинг. Такого вы еще не видели!</li>\r\n	<li>Озеро с чистой прозрачной водой. Глубина около 40 метров - это о-о-очень много.</li>\r\n</ul><p><p><img src=\"/media/uploads/images/029106e24647d36dea7654112ab81bc5.JPG\" style=\"\"><p><img src=\"/media/uploads/images/93894be7c58705a5ea5ecb8cdbfaefd4.jpg\" style=\"\"><p><img src=\"/media/uploads/images/17a9e2cc8299ff08555a1806a6bb8f6b.jpg\" style=\"\"><p><img src=\"/media/uploads/images/365e18637add2b4f19952cea7fb70def.jpg\" style=\"\"><p><img src=\"/media/uploads/images/4c47270374d6ed517e095fec845d2eac.jpg\" style=\"\"></p><p><p><img src=\"/media/uploads/images/fffb57e55fb7bfe0aea09a15fd5524e1.jpg\" style=\"\"></p>А еще есть настоящее водолазное снаряжение.<br></p><p><p><img src=\"/media/uploads/images/b6001f6b565a92245a82f4ecacd646b8.jpg\"></p><p><img src=\"/media/uploads/images/9d9a4edda122d82111325963c2b253b7.jpg\"></p><p><img src=\"/media/uploads/images/73e217a452bf519404f25afd875b17c9.JPG\"></p><p><img src=\"/media/uploads/images/bf1289fbae39ee86346e16d1f4580952.jpg\"></p><br></p></p></p></p></p></p>',10),(7,'Детская игровая комната','childroom','images/service/service-childroom.png','Вашим детям всегда будет чем заняться и они с радостью смогут провести время с нашими аниматорами.','Вашим детям всегда будет чем заняться и они с радостью смогут провести время с нашими аниматорами.','<p><p><img src=\"/media/uploads/images/118b671783aaddf2dbe35f548de51f08.JPG\" style=\"\"></p><p><img src=\"/media/uploads/images/04bcae2d8e1b555ac61882cb3e7a2cb2.JPG\"></p><p><img src=\"/media/uploads/images/da687e45010670f154e351a8089501fe.JPG\"></p><p><img src=\"/media/uploads/images/91521a003eb1084f5d51202c2403eb9b.JPG\"></p><p><img src=\"/media/uploads/images/df4e25f1ed7eb8dfc07298b8f4475753.JPG\"></p><p><img src=\"/media/uploads/images/6dc246669910984f67444788cadfea08.JPG\"></p><p><img src=\"/media/uploads/images/2792e0ec7fffa4d13a7519258bcd4f5d.JPG\"></p><p><img src=\"/media/uploads/images/34a21ff244be971556ced3a537e672b7.JPG\"></p><br></p>',10),(8,'Анимация','animation','images/service/service-animation.png','У нас часто проходят разные интересные события и мероприятия.','','<p>У нас часто проходят разные интересные события и мероприятия.<br></p><p><p><img src=\"/media/uploads/images/3d70f8a93f192547172afa08943fb3c2.JPG\"></p><p><img src=\"/media/uploads/images/c67563361eb6ffce98163305c60ad9dd.JPG\"></p><p><img src=\"/media/uploads/images/c46d67fdf76035b1509f0e18182e7538.JPG\"></p><p><img src=\"/media/uploads/images/fac7bb586ac5e7cbf22f2a0290bb4c89.JPG\"></p><br></p>',10),(9,'Сауна','sauna','images/service/service-sauna.png','Почти в каждом нашем корпусе на цокольном этаже есть своя сауна.','Почти в каждом нашем корпусе на цокольном этаже есть своя сауна.','<p>Почти в каждом нашем корпусе в цокольном этаже есть своя сауна:</p>\r\n\r\n<ul>\r\n	<li>в таунхаусах \"Мыс\" и \"Лагуна\" - на 8-10 человек</li>\r\n	<li>в таунхаусе \"Бриз\" - на 15-20 человек</li>\r\n	<li>в гостинице \"Риф\" - на 8 человек</li>\r\n</ul>\r\n\r\n<p>Вы можете забронировать у администратора или в отделе продаж сауну на удобное время.</p>\r\n\r\n<p>В каждом шестиместном таунхаусе \"Нептун\" и \"Посейдон\" есть своя индивидуальная сауна. Вы самостоятельно можете включать/выключать сауну, париться в любое удобное время.</p>\r\n\r\n<p><img src=\"/media/uploads/images/831ae3c17ef1aea4363190d9e518df66.JPG\" style=\"\"></p>\r\n\r\n<p><img src=\"/media/uploads/images/0d7b6b748b629c2c8fbe9fbfde539151.JPG\" style=\"\"></p>\r\n\r\n<p><img src=\"/media/uploads/images/f4a2a826962d65b7428acd927a2390ed.JPG\" style=\"\"></p>\r\n\r\n<p><img src=\"/media/uploads/images/d75c1664e393b9eefa59aea8dfa3c73c.JPG\" style=\"\"></p>\r\n\r\n<p><img src=\"/media/uploads/images/17a7447a1279590df6e22c32b20c7682.JPG\" style=\"\"></p>\r\n\r\n<p><img src=\"/media/uploads/images/f9d06ff2f06e2264d6d07015618e9987.JPG\" style=\"\"></p>\r\n\r\n<p><img src=\"/media/uploads/images/4cb79343f26e98b6c92db666bf2d0fd7.JPG\" style=\"cursor: nw-resize; \"></p>\r\n<br>\r\n',10),(10,'Лыжи, коньки, ватрушки','skees','images/service/service-skees.png','Это те самые вещи, без которых не мыслим хороший зимний отдых.','Это те самые вещи, без которых не мыслим хороший зимний отдых.','<p><p>Это те самые вещи, без которых не мыслим хороший зимний отдых.</p><p>Вы можете привезти свой спортивный инвентарь, а можете взять все необходимое в пункте проката.</p><p><p><img src=\"/media/uploads/images/3777e8dd5bb1555c06cc0a9d6f447771.JPG\"></p><p><img src=\"/media/uploads/images/0a3290fe9d9bf92a8ba41db200ea699d.JPG\"></p><p><img src=\"/media/uploads/images/bef238b184f77ae83bf021ef66615a35.JPG\"></p><p><img src=\"/media/uploads/images/c8e316d36d1d2a9a8c1c46f2ef67b2ee.jpg\"></p><p><img src=\"/media/uploads/images/6bc8a120a43a83194e0a69b4438b69d6.jpg\"></p><br></p></p>\r\n',10),(11,'Квадроциклы','quadro','images/service/service-quadro.png','Трасса для катания на квадроциклах проложена по лесу и по территории бывшего песчаного карьера.','Трасса для катания на квадроциклах проложена по лесу и по территории бывшего песчаного карьера.','<p><p><p><p><br></p></p>В любое время года увлекательное приключение - катание на квадроциклах.</p><p>Трасса для катания на квадроциклах проложена по лесу и по территории бывшего песчаного карьера. Заезды проводятся по выходным дням с опытным инструктором по предвариетльной заявке.</p><p><p><img src=\"/media/uploads/images/f472e09326db9059c6f5544c586508ad.JPG\"></p><p><img src=\"/media/uploads/images/d0b081fa2a1a7b40337cd106b86439a4.JPG\"></p><p><img src=\"/media/uploads/images/45356a4f573b8be61f0078852dcb6780.JPG\"></p><p><img src=\"/media/uploads/images/38eb6c8f711c2d8f7e1eb751578f8224.JPG\"></p><p><img src=\"/media/uploads/images/8eec6678b823cf4e009b235e7ae7fe27.JPG\"></p><p><img src=\"/media/uploads/images/c2e5c24c34aa0bb6c1572b64332021df.tif\"></p><br></p></p>\r\n',10),(12,'Рыбалка','fishing','images/service/fishing.png','Сидеть, смотреть на поплавок и ни о чем не думать — как раз то, что нужно уставших мозгам.','Сидеть, смотреть на поплавок и ни о чем не думать — как раз то, что нужно уставших мозгам.','<p><p>Рыбалка - отдых для души.</p><p>Сидеть, смотреть на поплавок и ни о чем не думать - как раз то, что нужно уставших мозгам. Еще древние заметили, что вид мирной воды успокаивает человека и снимает нервное напряжение. Наблюдать за водой - это одна тех вещей, которые можно делать вечно.</p><p>И, конечно, улов. Рыбалка без улова - не рыбалка.</p><p>Рыба у нас есть. И зимой и летом.</p><p><p><img src=\"/media/uploads/images/f6547c02deb85606a62dd5882ebb5150.jpg\" style=\"\"></p><p><img src=\"/media/uploads/images/0f00c6e02fadfe389f9d08f31bb46c10.jpg\"></p><p><img src=\"/media/uploads/images/2ceffba7ff1d19c19533ca46bf015748.JPG\"></p><p><img src=\"/media/uploads/images/66748ad81da68368c1d3506582ae3c49.jpeg\"></p><p><img src=\"/media/uploads/images/1fb2c12dc237dde3d540c1c779f690a6.jpeg\"></p><p><img src=\"/media/uploads/images/a4ef7489c6846c5d9a9d8b4b7840e9ae.jpg\"></p><p><img src=\"/media/uploads/images/d57e6e2a5fdff1ab60025d3576fb33a1.jpg\"></p><p><img src=\"/media/uploads/images/42ed5835ae12f6261c2040371cb75c42.JPG\"></p><br></p></p>\r\n',10),(13,'Веревочный город','rope_city','images/service/service-rope-city.png','Только для большой компании или корпоративным клиентам.','Только для большой компании или корпоративным клиентам.','<p><p>Отдыхать можно по разному.</p><p>Можно читать книгу. Можно спать. Можно гулять. Можно ловить адреналин и позитивные эмоции!</p><p>Для любителей последнего у нас есть кое-что особенное.</p><p>Называется это \"Веревочный город\".</p><p>Это комплекс платформ и мостиков между деревьями на большой высоте. Между платформами можно перемещаться по относительно безопасным маршрутам, так и по тонким веревочным \"тропинкам\".</p><p>А вообще, лучше смотрите сами!</p><p><p><img src=\"/media/uploads/images/9a27a9b5e3d81a0a5c25ceeebb4d1577.jpg\" style=\"\"></p><p><p><img src=\"/media/uploads/images/544db5145f8ed4f25bc3a3936abce0c1.jpg\" style=\"\"></p><p><img src=\"/media/uploads/images/dae3a0992ff082e94b5543caf2423aa4.jpg\" style=\"\"></p><p><img src=\"/media/uploads/images/992b21bcab406749b2b49a2ad9834ea1.jpg\"></p><p><img src=\"/media/uploads/images/07b703e67ef14b6feab4c4279b7d9af2.jpg\"></p><br></p><br></p></p>\r\n',10),(14,'Бильярд','billiards','images/service/bill.png','У нас есть столы для русского бильярда','У нас есть столы для русского бильярда','<p></p><p><img src=\"/media/uploads/images/e9297d02424a622807243fc940a86139.JPG\" style=\"\"></p><p></p><p><img src=\"/media/uploads/images/bc4e7a49c2f863d26c46cccf9d76caf0.JPG\" style=\"cursor: nw-resize; \"></p><p></p><p><img src=\"/media/uploads/images/33b9e9c5302e1b0f0d677becc522e607.JPG\" style=\"\"></p><p></p><p><img src=\"/media/uploads/images/3dbb7f8a005ee5c4f9c4cee86337dc76.JPG\"></p><br><p></p><br><p></p><br><p></p><br><p></p>\r\n',10),(15,'Футбол, волейбол','football','images/service/Untitled-1.png','На нашем стадионе можно проводить любые спортивные мероприятия','','<p><p><img src=\"/media/uploads/images/65056ed221b112cf6b33aa5dcd692fef.JPG\" style=\"\"></p><p><img src=\"/media/uploads/images/7fb74577e35694693e25d95a8a3dabd4.JPG\"></p><p><img src=\"/media/uploads/images/2438ac3c2b76eb935669586355a52f11.JPG\"></p><p><img src=\"/media/uploads/images/8287fee12a7e3d455c344ff17fc139bc.JPG\"></p><p><img src=\"/media/uploads/images/de21bc095bf952666d36e1a80cba5e9b.JPG\"></p><p><img src=\"/media/uploads/images/10a2a8e602ffba796204dee1c54bc58b.JPG\"></p><p><img src=\"/media/uploads/images/2b66e7c3d2bc3f9dab59a8bca0eb9511.JPG\"></p><br></p>',10);
/*!40000 ALTER TABLE `services_service` ENABLE KEYS */;
UNLOCK TABLES;

--
-- Table structure for table `services_serviceprice`
--

DROP TABLE IF EXISTS `services_serviceprice`;
/*!40101 SET @saved_cs_client     = @@character_set_client */;
/*!40101 SET character_set_client = utf8 */;
CREATE TABLE `services_serviceprice` (
  `id` int(11) NOT NULL AUTO_INCREMENT,
  `service_id` int(11) NOT NULL,
  `title` varchar(150) NOT NULL,
  `price` decimal(10,2) NOT NULL,
  `time` varchar(50) NOT NULL,
  PRIMARY KEY (`id`),
  KEY `services_serviceprice_90e28c3e` (`service_id`),
  CONSTRAINT `service_id_refs_id_6bf8929b44e414b1` FOREIGN KEY (`service_id`) REFERENCES `services_service` (`id`)
) ENGINE=InnoDB AUTO_INCREMENT=9 DEFAULT CHARSET=utf8;
/*!40101 SET character_set_client = @saved_cs_client */;

--
-- Dumping data for table `services_serviceprice`
--

LOCK TABLES `services_serviceprice` WRITE;
/*!40000 ALTER TABLE `services_serviceprice` DISABLE KEYS */;
INSERT INTO `services_serviceprice` VALUES (1,1,'Конные прогулки в манеже с инструктором','200.00','10 минут'),(2,1,'Конные прогулки в манеже с инструктором','1200.00','1 час'),(3,1,'Конные прогулки в лесу с инструктором','250.00','10 минут'),(4,1,'Конные прогулки в лесу с инструктором','1500.00','1 час'),(5,1,'Конные прогулки с инструктором для детей до 12 лет','150.00','10 минут'),(6,9,'Сауна (гостиница \"Риф\")','1000.00','1 час'),(7,9,'Сауна (таунхаусы \"Бриз\", \"Мыс\", \"Лагуна\")','1100.00','1 час'),(8,2,'Мини-гольф на одного игрока','100.00','1 час');
/*!40000 ALTER TABLE `services_serviceprice` ENABLE KEYS */;
UNLOCK TABLES;

--
-- Table structure for table `siteblocks_gallery`
--

DROP TABLE IF EXISTS `siteblocks_gallery`;
/*!40101 SET @saved_cs_client     = @@character_set_client */;
/*!40101 SET character_set_client = utf8 */;
CREATE TABLE `siteblocks_gallery` (
  `id` int(11) NOT NULL AUTO_INCREMENT,
  `title` varchar(150) NOT NULL,
  `is_published` tinyint(1) NOT NULL,
  `gallery_type` varchar(150) NOT NULL,
  PRIMARY KEY (`id`)
) ENGINE=InnoDB AUTO_INCREMENT=19 DEFAULT CHARSET=utf8;
/*!40101 SET character_set_client = @saved_cs_client */;

--
-- Dumping data for table `siteblocks_gallery`
--

LOCK TABLES `siteblocks_gallery` WRITE;
/*!40000 ALTER TABLE `siteblocks_gallery` DISABLE KEYS */;
INSERT INTO `siteblocks_gallery` VALUES (5,'Наши площадки',1,'about'),(6,'Беседки',1,'about'),(7,'Наши площадки',1,'corpo_places'),(9,'Стадион',1,'about'),(10,'Банкетные залы',1,'corpo_places'),(12,'Корпоративы',1,'teambuilding'),(13,'Тимбилдинг',1,'teambuilding'),(14,'test',0,'weddings'),(15,'Регистрация',1,'weddings'),(16,'Сервировка',1,'weddings'),(17,'Свадебный номер',1,'weddings'),(18,'Фотосессия',1,'weddings');
/*!40000 ALTER TABLE `siteblocks_gallery` ENABLE KEYS */;
UNLOCK TABLES;

--
-- Table structure for table `siteblocks_galleryimage`
--

DROP TABLE IF EXISTS `siteblocks_galleryimage`;
/*!40101 SET @saved_cs_client     = @@character_set_client */;
/*!40101 SET character_set_client = utf8 */;
CREATE TABLE `siteblocks_galleryimage` (
  `id` int(11) NOT NULL AUTO_INCREMENT,
  `gallery_id` int(11) NOT NULL,
  `image` varchar(100) NOT NULL,
  PRIMARY KEY (`id`),
  KEY `siteblocks_galleryimage_cb7c733d` (`gallery_id`),
  CONSTRAINT `gallery_id_refs_id_6e820f1d8724edb` FOREIGN KEY (`gallery_id`) REFERENCES `siteblocks_gallery` (`id`)
) ENGINE=InnoDB AUTO_INCREMENT=128 DEFAULT CHARSET=utf8;
/*!40101 SET character_set_client = @saved_cs_client */;

--
-- Dumping data for table `siteblocks_galleryimage`
--

LOCK TABLES `siteblocks_galleryimage` WRITE;
/*!40000 ALTER TABLE `siteblocks_galleryimage` DISABLE KEYS */;
INSERT INTO `siteblocks_galleryimage` VALUES (17,7,'uploads/images/galleries/Nashi_ploschadki/photo0063.jpg'),(18,7,'uploads/images/galleries/Nashi_ploschadki/photo0087.jpg'),(20,7,'uploads/images/galleries/Nashi_ploschadki/photo0099.jpg'),(21,7,'uploads/images/galleries/Nashi_ploschadki/Den\'_stroitelya_(208).JPG'),(22,7,'uploads/images/galleries/Nashi_ploschadki/Den\'_stroitelya_(210).JPG'),(23,7,'uploads/images/galleries/Nashi_ploschadki/Den\'_stroitelya_(211).JPG'),(24,7,'uploads/images/galleries/Nashi_ploschadki/Den\'_stroitelya_(212).JPG'),(25,5,'uploads/images/galleries/Nashi_ploschadki/photo0063_1.jpg'),(26,5,'uploads/images/galleries/Nashi_ploschadki/photo0087_1.jpg'),(28,5,'uploads/images/galleries/Nashi_ploschadki/photo0099_1.jpg'),(29,5,'uploads/images/galleries/Nashi_ploschadki/Den\'_stroitelya_(208)_1.JPG'),(30,5,'uploads/images/galleries/Nashi_ploschadki/Den\'_stroitelya_(210)_1.JPG'),(31,5,'uploads/images/galleries/Nashi_ploschadki/Den\'_stroitelya_(211)_1.JPG'),(32,5,'uploads/images/galleries/Nashi_ploschadki/Den\'_stroitelya_(212)_1.JPG'),(33,6,'uploads/images/galleries/Besedki/DSC_0217.JPG'),(34,6,'uploads/images/galleries/Besedki/DSC_0221.JPG'),(35,6,'uploads/images/galleries/Besedki/DSC_0223.JPG'),(36,6,'uploads/images/galleries/Besedki/DSC_0224.JPG'),(37,6,'uploads/images/galleries/Besedki/DSC_0242.JPG'),(38,6,'uploads/images/galleries/Besedki/DSC_0246.JPG'),(39,9,'uploads/images/galleries/Stadion/IMG_4110-760.jpg'),(40,9,'uploads/images/galleries/Stadion/IMG_4113-761.jpg'),(41,9,'uploads/images/galleries/Stadion/IMG_4296.jpg'),(42,9,'uploads/images/galleries/Stadion/IMG_4401.jpg'),(43,10,'uploads/images/galleries/Banketnyie_zalyi/103.JPG'),(44,10,'uploads/images/galleries/Banketnyie_zalyi/214.JPG'),(45,10,'uploads/images/galleries/Banketnyie_zalyi/20110603-IMG_8781.jpg'),(46,10,'uploads/images/galleries/Banketnyie_zalyi/DSC_0001.JPG'),(47,10,'uploads/images/galleries/Banketnyie_zalyi/DSC_0005.JPG'),(48,10,'uploads/images/galleries/Banketnyie_zalyi/DSC_0431.JPG'),(49,10,'uploads/images/galleries/Banketnyie_zalyi/IMG_0004[1].JPG'),(50,10,'uploads/images/galleries/Banketnyie_zalyi/IMG_0006[1].JPG'),(51,10,'uploads/images/galleries/Banketnyie_zalyi/preview-1.jpg'),(52,10,'uploads/images/galleries/Banketnyie_zalyi/preview-2.jpg'),(55,12,'uploads/images/galleries/Tematicheskie_prazdniki/201.jpg'),(56,12,'uploads/images/galleries/Korporativyi/202.jpg'),(57,12,'uploads/images/galleries/Korporativyi/203.jpg'),(58,12,'uploads/images/galleries/Korporativyi/207.jpg'),(59,12,'uploads/images/galleries/Korporativyi/208.jpg'),(60,12,'uploads/images/galleries/Korporativyi/209.jpg'),(61,12,'uploads/images/galleries/Korporativyi/210.jpg'),(62,12,'uploads/images/galleries/Korporativyi/211.jpg'),(63,12,'uploads/images/galleries/Korporativyi/212.jpg'),(64,12,'uploads/images/galleries/Korporativyi/250.jpg'),(65,12,'uploads/images/galleries/Korporativyi/252.jpg'),(66,12,'uploads/images/galleries/Korporativyi/253.jpg'),(67,12,'uploads/images/galleries/Korporativyi/254.jpg'),(68,12,'uploads/images/galleries/Korporativyi/255.jpg'),(69,12,'uploads/images/galleries/Korporativyi/256.jpg'),(70,12,'uploads/images/galleries/Korporativyi/257.jpg'),(71,12,'uploads/images/galleries/Korporativyi/258.jpg'),(72,12,'uploads/images/galleries/Korporativyi/IMG_1174.jpg'),(73,12,'uploads/images/galleries/Korporativyi/IMG_2696-142.jpg'),(74,12,'uploads/images/galleries/Korporativyi/IMG_2944-222.jpg'),(75,12,'uploads/images/galleries/Korporativyi/IMG_2985-240.jpg'),(76,12,'uploads/images/galleries/Korporativyi/IMG_3209.jpg'),(77,12,'uploads/images/galleries/Korporativyi/IMG_3287-356.jpg'),(78,12,'uploads/images/galleries/Korporativyi/IMG_3304-367.jpg'),(79,12,'uploads/images/galleries/Korporativyi/IMG_5486.jpg'),(80,12,'uploads/images/galleries/Korporativyi/img-0255.jpg'),(81,12,'uploads/images/galleries/Korporativyi/ok-72.jpg'),(82,12,'uploads/images/galleries/Korporativyi/ok-78.jpg'),(83,12,'uploads/images/galleries/Korporativyi/Resize_of_IMG_0019.JPG'),(84,12,'uploads/images/galleries/Korporativyi/Resize_of_IMG_0152.JPG'),(85,13,'uploads/images/galleries/Timbilding/IMG_3159.jpg'),(86,13,'uploads/images/galleries/Timbilding/IMG_3209.jpg'),(87,13,'uploads/images/galleries/Timbilding/IMG_3227.jpg'),(90,13,'uploads/images/galleries/Timbilding/P1020093.JPG'),(91,13,'uploads/images/galleries/Timbilding/P1020122.JPG'),(92,13,'uploads/images/galleries/Timbilding/P1030797.JPG'),(93,13,'uploads/images/galleries/Timbilding/photo0090.jpg'),(94,13,'uploads/images/galleries/Timbilding/photo0117.jpg'),(96,14,'uploads/images/galleries/test/slider-small-sample.png'),(97,15,'uploads/images/galleries/Registratsiya/D3S_1322.jpg'),(98,15,'uploads/images/galleries/Registratsiya/D3S_1368.jpg'),(99,15,'uploads/images/galleries/Registratsiya/DSC_1299_1.jpg'),(100,15,'uploads/images/galleries/Registratsiya/DSC_2550_1.jpg'),(101,15,'uploads/images/galleries/Registratsiya/IMG_0179.jpg'),(102,16,'uploads/images/galleries/Servirovka/DSC_0025.JPG'),(103,16,'uploads/images/galleries/Servirovka/DSC_0037.JPG'),(104,16,'uploads/images/galleries/Servirovka/214.JPG'),(105,16,'uploads/images/galleries/Servirovka/D3S_1078.jpg'),(106,16,'uploads/images/galleries/Servirovka/DSC_2845_1.jpg'),(107,16,'uploads/images/galleries/Servirovka/DSC_2895_1.jpg'),(108,16,'uploads/images/galleries/Servirovka/DSC_3276_1.jpg'),(109,16,'uploads/images/galleries/Servirovka/DSC_3512_1.jpg'),(110,17,'uploads/images/galleries/Svadebnyij_nomer/IMG_4033.jpg'),(113,17,'uploads/images/galleries/Svadebnyij_nomer/DSC_1571_1_1.jpg'),(114,17,'uploads/images/galleries/Svadebnyij_nomer/DSC_1587_1_1.jpg'),(115,18,'uploads/images/galleries/Fotosessiya/D3S_1118.jpg'),(116,18,'uploads/images/galleries/Fotosessiya/D3S_1189.jpg'),(117,18,'uploads/images/galleries/Fotosessiya/D3S_1689.jpg'),(118,18,'uploads/images/galleries/Fotosessiya/D3S_1872.jpg'),(119,18,'uploads/images/galleries/Fotosessiya/D3S_2223.jpg'),(120,18,'uploads/images/galleries/Fotosessiya/D3S_2898.jpg'),(121,18,'uploads/images/galleries/Fotosessiya/F4aAs-R5Jrs.jpg'),(122,18,'uploads/images/galleries/Fotosessiya/IMG_0069.jpg'),(123,18,'uploads/images/galleries/Fotosessiya/IMG_0427.jpg'),(124,18,'uploads/images/galleries/Fotosessiya/IMG_0466.jpg'),(125,18,'uploads/images/galleries/Fotosessiya/IMG_3580.jpg'),(126,18,'uploads/images/galleries/Fotosessiya/IMG_3672.jpg');
/*!40000 ALTER TABLE `siteblocks_galleryimage` ENABLE KEYS */;
UNLOCK TABLES;

--
-- Table structure for table `siteblocks_settings`
--

DROP TABLE IF EXISTS `siteblocks_settings`;
/*!40101 SET @saved_cs_client     = @@character_set_client */;
/*!40101 SET character_set_client = utf8 */;
CREATE TABLE `siteblocks_settings` (
  `id` int(11) NOT NULL AUTO_INCREMENT,
  `title` varchar(150) NOT NULL,
  `name` varchar(250) NOT NULL,
  `value` longtext NOT NULL,
  `type` varchar(20) NOT NULL,
  PRIMARY KEY (`id`)
) ENGINE=MyISAM AUTO_INCREMENT=3 DEFAULT CHARSET=utf8;
/*!40101 SET character_set_client = @saved_cs_client */;

--
-- Dumping data for table `siteblocks_settings`
--

LOCK TABLES `siteblocks_settings` WRITE;
/*!40000 ALTER TABLE `siteblocks_settings` DISABLE KEYS */;
INSERT INTO `siteblocks_settings` VALUES (1,'Зима или Лето','summer_or_winter','summer','input'),(2,'Почта для сообщений','main_email','sales@auroraclub.ru','input');
/*!40000 ALTER TABLE `siteblocks_settings` ENABLE KEYS */;
UNLOCK TABLES;

--
-- Table structure for table `siteblocks_sitemenu`
--

DROP TABLE IF EXISTS `siteblocks_sitemenu`;
/*!40101 SET @saved_cs_client     = @@character_set_client */;
/*!40101 SET character_set_client = utf8 */;
CREATE TABLE `siteblocks_sitemenu` (
  `id` int(11) NOT NULL AUTO_INCREMENT,
  `title` varchar(150) NOT NULL,
  `image` varchar(100) DEFAULT NULL,
  `parent_id` int(11) DEFAULT NULL,
  `url` varchar(150) NOT NULL,
  `order` int(11) NOT NULL,
  `is_published` tinyint(1) NOT NULL,
  `lft` int(10) unsigned NOT NULL,
  `rght` int(10) unsigned NOT NULL,
  `tree_id` int(10) unsigned NOT NULL,
  `level` int(10) unsigned NOT NULL,
  `menu_type` varchar(50) NOT NULL,
  PRIMARY KEY (`id`),
  KEY `siteblocks_sitemenu_63f17a16` (`parent_id`),
  KEY `siteblocks_sitemenu_42b06ff6` (`lft`),
  KEY `siteblocks_sitemenu_6eabc1a6` (`rght`),
  KEY `siteblocks_sitemenu_102f80d8` (`tree_id`),
  KEY `siteblocks_sitemenu_2a8f42e8` (`level`)
) ENGINE=MyISAM AUTO_INCREMENT=20 DEFAULT CHARSET=utf8;
/*!40101 SET character_set_client = @saved_cs_client */;

--
-- Dumping data for table `siteblocks_sitemenu`
--

LOCK TABLES `siteblocks_sitemenu` WRITE;
/*!40000 ALTER TABLE `siteblocks_sitemenu` DISABLE KEYS */;
INSERT INTO `siteblocks_sitemenu` VALUES (4,'Рестораны','',NULL,'/restaurants/',6,1,1,2,3,0,'main'),(3,'Номера','',NULL,'/rooms/',5,1,1,2,6,0,'main'),(5,'Развлечения','',NULL,'/services/',7,1,1,2,4,0,'main'),(6,'О курорте','',NULL,'/info/',8,1,1,2,5,0,'main'),(7,'Цены','',NULL,'/prices/',9,1,1,2,4,0,'main'),(8,'Отзывы','',NULL,'/reviews/',10,1,1,2,6,0,'main'),(9,'О курорте','',NULL,'/info/about/',10,1,1,2,7,0,'about'),(10,'Пресс центр','',NULL,'/info/press/',10,1,1,2,8,0,'about'),(11,'История','',NULL,'/info/history/',10,1,1,2,9,0,'about'),(12,'Вакансии','',NULL,'/info/jobs/',10,1,1,2,10,0,'about'),(13,'Площадки','',NULL,'/for_corporate_clients/places/',10,1,1,2,11,0,'corpo'),(14,'Тематические корпоративы','',NULL,'/for_corporate_clients/teambuilding/',10,1,1,2,12,0,'corpo'),(15,'Конференц-Залы','',NULL,'/for_corporate_clients/conference_rooms/',10,1,1,2,13,0,'corpo'),(16,'Проживание','',NULL,'/prices/rooms/',10,1,1,2,14,0,'prices'),(17,'Развлечения','',NULL,'/prices/services/',10,1,1,2,15,0,'prices'),(18,'Питание','',NULL,'/prices/restaurants/',10,1,1,2,16,0,'prices'),(19,'Дополнительные услуги','',NULL,'/prices/additional_services/',10,1,1,2,17,0,'prices');
/*!40000 ALTER TABLE `siteblocks_sitemenu` ENABLE KEYS */;
UNLOCK TABLES;

--
-- Table structure for table `siteblocks_textblock`
--

DROP TABLE IF EXISTS `siteblocks_textblock`;
/*!40101 SET @saved_cs_client     = @@character_set_client */;
/*!40101 SET character_set_client = utf8 */;
CREATE TABLE `siteblocks_textblock` (
  `id` int(11) NOT NULL AUTO_INCREMENT,
  `title` varchar(150) NOT NULL,
  `name` varchar(250) NOT NULL,
  `value` longtext NOT NULL,
  `type` varchar(20) NOT NULL,
  PRIMARY KEY (`id`)
) ENGINE=MyISAM AUTO_INCREMENT=11 DEFAULT CHARSET=utf8;
/*!40101 SET character_set_client = @saved_cs_client */;

--
-- Dumping data for table `siteblocks_textblock`
--

LOCK TABLES `siteblocks_textblock` WRITE;
/*!40000 ALTER TABLE `siteblocks_textblock` DISABLE KEYS */;
INSERT INTO `siteblocks_textblock` VALUES (1,'О курорте «аврора клуб»','text_about_aurora','<p><p>Базу отдыха основательно перестроили, обновили и отремонтировали, так как раньше на территории клуба находился детский лагерь «Авроровец». Старые лагерные корпуса превратились в комфортабельные гостиницы, в элегантные таун-хаусы.</p><p>Многие люди, отдыхавшие еще в «Авроровце» приезжают к нам отдохнуть и сегодня. Говорят, что это по прежнему лучшее место для отдыха в Ленинградской области. Приезжайте и вы!</p><br></p>','redactor'),(2,'Адрес курорта для страницы \"О курорте\"','about_resort_address','<p>Широта</p>\r\n<p>60°18′7.01″ с. ш.</p>\r\n<p>(60.301946)&nbsp;</p>\r\n\r\n<p>Долгота</p><p>29°17′25.42″ в. д.&nbsp;</p>\r\n\r\n<p>(29.290395)&nbsp;</p>\r\n\r\n<p>До Нашего курорта идёт маршрутное такси № 827</p>\r\n','redactor'),(3,'Адрес офиса для страницы \"О курорте\"','about_office_address','Проспект Просвещения, дом 33/2, офис 58-Н&nbsp; \r\n<p><span style=\"line-height: 1.45em; font-size: 11px;\">Вход во двор под арку с улицы Есенина, первая парадная направо (№10), табличка \"АВРОРА-КЛУБ\", домофон \"300\".&nbsp;</span></p>\r\n<p>Режим работы с 10:00 до 19:00 по рабочим дням&nbsp; \r\n</p><p>+7 (812) 595-02-90</p>\r\n<p></p>\r\n','redactor'),(4,'Пояснение про комплексное питание','restraunts_heading_text','Каждый раз\r\nна выбор\r\nпредлагается\r\n3 блюда','redactor'),(5,'Комплексное питание для взрослых','restraunts_adults_text','<p><b>Питание для взрослых</b></p><p><b></b></p><table><tbody><tr><td><span style=\"font-weight: normal;\">Завтрак</span></td><td><p>150-200 руб.</p></td></tr><tr><td><span style=\"font-weight: normal;\">Обед</span></td><td><p>300 руб.</p></td></tr><tr><td><span style=\"font-weight: normal;\">Ужин</span></td><td><p>250 руб.</p></td></tr></tbody></table><p></p>\r\n<p>При предварительном заказе трехразового питания 700 руб./сутки за человека </p>\r\n','redactor'),(6,'Комплексное питание для детей','restraunts_children_text','<p><b>Питание для детей</b></p>\r\n\r\n<table>\r\n<tbody>\r\n	<tr>\r\n		<td>Завтрак</td>\r\n\r\n		<td>\r\n<p>150-200 руб.</p>\r\n</td>\r\n	</tr>\r\n\r\n	<tr>\r\n		<td>Обед</td>\r\n\r\n		<td>\r\n<p>250-300 руб.</p>\r\n</td>\r\n	</tr>\r\n\r\n	<tr>\r\n		<td>Ужин</td>\r\n\r\n		<td>\r\n<p>200-250 руб.</p>\r\n</td>\r\n	</tr>\r\n</tbody>\r\n</table>\r\n\r\n<p>При предварительном заказе трехразового питания</p>\r\n\r\n<p>600 руб./сутки за ребенка</p>\r\n<br>','redactor'),(7,' Заказ комплексного питания','restraunts_order_text','<p>Предварительный заказ&nbsp;</p><p><br></p><p>&nbsp;+7 (812) 595-02-90&nbsp;</p><blockquote>офис продаж&nbsp;</blockquote><blockquote><br></blockquote><p>&nbsp;+7 (911) 271-67-50&nbsp;</p><blockquote>администратор курорта</blockquote><p>\r\n</p>\r\n','redactor'),(8,'Текст страницы \"площадки\"','corpo_places_text','Корпоративное мероприятие на загородном курорте «АВРОРА КЛУБ» — это веселые, оригинальные и незабываемые впечатления на целый год!\r\n<div><br></div><div>Размещение в гостинице или комфортабельных таунхаусах (до 175 чел.)&nbsp;</div><div>Праздничный банкет в Диско-зале (до 200 чел.) или в ресторане «Наутилус» (залы до 100 чел.)<br></div><div>Анимационные программы, музыкальное сопровождение, дискотека, ведущий<br></div><div>Загородные развлечения: пейнтбол, квадроциклы, коный клуб, каток, лыжи, горка для ватрушек, сауны, бильярд и т.д.<br></div>','redactor'),(9,'Текст страницы \"тематические корпоративы\"','teambuilding_text','<p>Amat victoria curam.</p>\r\n\r\n\r\n\r\n\r\n<p>Это латынь. \"Победа любит заботу\".</p>\r\n\r\n\r\n\r\n\r\n<p>Кстати, успех бизнеса, фирмы - это тоже победа. Которая ничуть не меньше любит заботу.</p>\r\n\r\n\r\n\r\n\r\n<p>Второе, о чем нужно вспомнить - бизнес делают люди, а не машины и деньги. Без людей бизнеса нет.</p>\r\n\r\n\r\n\r\n\r\n<p>Тут и появляется важная штука - тимбилдинг. Важная для любой фирмы.</p>\r\n\r\n\r\n\r\n\r\n<p>Тимбилдинг :</p>\r\n\r\n\r\n\r\n\r\n<ul>\r\n<li>вы получите коллектив, способный к любым неожиданностям</li>\r\n<li>отличный командный отдых на свежем воздухе</li>\r\n<li>тренинги, полезные для людей, работающих в самых разных областях бизнеса.</li>\r\n<li>и просто веселая поездка для всей команды</li>\r\n</ul><br>','redactor'),(10,'Свадьбы и торжества','weddings_text','<p>Превратить свою свадьбу в незабываемое торжество Вам поможет загородный курорт «АВРОРА-КЛУБ»</p>\r\n<p>Курорт расположен в живописном лесном массиве в окружении голубых озер.</p>\r\n<p>Окружающая природа Карельского перешейка порадует Вас в любое время года.</p>\r\n<p>\r\n</p><p>Для того что бы Вы могли сыграть яркую, незабываемую свадьбу мы предоставим просторные банкетные залы, открытые уличные площадки, террасу в ресторане над озером, уютную беседку на берегу озера «Подковка».</p>\r\n<p>\r\n</p><p>После свадебного банкета мы будем рады разместить молодоженов и гостей в комфортабельных номерах или таунхаусах.</p>\r\n<p>\r\n</p><p>Если Вы хотите сделать Вшу свадьбу не похожей на другие, предлагаем Вам церемонию бракосочетания вне стен ЗАГСа - выездная регистрация.</p>\r\n<p>Только представьте себе - романтическое место, изысканные украшения, волшебная музыка, все внимание приковано только к Вам…</p>\r\n<p>Свадьбы в «АВРОРА-КЛУБЕ» всегда удивительны и неповторимы.</p>\r\n<p>\r\n</p><p>Ждем Вас!</p>\r\n','redactor');
/*!40000 ALTER TABLE `siteblocks_textblock` ENABLE KEYS */;
UNLOCK TABLES;

--
-- Table structure for table `south_migrationhistory`
--

DROP TABLE IF EXISTS `south_migrationhistory`;
/*!40101 SET @saved_cs_client     = @@character_set_client */;
/*!40101 SET character_set_client = utf8 */;
CREATE TABLE `south_migrationhistory` (
  `id` int(11) NOT NULL AUTO_INCREMENT,
  `app_name` varchar(255) NOT NULL,
  `migration` varchar(255) NOT NULL,
  `applied` datetime NOT NULL,
  PRIMARY KEY (`id`)
) ENGINE=MyISAM AUTO_INCREMENT=43 DEFAULT CHARSET=utf8;
/*!40101 SET character_set_client = @saved_cs_client */;

--
-- Dumping data for table `south_migrationhistory`
--

LOCK TABLES `south_migrationhistory` WRITE;
/*!40000 ALTER TABLE `south_migrationhistory` DISABLE KEYS */;
INSERT INTO `south_migrationhistory` VALUES (1,'menu','0001_initial','2013-05-29 12:59:42'),(2,'dashboard','0001_initial','2013-05-29 12:59:42'),(3,'dashboard','0002_auto__add_field_dashboardpreferences_dashboard_id','2013-05-29 12:59:43'),(4,'dashboard','0003_auto__add_unique_dashboardpreferences_dashboard_id_user','2013-05-29 12:59:43'),(5,'siteblocks','0001_initial','2013-05-29 12:59:43'),(6,'siteblocks','0002_auto__add_textblock','2013-05-29 12:59:43'),(7,'pages','0001_initial','2013-05-29 12:59:43'),(8,'newsboard','0001_initial','2013-05-29 12:59:43'),(9,'rooms','0001_initial','2013-05-29 12:59:44'),(10,'rooms','0002_auto__chg_field_price_price','2013-05-29 14:55:45'),(11,'rooms','0003_auto__add_field_roomtype_label__del_field_room_room_config__add_field_','2013-05-29 15:43:52'),(12,'rooms','0005_auto__del_field_room_room_type__add_field_room_hotel','2013-05-29 16:25:37'),(13,'rooms','0006_auto__del_panorama__del_photo__add_roomphoto__add_roompanorama','2013-05-29 16:44:40'),(14,'rooms','0007_auto__add_field_hoteltype_slug__add_field_hotel_slug__chg_field_season','2013-05-31 13:54:05'),(15,'rooms','0008_auto__del_field_hoteltype_slug__add_field_hoteltype_subtype','2013-05-31 14:13:19'),(16,'rooms','0009_auto__add_field_hoteltype_slug','2013-05-31 15:49:01'),(17,'services','0001_initial','2013-06-01 16:22:16'),(18,'rooms','0010_auto__add_field_roompanorama_preview','2013-06-02 19:52:45'),(19,'newsboard','0002_auto__del_field_news_on_main_page__add_field_news_date_end__chg_field_','2013-06-04 02:48:18'),(20,'newsboard','0003_auto__chg_field_news_date_end','2013-06-04 02:52:22'),(21,'press','0001_initial','2013-06-05 14:15:32'),(22,'press','0002_auto__chg_field_specialoffer_date_from__chg_field_specialoffer_date_to','2013-06-05 15:13:26'),(23,'press','0003_auto__add_newsitem','2013-06-05 16:34:44'),(24,'press','0004_auto__add_field_pressitem_type','2013-06-05 18:34:34'),(25,'press','0005_auto__chg_field_pressitem_type','2013-06-05 18:40:32'),(26,'press','0006_auto__del_field_pressitem_type','2013-06-05 18:43:19'),(27,'press','0007_auto__add_field_pressitem_press_type__add_field_pressitem_press_type_s','2013-06-05 18:47:35'),(28,'siteblocks','0003_auto__add_field_sitemenu_menu_type','2013-06-06 11:47:15'),(29,'siteblocks','0004_auto__add_galleryimage__add_gallery','2013-06-06 14:15:36'),(30,'rooms','0011_auto__add_restaurantimage__add_restaurant','2013-06-07 18:44:55'),(31,'rooms','0012_auto__add_field_restaurantimage_restaurant','2013-06-07 18:55:27'),(32,'siteblocks','0005_auto__add_field_gallery_gallery_type__chg_field_gallery_title','2013-06-15 02:51:05'),(33,'rooms','0013_auto__add_field_room_preview__del_field_roompanorama_preview','2013-06-19 16:09:42'),(34,'rooms','0014_auto__add_field_hotel_image_summer','2013-06-20 19:02:10'),(35,'reviews','0001_initial','2013-06-24 21:07:47'),(36,'rooms','0015_auto__add_order','2013-07-05 15:49:27'),(37,'rooms','0016_auto__del_field_order_review__add_field_order_season__add_field_order_','2013-07-05 15:49:27'),(38,'rooms','0017_auto__chg_field_price_price','2013-07-05 15:49:27'),(39,'reviews','0002_auto__add_field_review_phone','2013-07-05 15:49:28'),(40,'press','0008_auto__add_field_specialoffer_show_in_slider','2013-07-09 00:26:43'),(41,'services','0002_auto__add_field_service_order','2013-08-19 14:07:07'),(42,'reviews','0003_auto__add_field_review_is_published','2013-08-19 19:21:06');
/*!40000 ALTER TABLE `south_migrationhistory` ENABLE KEYS */;
UNLOCK TABLES;

--
-- Table structure for table `thumbnail_kvstore`
--

DROP TABLE IF EXISTS `thumbnail_kvstore`;
/*!40101 SET @saved_cs_client     = @@character_set_client */;
/*!40101 SET character_set_client = utf8 */;
CREATE TABLE `thumbnail_kvstore` (
  `key` varchar(200) NOT NULL,
  `value` longtext NOT NULL,
  PRIMARY KEY (`key`)
) ENGINE=MyISAM DEFAULT CHARSET=utf8;
/*!40101 SET character_set_client = @saved_cs_client */;

--
-- Dumping data for table `thumbnail_kvstore`
--

LOCK TABLES `thumbnail_kvstore` WRITE;
/*!40000 ALTER TABLE `thumbnail_kvstore` DISABLE KEYS */;
INSERT INTO `thumbnail_kvstore` VALUES ('sorl-thumbnail||image||68b2b6d6f49b81541ede2f7f0a8e246e','{\"storage\": \"django.core.files.storage.FileSystemStorage\", \"name\": \"images/hotel/hotel-2.png\", \"size\": [180, 95]}'),('sorl-thumbnail||image||8c10e056a941d1fbfa4b60ee6f821714','{\"storage\": \"django.core.files.storage.FileSystemStorage\", \"name\": \"cache/66/40/6640894992c73de60b883e2894accd07.jpg\", \"size\": [119, 63]}'),('sorl-thumbnail||thumbnails||68b2b6d6f49b81541ede2f7f0a8e246e','[\"8c10e056a941d1fbfa4b60ee6f821714\", \"6a2fbf9a7ac437aea56073fa187c94db\", \"813bf1c3db237c29a8ef6d6aae779c40\"]'),('sorl-thumbnail||image||32d2b442cf4c6cabfaa27aa27dbe6911','{\"storage\": \"django.core.files.storage.FileSystemStorage\", \"name\": \"images/hotel/hotel-3.png\", \"size\": [180, 113]}'),('sorl-thumbnail||image||a3fa7bdda7cb5654403ed8388a13d7f8','{\"storage\": \"django.core.files.storage.FileSystemStorage\", \"name\": \"cache/51/68/5168865d7400511f49b6f9709623222f.jpg\", \"size\": [119, 75]}'),('sorl-thumbnail||thumbnails||32d2b442cf4c6cabfaa27aa27dbe6911','[\"a3fa7bdda7cb5654403ed8388a13d7f8\", \"7e9405e7db622ed255f223d3cc5fb870\", \"c60f897bbc6d492b22d853396d57eefe\"]'),('sorl-thumbnail||image||221cd0b72fd5908c8ee11393d3cb6f92','{\"storage\": \"django.core.files.storage.FileSystemStorage\", \"name\": \"images/hotel/hotel_2.png\", \"size\": [178, 110]}'),('sorl-thumbnail||image||e40a8a11daaf197e725833b3b66220f3','{\"storage\": \"django.core.files.storage.FileSystemStorage\", \"name\": \"cache/66/9e/669efc99578888f6f2f8ef204ddf7d68.jpg\", \"size\": [120, 74]}'),('sorl-thumbnail||thumbnails||221cd0b72fd5908c8ee11393d3cb6f92','[\"a4a25cce60b167d8ac1319dd70cfdd5c\", \"20cf4fbfffd71b7fcb08d0c35465eea5\", \"e40a8a11daaf197e725833b3b66220f3\"]'),('sorl-thumbnail||image||f1d7cebdcf07e36330fdb9e06806e059','{\"storage\": \"django.core.files.storage.FileSystemStorage\", \"name\": \"images/hotel/townhouse_2.png\", \"size\": [122, 73]}'),('sorl-thumbnail||image||2f4fbc5445749a236643efd6a916adae','{\"storage\": \"django.core.files.storage.FileSystemStorage\", \"name\": \"cache/c5/46/c546e2a50b9f76d36b1c5df28e423fbb.jpg\", \"size\": [120, 72]}'),('sorl-thumbnail||thumbnails||f1d7cebdcf07e36330fdb9e06806e059','[\"f54d7553c0f442911f9f068284a32521\", \"2f4fbc5445749a236643efd6a916adae\"]'),('sorl-thumbnail||image||e120ddb87083f0726bbf3bab1fde3646','{\"storage\": \"django.core.files.storage.FileSystemStorage\", \"name\": \"images/hotel/townhouse_1.png\", \"size\": [122, 73]}'),('sorl-thumbnail||image||f7a40c448574ab9b0537ff36928b8fe4','{\"storage\": \"django.core.files.storage.FileSystemStorage\", \"name\": \"cache/5f/77/5f77cdfb153cbaf75e7de54dc7e43fb8.jpg\", \"size\": [120, 72]}'),('sorl-thumbnail||thumbnails||e120ddb87083f0726bbf3bab1fde3646','[\"4f253ba06c10662be8286996f418a9a5\", \"f7a40c448574ab9b0537ff36928b8fe4\"]'),('sorl-thumbnail||image||80a33a71d8367a61ab797fde3280df4a','{\"storage\": \"django.core.files.storage.FileSystemStorage\", \"name\": \"images/hotel/townhouse.png\", \"size\": [122, 73]}'),('sorl-thumbnail||image||1859088e66dd583b983e50402ab0040d','{\"storage\": \"django.core.files.storage.FileSystemStorage\", \"name\": \"cache/19/ae/19aeda94faa65009067463a4dd25d656.jpg\", \"size\": [120, 72]}'),('sorl-thumbnail||thumbnails||80a33a71d8367a61ab797fde3280df4a','[\"6b22225da77df7bbdaf7910aea41766b\", \"1859088e66dd583b983e50402ab0040d\"]'),('sorl-thumbnail||image||5610fa0dc4941470e643217c1e7d4424','{\"storage\": \"django.core.files.storage.FileSystemStorage\", \"name\": \"images/hotel/townhouse2_1.png\", \"size\": [142, 81]}'),('sorl-thumbnail||image||59bff7dc22737bb2bfd13454337fafab','{\"storage\": \"django.core.files.storage.FileSystemStorage\", \"name\": \"cache/e9/56/e956616c7dd10509d894f386010476aa.jpg\", \"size\": [119, 68]}'),('sorl-thumbnail||thumbnails||5610fa0dc4941470e643217c1e7d4424','[\"59bff7dc22737bb2bfd13454337fafab\", \"27936ddd3bc2e7df58e01a3f994a54cf\"]'),('sorl-thumbnail||image||52564e1bcec2aca4bf42dea3b6792079','{\"storage\": \"django.core.files.storage.FileSystemStorage\", \"name\": \"images/hotel/townhouse2.png\", \"size\": [142, 81]}'),('sorl-thumbnail||image||fe8cdb2dbe5334f0c00640bbd968ddca','{\"storage\": \"django.core.files.storage.FileSystemStorage\", \"name\": \"cache/ad/45/ad450069982f202aed3c1a8e40940202.jpg\", \"size\": [119, 68]}'),('sorl-thumbnail||thumbnails||52564e1bcec2aca4bf42dea3b6792079','[\"fe8cdb2dbe5334f0c00640bbd968ddca\", \"d458355df3c3de102c0a492caf29187b\"]'),('sorl-thumbnail||image||813bf1c3db237c29a8ef6d6aae779c40','{\"storage\": \"django.core.files.storage.FileSystemStorage\", \"name\": \"cache/e1/55/e1554f0243cf8ba4df492d55a9ea45e9.png\", \"size\": [119, 63]}'),('sorl-thumbnail||image||7e9405e7db622ed255f223d3cc5fb870','{\"storage\": \"django.core.files.storage.FileSystemStorage\", \"name\": \"cache/a1/c8/a1c8fe335406c5fcee35d4e1aed29b73.png\", \"size\": [119, 75]}'),('sorl-thumbnail||image||a4a25cce60b167d8ac1319dd70cfdd5c','{\"storage\": \"django.core.files.storage.FileSystemStorage\", \"name\": \"cache/57/5e/575e2c0d9edc822fa437ade4076c14f1.png\", \"size\": [120, 74]}'),('sorl-thumbnail||image||f54d7553c0f442911f9f068284a32521','{\"storage\": \"django.core.files.storage.FileSystemStorage\", \"name\": \"cache/72/9c/729cb1c8edc96a431f87e8189257b09d.png\", \"size\": [120, 72]}'),('sorl-thumbnail||image||4f253ba06c10662be8286996f418a9a5','{\"storage\": \"django.core.files.storage.FileSystemStorage\", \"name\": \"cache/9b/32/9b329fa64f2c079d86b2f5a7da57dd22.png\", \"size\": [120, 72]}'),('sorl-thumbnail||image||6b22225da77df7bbdaf7910aea41766b','{\"storage\": \"django.core.files.storage.FileSystemStorage\", \"name\": \"cache/aa/4d/aa4d3291adc816b4dc3a97f312480fda.png\", \"size\": [120, 72]}'),('sorl-thumbnail||image||27936ddd3bc2e7df58e01a3f994a54cf','{\"storage\": \"django.core.files.storage.FileSystemStorage\", \"name\": \"cache/f4/7f/f47fd45e28ca3e00d378b681b657d4c9.png\", \"size\": [119, 68]}'),('sorl-thumbnail||image||d458355df3c3de102c0a492caf29187b','{\"storage\": \"django.core.files.storage.FileSystemStorage\", \"name\": \"cache/db/36/db361a724292338220758033e3e86d44.png\", \"size\": [119, 68]}'),('sorl-thumbnail||image||9b01337cb8fa9e5ab1c23aee60365851','{\"storage\": \"django.core.files.storage.FileSystemStorage\", \"name\": \"images/roomphoto/room-example1.jpg\", \"size\": [600, 399]}'),('sorl-thumbnail||image||5a0f8e10e030abf86ed692703a9918ab','{\"storage\": \"django.core.files.storage.FileSystemStorage\", \"name\": \"cache/6c/62/6c628d44a2a6a118c049ff53ef649c3a.jpg\", \"size\": [74, 74]}'),('sorl-thumbnail||thumbnails||9b01337cb8fa9e5ab1c23aee60365851','[\"5a0f8e10e030abf86ed692703a9918ab\"]'),('sorl-thumbnail||image||13b64915b6d693e916ab6c619673a62f','{\"storage\": \"django.core.files.storage.FileSystemStorage\", \"name\": \"images/roomphoto/room-example2.jpg\", \"size\": [600, 399]}'),('sorl-thumbnail||image||e34e27b3a2fc424e9697b68dd32d7e3e','{\"storage\": \"django.core.files.storage.FileSystemStorage\", \"name\": \"cache/5c/98/5c98535fe86ad1ba3573e1ed578afcba.jpg\", \"size\": [74, 74]}'),('sorl-thumbnail||thumbnails||13b64915b6d693e916ab6c619673a62f','[\"e34e27b3a2fc424e9697b68dd32d7e3e\"]'),('sorl-thumbnail||image||718025d0adb7ebf37371e89710ba06ce','{\"storage\": \"django.core.files.storage.FileSystemStorage\", \"name\": \"images/roomphoto/room-example3.jpg\", \"size\": [600, 399]}'),('sorl-thumbnail||image||051431f3ceddc3521392fb3d1d5c9305','{\"storage\": \"django.core.files.storage.FileSystemStorage\", \"name\": \"cache/22/19/2219b16cf35e79497ebbbd9dd9cec31f.jpg\", \"size\": [74, 74]}'),('sorl-thumbnail||thumbnails||718025d0adb7ebf37371e89710ba06ce','[\"051431f3ceddc3521392fb3d1d5c9305\"]'),('sorl-thumbnail||image||1ac155ee5518284a5eba1225b94d6475','{\"storage\": \"django.core.files.storage.FileSystemStorage\", \"name\": \"images/roomphoto/room-example4.jpg\", \"size\": [600, 399]}'),('sorl-thumbnail||image||ebde8c3b6339ba34e08c5dd6efe9970d','{\"storage\": \"django.core.files.storage.FileSystemStorage\", \"name\": \"cache/ea/32/ea3267fecdd6df7212d2139d05a8ed80.jpg\", \"size\": [74, 74]}'),('sorl-thumbnail||thumbnails||1ac155ee5518284a5eba1225b94d6475','[\"ebde8c3b6339ba34e08c5dd6efe9970d\"]'),('sorl-thumbnail||image||525bfa273b8b9c28f3f86ee78a6e27a6','{\"storage\": \"django.core.files.storage.FileSystemStorage\", \"name\": \"images/roomphoto/room-example5.jpg\", \"size\": [600, 399]}'),('sorl-thumbnail||image||013c3f36c64bfbe03b035e48f5e63927','{\"storage\": \"django.core.files.storage.FileSystemStorage\", \"name\": \"cache/8a/fb/8afb0d890efcd7b7110133dc371affd2.jpg\", \"size\": [74, 74]}'),('sorl-thumbnail||thumbnails||525bfa273b8b9c28f3f86ee78a6e27a6','[\"013c3f36c64bfbe03b035e48f5e63927\"]'),('sorl-thumbnail||image||8399b0e05d22d5c79529f3862d7aba90','{\"storage\": \"django.core.files.storage.FileSystemStorage\", \"name\": \"images/roomphoto/room-example6.jpg\", \"size\": [600, 399]}'),('sorl-thumbnail||image||2bd84ed462cac646e7ea6818b5da3ae2','{\"storage\": \"django.core.files.storage.FileSystemStorage\", \"name\": \"cache/34/f3/34f3bc6b6787dc3ea1f5bf7c84cf0dfd.jpg\", \"size\": [74, 74]}'),('sorl-thumbnail||thumbnails||8399b0e05d22d5c79529f3862d7aba90','[\"2bd84ed462cac646e7ea6818b5da3ae2\"]'),('sorl-thumbnail||image||a8ad636f9e4fc93c50217123e8d81b43','{\"storage\": \"django.core.files.storage.FileSystemStorage\", \"name\": \"images/roomphoto/room-example7.jpg\", \"size\": [600, 399]}'),('sorl-thumbnail||image||02e3a4533be8727c00c4da7cab3974c5','{\"storage\": \"django.core.files.storage.FileSystemStorage\", \"name\": \"cache/c8/71/c871675bdaf8bf0eace73ddb4e9a97eb.jpg\", \"size\": [74, 74]}'),('sorl-thumbnail||thumbnails||a8ad636f9e4fc93c50217123e8d81b43','[\"02e3a4533be8727c00c4da7cab3974c5\"]'),('sorl-thumbnail||image||2beb1626ff7b9872ff2597862ec5f937','{\"storage\": \"django.core.files.storage.FileSystemStorage\", \"name\": \"images/hotel/8/townhouse2.png\", \"size\": [142, 81]}'),('sorl-thumbnail||image||ebf4646b94c04c9f6c2d8fb4e52cd64d','{\"storage\": \"django.core.files.storage.FileSystemStorage\", \"name\": \"cache/fe/ab/feab67385e1b9725b642b1c5d114222e.png\", \"size\": [119, 68]}'),('sorl-thumbnail||thumbnails||2beb1626ff7b9872ff2597862ec5f937','[\"d7679435d667aaf2dde5d362f3d96b19\", \"ebf4646b94c04c9f6c2d8fb4e52cd64d\"]'),('sorl-thumbnail||image||8ab69991e86843997ee00cc89e3cc5af','{\"storage\": \"django.core.files.storage.FileSystemStorage\", \"name\": \"images/hotel/6/townhouse.png\", \"size\": [122, 73]}'),('sorl-thumbnail||image||3179f4d05fe67ece99707130a030f37f','{\"storage\": \"django.core.files.storage.FileSystemStorage\", \"name\": \"cache/6f/77/6f7735f4ab423854899960fde6b0811c.png\", \"size\": [120, 72]}'),('sorl-thumbnail||thumbnails||8ab69991e86843997ee00cc89e3cc5af','[\"3179f4d05fe67ece99707130a030f37f\", \"d33202fd353bebcdebe4998de8dad5a8\"]'),('sorl-thumbnail||image||e2b0edaac84c3e7cb0398618aac6311a','{\"storage\": \"django.core.files.storage.FileSystemStorage\", \"name\": \"uploads/images/galleries/Nashi_ploschadki/super-slider-image_1.png\", \"size\": [600, 399]}'),('sorl-thumbnail||image||7399e608a797ef57aa2d007f689e145c','{\"storage\": \"django.core.files.storage.FileSystemStorage\", \"name\": \"cache/21/6a/216abd8113bc5c30a40a0dbf4a6f1a19.jpg\", \"size\": [74, 74]}'),('sorl-thumbnail||thumbnails||e2b0edaac84c3e7cb0398618aac6311a','[\"7399e608a797ef57aa2d007f689e145c\"]'),('sorl-thumbnail||image||1f4c3d9e5e977501affd5232b50e56e8','{\"storage\": \"django.core.files.storage.FileSystemStorage\", \"name\": \"uploads/images/galleries/Nashi_ploschadki/super-slider-image_2.png\", \"size\": [600, 399]}'),('sorl-thumbnail||image||f43bd18d10771fdaa9c1171b1d6b927f','{\"storage\": \"django.core.files.storage.FileSystemStorage\", \"name\": \"cache/1b/7d/1b7d14c3e5dcbf93ed3528e2d99bf82f.jpg\", \"size\": [74, 74]}'),('sorl-thumbnail||thumbnails||1f4c3d9e5e977501affd5232b50e56e8','[\"f43bd18d10771fdaa9c1171b1d6b927f\"]'),('sorl-thumbnail||image||188591b3ac9635aa0201b53eea012840','{\"storage\": \"django.core.files.storage.FileSystemStorage\", \"name\": \"uploads/images/galleries/Nashi_ploschadki/super-slider-image_3.png\", \"size\": [600, 399]}'),('sorl-thumbnail||image||0a8fda2f4808861133671abd0319afde','{\"storage\": \"django.core.files.storage.FileSystemStorage\", \"name\": \"cache/28/30/2830a14f25f8cfaaf616038adeafd6e4.jpg\", \"size\": [74, 74]}'),('sorl-thumbnail||thumbnails||188591b3ac9635aa0201b53eea012840','[\"0a8fda2f4808861133671abd0319afde\"]'),('sorl-thumbnail||image||e69506acd74f12df597d5ca76ea4d40a','{\"storage\": \"django.core.files.storage.FileSystemStorage\", \"name\": \"uploads/images/galleries/Nashi_ploschadki/super-slider-image_4.png\", \"size\": [600, 399]}'),('sorl-thumbnail||image||d68be5b17e9d529398d740c65b89c2fa','{\"storage\": \"django.core.files.storage.FileSystemStorage\", \"name\": \"cache/47/cc/47cce39b26064dc4ffb5b58f0549b433.jpg\", \"size\": [74, 74]}'),('sorl-thumbnail||thumbnails||e69506acd74f12df597d5ca76ea4d40a','[\"d68be5b17e9d529398d740c65b89c2fa\"]'),('sorl-thumbnail||image||02dcba0a412ce220d82a7cd8fd089fe4','{\"storage\": \"django.core.files.storage.FileSystemStorage\", \"name\": \"uploads/images/galleries/Nomera/super-slider-image.png\", \"size\": [600, 399]}'),('sorl-thumbnail||image||1f08ef551b2893ffe04251541230d329','{\"storage\": \"django.core.files.storage.FileSystemStorage\", \"name\": \"cache/d3/6c/d36cdc15e1039e379a5498501bc51f21.jpg\", \"size\": [74, 74]}'),('sorl-thumbnail||thumbnails||02dcba0a412ce220d82a7cd8fd089fe4','[\"1f08ef551b2893ffe04251541230d329\"]'),('sorl-thumbnail||image||68d53b60ec12c0da28bfd4b28a41f319','{\"storage\": \"django.core.files.storage.FileSystemStorage\", \"name\": \"uploads/images/galleries/Nomera/super-slider-image_1.png\", \"size\": [600, 399]}'),('sorl-thumbnail||image||7d3ca342c0bf31c651a4cdff4f59087d','{\"storage\": \"django.core.files.storage.FileSystemStorage\", \"name\": \"cache/41/99/4199f6fe46b234ec1811c7aa80f08383.jpg\", \"size\": [74, 74]}'),('sorl-thumbnail||thumbnails||68d53b60ec12c0da28bfd4b28a41f319','[\"7d3ca342c0bf31c651a4cdff4f59087d\"]'),('sorl-thumbnail||image||dc5b6d4a827ffaecba3a462006b5f2aa','{\"storage\": \"django.core.files.storage.FileSystemStorage\", \"name\": \"images/press/pressphoto/boat.png\", \"size\": [74, 74]}'),('sorl-thumbnail||image||e9defdd76a75542b9165877a917e56ba','{\"storage\": \"django.core.files.storage.FileSystemStorage\", \"name\": \"cache/06/6d/066d7e52df05299f3afd7e8b81bc5d2f.jpg\", \"size\": [76, 76]}'),('sorl-thumbnail||thumbnails||dc5b6d4a827ffaecba3a462006b5f2aa','[\"f12e9909dfbc2b08bbcbd2312e7ea856\", \"e9defdd76a75542b9165877a917e56ba\"]'),('sorl-thumbnail||image||1a394817d4b106e4f565db87ad696e39','{\"storage\": \"django.core.files.storage.FileSystemStorage\", \"name\": \"images/press/pressphoto/globe.png\", \"size\": [135, 118]}'),('sorl-thumbnail||image||1172ce5be6d4e7838038738249f2821a','{\"storage\": \"django.core.files.storage.FileSystemStorage\", \"name\": \"cache/78/ff/78ffcb5456a023fa740488c717707c24.jpg\", \"size\": [76, 66]}'),('sorl-thumbnail||thumbnails||1a394817d4b106e4f565db87ad696e39','[\"1172ce5be6d4e7838038738249f2821a\", \"0635dbe643cd9b8b0f88864588718dfd\"]'),('sorl-thumbnail||image||0dc83de28de4eff6628f1d1656a7a144','{\"storage\": \"django.core.files.storage.FileSystemStorage\", \"name\": \"images/press/pressphoto/mini-logo.png\", \"size\": [73, 85]}'),('sorl-thumbnail||image||ab0a207e427a89b63482d3a347e7850c','{\"storage\": \"django.core.files.storage.FileSystemStorage\", \"name\": \"cache/27/fe/27fef99d6a1274a8d9e90d6d9524f62d.jpg\", \"size\": [65, 76]}'),('sorl-thumbnail||thumbnails||0dc83de28de4eff6628f1d1656a7a144','[\"ab0a207e427a89b63482d3a347e7850c\", \"6db8460c1227750b940b802fb346c6dc\"]'),('sorl-thumbnail||image||f12e9909dfbc2b08bbcbd2312e7ea856','{\"storage\": \"django.core.files.storage.FileSystemStorage\", \"name\": \"cache/53/50/535075d08e4eb5ceae2cba37c4282666.png\", \"size\": [76, 76]}'),('sorl-thumbnail||image||0635dbe643cd9b8b0f88864588718dfd','{\"storage\": \"django.core.files.storage.FileSystemStorage\", \"name\": \"cache/a3/02/a3024604673a516870376a936c867a87.png\", \"size\": [76, 76]}'),('sorl-thumbnail||image||6db8460c1227750b940b802fb346c6dc','{\"storage\": \"django.core.files.storage.FileSystemStorage\", \"name\": \"cache/41/87/41871befedc6c54a36964922b82f771d.png\", \"size\": [76, 76]}'),('sorl-thumbnail||image||04268736fec3eef6c688a94a4e7ec4df','{\"storage\": \"django.core.files.storage.FileSystemStorage\", \"name\": \"images/restaurantimage/super-slider-image.png\", \"size\": [600, 399]}'),('sorl-thumbnail||image||7d4f80cddc44f913320364dfb988b276','{\"storage\": \"django.core.files.storage.FileSystemStorage\", \"name\": \"cache/c5/27/c527152bf0fb04d6cfd1911946ba708f.jpg\", \"size\": [74, 74]}'),('sorl-thumbnail||thumbnails||04268736fec3eef6c688a94a4e7ec4df','[\"7d4f80cddc44f913320364dfb988b276\"]'),('sorl-thumbnail||image||437608a6f4acfd577f33ce9674fe18ec','{\"storage\": \"django.core.files.storage.FileSystemStorage\", \"name\": \"images/restaurantimage/super-slider-image_1.png\", \"size\": [600, 399]}'),('sorl-thumbnail||image||307dc89fdd396b74812d3b148d8711f2','{\"storage\": \"django.core.files.storage.FileSystemStorage\", \"name\": \"cache/19/4f/194fe00daa2b47a3f119353b74b43d8c.jpg\", \"size\": [74, 74]}'),('sorl-thumbnail||thumbnails||437608a6f4acfd577f33ce9674fe18ec','[\"307dc89fdd396b74812d3b148d8711f2\"]'),('sorl-thumbnail||image||6d905b85a7d66a7cda9cce573b095307','{\"storage\": \"django.core.files.storage.FileSystemStorage\", \"name\": \"images/restaurantimage/super-slider-image_2.png\", \"size\": [600, 399]}'),('sorl-thumbnail||image||3afe888d0508a026677e4af4c67cd86e','{\"storage\": \"django.core.files.storage.FileSystemStorage\", \"name\": \"cache/25/a9/25a9138587577a14bb4f4c33ba951eec.jpg\", \"size\": [74, 74]}'),('sorl-thumbnail||thumbnails||6d905b85a7d66a7cda9cce573b095307','[\"3afe888d0508a026677e4af4c67cd86e\"]'),('sorl-thumbnail||image||32143265d379d8e725d483e6ae65f612','{\"storage\": \"django.core.files.storage.FileSystemStorage\", \"name\": \"images/restaurantimage/super-slider-image_3.png\", \"size\": [600, 399]}'),('sorl-thumbnail||image||1a09c6f795938a9b81f37e5337bbfc36','{\"storage\": \"django.core.files.storage.FileSystemStorage\", \"name\": \"cache/ed/a0/eda043d4eb45a7d17c47685a2adde5fc.jpg\", \"size\": [74, 74]}'),('sorl-thumbnail||thumbnails||32143265d379d8e725d483e6ae65f612','[\"1a09c6f795938a9b81f37e5337bbfc36\"]'),('sorl-thumbnail||image||6666a494eaaa34307822b185995d04e1','{\"storage\": \"django.core.files.storage.FileSystemStorage\", \"name\": \"images/restaurantimage/super-slider-image_4.png\", \"size\": [600, 399]}'),('sorl-thumbnail||image||ed08561722112776d7d3b6b126d33b57','{\"storage\": \"django.core.files.storage.FileSystemStorage\", \"name\": \"cache/76/0a/760aec2fa727c5b2a50a46c1676cd291.jpg\", \"size\": [74, 74]}'),('sorl-thumbnail||thumbnails||6666a494eaaa34307822b185995d04e1','[\"ed08561722112776d7d3b6b126d33b57\"]'),('sorl-thumbnail||image||0cbf83dd4f710aa9bcb16693a90d8b43','{\"storage\": \"django.core.files.storage.FileSystemStorage\", \"name\": \"images/restaurantimage/super-slider-image_5.png\", \"size\": [600, 399]}'),('sorl-thumbnail||image||a06ce84a0e63275e6c0c5a780075c199','{\"storage\": \"django.core.files.storage.FileSystemStorage\", \"name\": \"cache/0d/f9/0df96ed957e4ca1165597b6d050abfe9.jpg\", \"size\": [74, 74]}'),('sorl-thumbnail||thumbnails||0cbf83dd4f710aa9bcb16693a90d8b43','[\"a06ce84a0e63275e6c0c5a780075c199\"]'),('sorl-thumbnail||image||368f00123fb95765ad261b2f26a8805e','{\"storage\": \"django.core.files.storage.FileSystemStorage\", \"name\": \"images/restaurantimage/super-slider-image_6.png\", \"size\": [600, 399]}'),('sorl-thumbnail||image||92bb879fe7ec32c915c020ca17c960d0','{\"storage\": \"django.core.files.storage.FileSystemStorage\", \"name\": \"cache/a8/ab/a8abb20a5d471f6254df965b0af9a234.jpg\", \"size\": [74, 74]}'),('sorl-thumbnail||thumbnails||368f00123fb95765ad261b2f26a8805e','[\"92bb879fe7ec32c915c020ca17c960d0\"]'),('sorl-thumbnail||image||c43b2ac7d64b84805b7710c8b1388bdd','{\"storage\": \"django.core.files.storage.FileSystemStorage\", \"name\": \"images/restaurantimage/super-slider-image_7.png\", \"size\": [600, 399]}'),('sorl-thumbnail||image||d72e4376719c4d90f327e9eac1000e5b','{\"storage\": \"django.core.files.storage.FileSystemStorage\", \"name\": \"cache/99/42/994215dfcb92025c343f8ed9f8ac34c4.jpg\", \"size\": [74, 74]}'),('sorl-thumbnail||thumbnails||c43b2ac7d64b84805b7710c8b1388bdd','[\"d72e4376719c4d90f327e9eac1000e5b\"]'),('sorl-thumbnail||image||9a785c857031a5a7aa945d7acd524ce0','{\"storage\": \"django.core.files.storage.FileSystemStorage\", \"name\": \"images/restaurantimage/super-slider-image_8.png\", \"size\": [600, 399]}'),('sorl-thumbnail||image||0b7febc1b458645beaafd30c65dba040','{\"storage\": \"django.core.files.storage.FileSystemStorage\", \"name\": \"cache/c0/98/c0982e504c8f12ecadfe4803be4b5b62.jpg\", \"size\": [74, 74]}'),('sorl-thumbnail||thumbnails||9a785c857031a5a7aa945d7acd524ce0','[\"0b7febc1b458645beaafd30c65dba040\"]'),('sorl-thumbnail||image||10a50795fcfe04084c389108de5daac5','{\"storage\": \"django.core.files.storage.FileSystemStorage\", \"name\": \"uploads/images/galleries/Nashi_ploschadki/super-slider-image_5.png\", \"size\": [600, 399]}'),('sorl-thumbnail||image||068ae2f218b3c838f22098cd42d2d49d','{\"storage\": \"django.core.files.storage.FileSystemStorage\", \"name\": \"cache/0d/c4/0dc44125d4556ded76fa4ecb5b2ffdfa.jpg\", \"size\": [74, 74]}'),('sorl-thumbnail||thumbnails||10a50795fcfe04084c389108de5daac5','[\"068ae2f218b3c838f22098cd42d2d49d\"]'),('sorl-thumbnail||image||d1deddee29db7595afd02f4381bd2555','{\"storage\": \"django.core.files.storage.FileSystemStorage\", \"name\": \"uploads/images/galleries/Nashi_ploschadki/room-example.jpg\", \"size\": [600, 399]}'),('sorl-thumbnail||image||dc67971e2acebd0adf959b29ef642278','{\"storage\": \"django.core.files.storage.FileSystemStorage\", \"name\": \"cache/4b/b2/4bb2840d7662a40a601558ed060ce4b7.jpg\", \"size\": [74, 74]}'),('sorl-thumbnail||thumbnails||d1deddee29db7595afd02f4381bd2555','[\"dc67971e2acebd0adf959b29ef642278\"]'),('sorl-thumbnail||image||5b1f7c07fa059adcf1a626b7888f989d','{\"storage\": \"django.core.files.storage.FileSystemStorage\", \"name\": \"uploads/images/galleries/Nashi_ploschadki/room-example_1.jpg\", \"size\": [600, 399]}'),('sorl-thumbnail||image||631feaf0481024d20e8a835fe620f00d','{\"storage\": \"django.core.files.storage.FileSystemStorage\", \"name\": \"cache/62/85/628520c0549d174ca3af5b7c585867c8.jpg\", \"size\": [74, 74]}'),('sorl-thumbnail||thumbnails||5b1f7c07fa059adcf1a626b7888f989d','[\"631feaf0481024d20e8a835fe620f00d\"]'),('sorl-thumbnail||image||df755f62f5e09386de419c7e234f077a','{\"storage\": \"django.core.files.storage.FileSystemStorage\", \"name\": \"uploads/images/galleries/Nashi_ploschadki/service-article-image.png\", \"size\": [600, 399]}'),('sorl-thumbnail||image||915e487c9ee556a2d905e919871bfcbb','{\"storage\": \"django.core.files.storage.FileSystemStorage\", \"name\": \"cache/f7/f3/f7f30ccac8047f72f68c967a4b83eff6.jpg\", \"size\": [74, 74]}'),('sorl-thumbnail||thumbnails||df755f62f5e09386de419c7e234f077a','[\"915e487c9ee556a2d905e919871bfcbb\"]'),('sorl-thumbnail||image||fc7ba9354c564bcad2de57da1d82ee3d','{\"storage\": \"django.core.files.storage.FileSystemStorage\", \"name\": \"uploads/images/galleries/Nashi_ploschadki/super-slider-image_6.png\", \"size\": [600, 399]}'),('sorl-thumbnail||image||dc1b958788e76c858a00aabda9bd96bf','{\"storage\": \"django.core.files.storage.FileSystemStorage\", \"name\": \"cache/70/3b/703b3258d3262f27ea89e773684895a7.jpg\", \"size\": [74, 74]}'),('sorl-thumbnail||thumbnails||fc7ba9354c564bcad2de57da1d82ee3d','[\"dc1b958788e76c858a00aabda9bd96bf\"]'),('sorl-thumbnail||image||3766be00eb86a25011a6ceb3494be5e4','{\"storage\": \"django.core.files.storage.FileSystemStorage\", \"name\": \"uploads/images/galleries/Nashi_ploschadki/service-article-image_1.png\", \"size\": [600, 399]}'),('sorl-thumbnail||image||4d382910b00406f5ae615d51d13f73dd','{\"storage\": \"django.core.files.storage.FileSystemStorage\", \"name\": \"cache/64/78/6478da43054b0580912af8031dc1d8c5.jpg\", \"size\": [74, 74]}'),('sorl-thumbnail||thumbnails||3766be00eb86a25011a6ceb3494be5e4','[\"4d382910b00406f5ae615d51d13f73dd\"]'),('sorl-thumbnail||image||94a955bdbe0511155c367bbc55d04fb1','{\"storage\": \"django.core.files.storage.FileSystemStorage\", \"name\": \"uploads/images/galleries/Nashi_ploschadki/super-slider-image_7.png\", \"size\": [600, 399]}'),('sorl-thumbnail||image||4cc2bbe587f43a848e7f5a9c3e1b5592','{\"storage\": \"django.core.files.storage.FileSystemStorage\", \"name\": \"cache/b9/c2/b9c273b42a461d58f8160a2f9006f92f.jpg\", \"size\": [74, 74]}'),('sorl-thumbnail||thumbnails||94a955bdbe0511155c367bbc55d04fb1','[\"4cc2bbe587f43a848e7f5a9c3e1b5592\"]'),('sorl-thumbnail||image||28337f97d003be0b3842993106e9ac32','{\"storage\": \"django.core.files.storage.FileSystemStorage\", \"name\": \"uploads/images/galleries/Nashi_ploschadki/room-example_2.jpg\", \"size\": [600, 399]}'),('sorl-thumbnail||image||37a8dcf48b672cd92b674aec2b28c1ea','{\"storage\": \"django.core.files.storage.FileSystemStorage\", \"name\": \"cache/34/1a/341a3f768ccc425fd5507a6bbacfd834.jpg\", \"size\": [74, 74]}'),('sorl-thumbnail||thumbnails||28337f97d003be0b3842993106e9ac32','[\"37a8dcf48b672cd92b674aec2b28c1ea\"]'),('sorl-thumbnail||image||14a9eed01d86b7f69bc9886aeddff398','{\"storage\": \"django.core.files.storage.FileSystemStorage\", \"name\": \"uploads/images/galleries/Vtoroj_al\'bom/service-article-image.png\", \"size\": [600, 399]}'),('sorl-thumbnail||image||ad8bd2c91ee7c34ebd7c023fd9fa15f7','{\"storage\": \"django.core.files.storage.FileSystemStorage\", \"name\": \"cache/e0/bc/e0bcf42d0adde25994f38ecc6bfd1c53.jpg\", \"size\": [74, 74]}'),('sorl-thumbnail||thumbnails||14a9eed01d86b7f69bc9886aeddff398','[\"ad8bd2c91ee7c34ebd7c023fd9fa15f7\"]'),('sorl-thumbnail||image||488632e41ecbf573c1a0ba7ed96df921','{\"storage\": \"django.core.files.storage.FileSystemStorage\", \"name\": \"images/roomphoto/1_1.jpg\", \"size\": [600, 399]}'),('sorl-thumbnail||image||16e4c2caf4a20ae5feb32d84c2e0ef59','{\"storage\": \"django.core.files.storage.FileSystemStorage\", \"name\": \"cache/34/e2/34e215f12f668560dbe91b0f7fba4dad.jpg\", \"size\": [74, 74]}'),('sorl-thumbnail||thumbnails||488632e41ecbf573c1a0ba7ed96df921','[\"16e4c2caf4a20ae5feb32d84c2e0ef59\"]'),('sorl-thumbnail||image||f06c5e2541414f0e405187f49f596441','{\"storage\": \"django.core.files.storage.FileSystemStorage\", \"name\": \"images/roomphoto/1_1_1.jpg\", \"size\": [600, 399]}'),('sorl-thumbnail||image||e3a82ddee8688857f50538b2b8404816','{\"storage\": \"django.core.files.storage.FileSystemStorage\", \"name\": \"cache/ea/48/ea48b7ee1d13e73a438f92a3c5e63303.jpg\", \"size\": [74, 74]}'),('sorl-thumbnail||thumbnails||f06c5e2541414f0e405187f49f596441','[\"e3a82ddee8688857f50538b2b8404816\"]'),('sorl-thumbnail||image||0f1fbc203764b261c7a8a1b276051cd6','{\"storage\": \"django.core.files.storage.FileSystemStorage\", \"name\": \"images/roomphoto/1_1_2.jpg\", \"size\": [600, 399]}'),('sorl-thumbnail||image||83b8a949e8564ad46bbf9c05aa440e47','{\"storage\": \"django.core.files.storage.FileSystemStorage\", \"name\": \"cache/3b/f8/3bf8e58818ab528f4405568053e0a762.jpg\", \"size\": [74, 74]}'),('sorl-thumbnail||thumbnails||0f1fbc203764b261c7a8a1b276051cd6','[\"83b8a949e8564ad46bbf9c05aa440e47\"]'),('sorl-thumbnail||image||2d0ef9766769cb391dc9a1e5225de3a3','{\"storage\": \"django.core.files.storage.FileSystemStorage\", \"name\": \"images/roomphoto/1_1_3.jpg\", \"size\": [600, 399]}'),('sorl-thumbnail||image||f415f2554c3e56e4bd6cd7aaac0e2eb9','{\"storage\": \"django.core.files.storage.FileSystemStorage\", \"name\": \"cache/6a/e3/6ae319edbf6424c1f1aafb7c64164f43.jpg\", \"size\": [74, 74]}'),('sorl-thumbnail||thumbnails||2d0ef9766769cb391dc9a1e5225de3a3','[\"f415f2554c3e56e4bd6cd7aaac0e2eb9\"]'),('sorl-thumbnail||image||82dd553c47585fd44b8e2f34f46f418e','{\"storage\": \"django.core.files.storage.FileSystemStorage\", \"name\": \"images/roomphoto/1_1_4.jpg\", \"size\": [600, 399]}'),('sorl-thumbnail||image||ce953f1ec78e7147398135fe1b909928','{\"storage\": \"django.core.files.storage.FileSystemStorage\", \"name\": \"cache/87/4e/874e5319bde080ff3bf21a5caf3cb65d.jpg\", \"size\": [74, 74]}'),('sorl-thumbnail||thumbnails||82dd553c47585fd44b8e2f34f46f418e','[\"ce953f1ec78e7147398135fe1b909928\"]'),('sorl-thumbnail||image||5377e5311d0bd2e5e606c7f3331d3ed1','{\"storage\": \"django.core.files.storage.FileSystemStorage\", \"name\": \"images/roomphoto/1_1_5.jpg\", \"size\": [600, 399]}'),('sorl-thumbnail||image||088258a8862a6f0445b5bc1b910ff0f8','{\"storage\": \"django.core.files.storage.FileSystemStorage\", \"name\": \"cache/b8/58/b8583570f58918757c71c6ec064d5381.jpg\", \"size\": [74, 74]}'),('sorl-thumbnail||thumbnails||5377e5311d0bd2e5e606c7f3331d3ed1','[\"088258a8862a6f0445b5bc1b910ff0f8\"]'),('sorl-thumbnail||image||93902a1631d827bc02da8a2ac6cdd42f','{\"storage\": \"django.core.files.storage.FileSystemStorage\", \"name\": \"images/roomphoto/1_1_6.jpg\", \"size\": [600, 399]}'),('sorl-thumbnail||image||c394a0dfbe23b0bf3246c83ef05d98b9','{\"storage\": \"django.core.files.storage.FileSystemStorage\", \"name\": \"cache/9c/25/9c25ce19294470ea9c6a0a224c041779.jpg\", \"size\": [74, 74]}'),('sorl-thumbnail||thumbnails||93902a1631d827bc02da8a2ac6cdd42f','[\"c394a0dfbe23b0bf3246c83ef05d98b9\"]'),('sorl-thumbnail||image||884c1d2be3c5895554adefbadce85d65','{\"storage\": \"django.core.files.storage.FileSystemStorage\", \"name\": \"images/roomphoto/1_1_7.jpg\", \"size\": [600, 399]}'),('sorl-thumbnail||image||332b0e71ae28a9eecaad257248ede080','{\"storage\": \"django.core.files.storage.FileSystemStorage\", \"name\": \"cache/36/e7/36e78730e5eaf72b83937aa8a3abd3e7.jpg\", \"size\": [74, 74]}'),('sorl-thumbnail||thumbnails||884c1d2be3c5895554adefbadce85d65','[\"332b0e71ae28a9eecaad257248ede080\"]'),('sorl-thumbnail||image||27eec42a163db5734bb1edc991a978a2','{\"storage\": \"django.core.files.storage.FileSystemStorage\", \"name\": \"images/roomphoto/1_1_8.jpg\", \"size\": [600, 399]}'),('sorl-thumbnail||image||4f2a9bbbba5466882ee0aab9f53add72','{\"storage\": \"django.core.files.storage.FileSystemStorage\", \"name\": \"cache/dd/31/dd313bd1b2429fa0cac6a7a6ce009fc1.jpg\", \"size\": [74, 74]}'),('sorl-thumbnail||thumbnails||27eec42a163db5734bb1edc991a978a2','[\"4f2a9bbbba5466882ee0aab9f53add72\"]'),('sorl-thumbnail||image||6601455ae34f014e180b22102b99b0dd','{\"storage\": \"django.core.files.storage.FileSystemStorage\", \"name\": \"images/roomphoto/1_1_9.jpg\", \"size\": [600, 399]}'),('sorl-thumbnail||image||605a655308db79c9e342e47b199b55f7','{\"storage\": \"django.core.files.storage.FileSystemStorage\", \"name\": \"cache/3f/dd/3fdddd38130a9ca6fbc53447fda8cb13.jpg\", \"size\": [74, 74]}'),('sorl-thumbnail||thumbnails||6601455ae34f014e180b22102b99b0dd','[\"605a655308db79c9e342e47b199b55f7\"]'),('sorl-thumbnail||image||4591609277244ad03d2f26f0e4756806','{\"storage\": \"django.core.files.storage.FileSystemStorage\", \"name\": \"images/roomphoto/1_1_10.jpg\", \"size\": [600, 399]}'),('sorl-thumbnail||image||742fbed8b18dda7ce720309ad388bb98','{\"storage\": \"django.core.files.storage.FileSystemStorage\", \"name\": \"cache/5f/4a/5f4ae2f836f89c56163660252ff0a68c.jpg\", \"size\": [74, 74]}'),('sorl-thumbnail||thumbnails||4591609277244ad03d2f26f0e4756806','[\"742fbed8b18dda7ce720309ad388bb98\"]'),('sorl-thumbnail||image||1cbb93dbc5b16e66206b67fe55058e25','{\"storage\": \"django.core.files.storage.FileSystemStorage\", \"name\": \"images/roomphoto/1_1_11.jpg\", \"size\": [600, 399]}'),('sorl-thumbnail||image||3783ee44bb87e04252c9b2aba3677ae5','{\"storage\": \"django.core.files.storage.FileSystemStorage\", \"name\": \"cache/21/0a/210af2d3127f62d69ce366a25df5c2e6.jpg\", \"size\": [74, 74]}'),('sorl-thumbnail||thumbnails||1cbb93dbc5b16e66206b67fe55058e25','[\"3783ee44bb87e04252c9b2aba3677ae5\"]'),('sorl-thumbnail||image||466017f25da78b28eb4153b57998c87a','{\"storage\": \"django.core.files.storage.FileSystemStorage\", \"name\": \"images/roomphoto/330.JPG\", \"size\": [600, 400]}'),('sorl-thumbnail||image||9f099f06c009e5f2b55f210f56c6b884','{\"storage\": \"django.core.files.storage.FileSystemStorage\", \"name\": \"cache/30/e0/30e0562bcc139d72f958ba98e8ffda07.jpg\", \"size\": [74, 74]}'),('sorl-thumbnail||thumbnails||466017f25da78b28eb4153b57998c87a','[\"9f099f06c009e5f2b55f210f56c6b884\", \"d98a0d31573c0f817665daf67693bbf2\"]'),('sorl-thumbnail||image||f099338b7ad114cb1b49259ef5e0f2e7','{\"storage\": \"django.core.files.storage.FileSystemStorage\", \"name\": \"images/roomphoto/372.JPG\", \"size\": [600, 400]}'),('sorl-thumbnail||image||4940538afaec0bd83c7ff63910dbaf7b','{\"storage\": \"django.core.files.storage.FileSystemStorage\", \"name\": \"cache/52/e0/52e07038da68ea98d9b26e04fc279261.jpg\", \"size\": [74, 74]}'),('sorl-thumbnail||thumbnails||f099338b7ad114cb1b49259ef5e0f2e7','[\"4940538afaec0bd83c7ff63910dbaf7b\", \"5a4f912da5bbace43dec1f07ccc7bfce\"]'),('sorl-thumbnail||image||f3f2e12568fa239726925a4101f2e6b3','{\"storage\": \"django.core.files.storage.FileSystemStorage\", \"name\": \"images/roomphoto/377.JPG\", \"size\": [600, 400]}'),('sorl-thumbnail||image||1bc8719384b67a3b615bd031e67240a0','{\"storage\": \"django.core.files.storage.FileSystemStorage\", \"name\": \"cache/18/63/18635dcd1dcf9a3bc111eec8c29efd3c.jpg\", \"size\": [74, 74]}'),('sorl-thumbnail||thumbnails||f3f2e12568fa239726925a4101f2e6b3','[\"1bc8719384b67a3b615bd031e67240a0\", \"da62f8e9a2ee57b958cd324b33e3bf63\"]'),('sorl-thumbnail||image||05c4ca136da05098593e07863aa6a04b','{\"storage\": \"django.core.files.storage.FileSystemStorage\", \"name\": \"images/roomphoto/340.JPG\", \"size\": [600, 399]}'),('sorl-thumbnail||image||394613ab4ad44fdc8b39dad643e65c0f','{\"storage\": \"django.core.files.storage.FileSystemStorage\", \"name\": \"cache/de/d4/ded4c83483e1c60e94fadbe3d472e211.jpg\", \"size\": [74, 74]}'),('sorl-thumbnail||thumbnails||05c4ca136da05098593e07863aa6a04b','[\"af0006716df71595c3fb9ffa62bea09f\", \"394613ab4ad44fdc8b39dad643e65c0f\"]'),('sorl-thumbnail||image||54b3f56b68d619cf08f50713e08ef552','{\"storage\": \"django.core.files.storage.FileSystemStorage\", \"name\": \"images/roomphoto/347.JPG\", \"size\": [600, 399]}'),('sorl-thumbnail||image||08fe186aebb563a6bcb66a5e16c82c67','{\"storage\": \"django.core.files.storage.FileSystemStorage\", \"name\": \"cache/c7/7b/c77b31184b7e2ffa96a7253003edbcb4.jpg\", \"size\": [74, 74]}'),('sorl-thumbnail||thumbnails||54b3f56b68d619cf08f50713e08ef552','[\"fd7bdfca09cb4363ae32948dff3a0841\", \"08fe186aebb563a6bcb66a5e16c82c67\"]'),('sorl-thumbnail||image||bfdc8465bf4950fbd1416aef07691571','{\"storage\": \"django.core.files.storage.FileSystemStorage\", \"name\": \"images/roomphoto/351.JPG\", \"size\": [600, 399]}'),('sorl-thumbnail||image||5384d77bbdec87aebec262b4cac0d75f','{\"storage\": \"django.core.files.storage.FileSystemStorage\", \"name\": \"cache/a8/73/a8737927ee06d74ec505721afbbdadaf.jpg\", \"size\": [74, 74]}'),('sorl-thumbnail||thumbnails||bfdc8465bf4950fbd1416aef07691571','[\"5384d77bbdec87aebec262b4cac0d75f\", \"86b3c8e8a75419778faecf9b3bebf3b9\"]'),('sorl-thumbnail||image||2286471fbced6a15a233a6da600dfedd','{\"storage\": \"django.core.files.storage.FileSystemStorage\", \"name\": \"images/roomphoto/334.JPG\", \"size\": [600, 400]}'),('sorl-thumbnail||image||94d44a89d28236d80672dccbdd6c7666','{\"storage\": \"django.core.files.storage.FileSystemStorage\", \"name\": \"cache/ff/b4/ffb4f61b84d90a5739790935c14f750c.jpg\", \"size\": [74, 74]}'),('sorl-thumbnail||thumbnails||2286471fbced6a15a233a6da600dfedd','[\"94d44a89d28236d80672dccbdd6c7666\", \"5edaf003c895a21c2e6dcc51e1106996\"]'),('sorl-thumbnail||image||7c3b71b28e4c0c7bc3c171b7b2c63c15','{\"storage\": \"django.core.files.storage.FileSystemStorage\", \"name\": \"images/roomphoto/137.JPG\", \"size\": [600, 400]}'),('sorl-thumbnail||image||2b22ad2a414c99ea89c93cc2a8f6a0a0','{\"storage\": \"django.core.files.storage.FileSystemStorage\", \"name\": \"cache/79/2c/792c72e29701a62b225a00538869bba2.jpg\", \"size\": [74, 74]}'),('sorl-thumbnail||thumbnails||7c3b71b28e4c0c7bc3c171b7b2c63c15','[\"2b22ad2a414c99ea89c93cc2a8f6a0a0\", \"f921ea22c9927d9b5030debff83456b1\"]'),('sorl-thumbnail||image||0762a2547455816efd196b3335fe2b46','{\"storage\": \"django.core.files.storage.FileSystemStorage\", \"name\": \"images/roomphoto/139.JPG\", \"size\": [600, 400]}'),('sorl-thumbnail||image||0e537faa3ac3f66dee1f7d1709789202','{\"storage\": \"django.core.files.storage.FileSystemStorage\", \"name\": \"cache/44/b0/44b0c8d25f7993feea57f08b43979e15.jpg\", \"size\": [74, 74]}'),('sorl-thumbnail||thumbnails||0762a2547455816efd196b3335fe2b46','[\"0e537faa3ac3f66dee1f7d1709789202\", \"dde0db1781293cc238cabf01772f008a\"]'),('sorl-thumbnail||image||7054b32b908e1ee3b1b016720ffd9452','{\"storage\": \"django.core.files.storage.FileSystemStorage\", \"name\": \"images/roomphoto/146.JPG\", \"size\": [600, 400]}'),('sorl-thumbnail||image||e8b1dfbdccd089f51564977d3f4fc207','{\"storage\": \"django.core.files.storage.FileSystemStorage\", \"name\": \"cache/7a/44/7a44e9408ac0ff3000111d5703d6ff58.jpg\", \"size\": [74, 74]}'),('sorl-thumbnail||thumbnails||7054b32b908e1ee3b1b016720ffd9452','[\"e8b1dfbdccd089f51564977d3f4fc207\", \"c186c0423ac999c0cb84de7482d8db32\"]'),('sorl-thumbnail||image||b23f8a5f85844ea9a109546990889de1','{\"storage\": \"django.core.files.storage.FileSystemStorage\", \"name\": \"images/roomphoto/148.JPG\", \"size\": [600, 399]}'),('sorl-thumbnail||image||3c37ddeb67b1516cf61e990188d48a05','{\"storage\": \"django.core.files.storage.FileSystemStorage\", \"name\": \"cache/bd/8f/bd8f5f44762a0e0a7e1a9334b55d0be5.jpg\", \"size\": [74, 74]}'),('sorl-thumbnail||thumbnails||b23f8a5f85844ea9a109546990889de1','[\"3c37ddeb67b1516cf61e990188d48a05\", \"b490232d5c35852d569c51718d97bee4\"]'),('sorl-thumbnail||image||662899c611fddd3d1e4b2047f8f5b0d6','{\"storage\": \"django.core.files.storage.FileSystemStorage\", \"name\": \"images/roomphoto/312.JPG\", \"size\": [600, 400]}'),('sorl-thumbnail||image||24b7c326764cf80954a3e7852dfdcd18','{\"storage\": \"django.core.files.storage.FileSystemStorage\", \"name\": \"cache/70/e9/70e90669fcaac944561a80e5cc1d2c23.jpg\", \"size\": [74, 74]}'),('sorl-thumbnail||thumbnails||662899c611fddd3d1e4b2047f8f5b0d6','[\"1bf949bb392e3fefd885eeb465ab0def\", \"24b7c326764cf80954a3e7852dfdcd18\"]'),('sorl-thumbnail||image||dae2809e0275b8a5887e5771c6a8d706','{\"storage\": \"django.core.files.storage.FileSystemStorage\", \"name\": \"images/roomphoto/319.JPG\", \"size\": [600, 400]}'),('sorl-thumbnail||image||c8545155dfcb88fd48c77a2f0e74beb9','{\"storage\": \"django.core.files.storage.FileSystemStorage\", \"name\": \"cache/fb/1d/fb1d6648b06dd679a168fbd090104540.jpg\", \"size\": [74, 74]}'),('sorl-thumbnail||thumbnails||dae2809e0275b8a5887e5771c6a8d706','[\"c8545155dfcb88fd48c77a2f0e74beb9\", \"9795160502356a845c370dca756ef056\"]'),('sorl-thumbnail||image||31b4ffe6b99ba11f2964e7323c54ccf8','{\"storage\": \"django.core.files.storage.FileSystemStorage\", \"name\": \"images/roomphoto/291.JPG\", \"size\": [600, 399]}'),('sorl-thumbnail||image||d11b3cffe8ea4d646d892afc789f06bc','{\"storage\": \"django.core.files.storage.FileSystemStorage\", \"name\": \"cache/cc/84/cc84e1e889c96799923ac97eacfaa607.jpg\", \"size\": [74, 74]}'),('sorl-thumbnail||thumbnails||31b4ffe6b99ba11f2964e7323c54ccf8','[\"0f873274bb2ca553fd4eabcf0d8375ed\", \"d11b3cffe8ea4d646d892afc789f06bc\"]'),('sorl-thumbnail||image||3d126ce556611b3f2510aacbf32c021a','{\"storage\": \"django.core.files.storage.FileSystemStorage\", \"name\": \"images/roomphoto/306.JPG\", \"size\": [600, 400]}'),('sorl-thumbnail||image||718bb91067bb395068b361239783d564','{\"storage\": \"django.core.files.storage.FileSystemStorage\", \"name\": \"cache/a3/cd/a3cdd09717580c291107c14d8e72e397.jpg\", \"size\": [74, 74]}'),('sorl-thumbnail||thumbnails||3d126ce556611b3f2510aacbf32c021a','[\"6056533d1bbc1c6db2336cb628cea996\", \"718bb91067bb395068b361239783d564\"]'),('sorl-thumbnail||image||19f10c105c31c6bcfc974efc857f0e6d','{\"storage\": \"django.core.files.storage.FileSystemStorage\", \"name\": \"images/roomphoto/297.JPG\", \"size\": [600, 400]}'),('sorl-thumbnail||image||e257098ee88b274dce900b5323b8d307','{\"storage\": \"django.core.files.storage.FileSystemStorage\", \"name\": \"cache/7e/0e/7e0e2a1567580ae278c0f5ce477132db.jpg\", \"size\": [74, 74]}'),('sorl-thumbnail||thumbnails||19f10c105c31c6bcfc974efc857f0e6d','[\"b938ca40925f8fa6bd05fef26f36cb5d\", \"e257098ee88b274dce900b5323b8d307\"]'),('sorl-thumbnail||image||61ee542bce1ecfd09cfcc19f0a94ca19','{\"storage\": \"django.core.files.storage.FileSystemStorage\", \"name\": \"images/roomphoto/288.JPG\", \"size\": [600, 400]}'),('sorl-thumbnail||image||64c8eaf8f230eb3067979eb0fb5828ad','{\"storage\": \"django.core.files.storage.FileSystemStorage\", \"name\": \"cache/c7/96/c79631f67c75453f66f09e7d36a6f0b3.jpg\", \"size\": [74, 74]}'),('sorl-thumbnail||thumbnails||61ee542bce1ecfd09cfcc19f0a94ca19','[\"ec23bb6facbe80c03cb75f00a07bb5e9\", \"64c8eaf8f230eb3067979eb0fb5828ad\"]'),('sorl-thumbnail||image||37ac182ec0bf9fbd0cc46143538a5c7e','{\"storage\": \"django.core.files.storage.FileSystemStorage\", \"name\": \"images/roomphoto/238.JPG\", \"size\": [600, 400]}'),('sorl-thumbnail||image||6a713cab7363858b416d5033dc1cd47a','{\"storage\": \"django.core.files.storage.FileSystemStorage\", \"name\": \"cache/65/af/65af9035d5bdda3800aca986b075ddfd.jpg\", \"size\": [74, 74]}'),('sorl-thumbnail||thumbnails||37ac182ec0bf9fbd0cc46143538a5c7e','[\"6a713cab7363858b416d5033dc1cd47a\", \"8e45c92aa96e8344b0fe00802cf69720\"]'),('sorl-thumbnail||image||4b22fa501722f264ecbaab6d5c19908b','{\"storage\": \"django.core.files.storage.FileSystemStorage\", \"name\": \"images/roomphoto/251.JPG\", \"size\": [600, 400]}'),('sorl-thumbnail||image||da9a221a615da615ef95e4d9b1da093c','{\"storage\": \"django.core.files.storage.FileSystemStorage\", \"name\": \"cache/89/35/8935f544f2055aba5ee9a08bd67f5da7.jpg\", \"size\": [74, 74]}'),('sorl-thumbnail||thumbnails||4b22fa501722f264ecbaab6d5c19908b','[\"da9a221a615da615ef95e4d9b1da093c\", \"7002f6553b3225a90e4a9d3038c56d46\"]'),('sorl-thumbnail||image||adc32afb223899a8a5b953a35d0b11a6','{\"storage\": \"django.core.files.storage.FileSystemStorage\", \"name\": \"images/roomphoto/285.JPG\", \"size\": [600, 400]}'),('sorl-thumbnail||image||6b318b95fd46f3361da6d098343e1bc2','{\"storage\": \"django.core.files.storage.FileSystemStorage\", \"name\": \"cache/d0/60/d06029330206e1d274f76f0c2b86cc59.jpg\", \"size\": [74, 74]}'),('sorl-thumbnail||thumbnails||adc32afb223899a8a5b953a35d0b11a6','[\"6b318b95fd46f3361da6d098343e1bc2\", \"d0c50cc0c2be9944ae89196190b8235b\"]'),('sorl-thumbnail||image||cb6ea4b8e38758c5d4fc8b6c391d55fc','{\"storage\": \"django.core.files.storage.FileSystemStorage\", \"name\": \"images/roomphoto/263.JPG\", \"size\": [600, 400]}'),('sorl-thumbnail||image||7a394796136e52f56ad5bcc189ce2439','{\"storage\": \"django.core.files.storage.FileSystemStorage\", \"name\": \"cache/24/cf/24cfecbe532f7655bb122d12ab3ea237.jpg\", \"size\": [74, 74]}'),('sorl-thumbnail||thumbnails||cb6ea4b8e38758c5d4fc8b6c391d55fc','[\"80e9a0b2dc5b77c589eacf9e2633a3b4\", \"7a394796136e52f56ad5bcc189ce2439\"]'),('sorl-thumbnail||image||080bc75055a1c5926c359b6450e4006f','{\"storage\": \"django.core.files.storage.FileSystemStorage\", \"name\": \"images/roomphoto/259.JPG\", \"size\": [600, 400]}'),('sorl-thumbnail||image||d09556bbb85446586ae46416b0008ba1','{\"storage\": \"django.core.files.storage.FileSystemStorage\", \"name\": \"cache/cd/2a/cd2a6130e5ee1880fad7e2fef8ac8023.jpg\", \"size\": [74, 74]}'),('sorl-thumbnail||thumbnails||080bc75055a1c5926c359b6450e4006f','[\"f793aa075bfe73f3d1e04832a842ce7a\", \"d09556bbb85446586ae46416b0008ba1\"]'),('sorl-thumbnail||image||96b2cefa2d2049cab1efc9cf867088b3','{\"storage\": \"django.core.files.storage.FileSystemStorage\", \"name\": \"images/roomphoto/235.JPG\", \"size\": [600, 400]}'),('sorl-thumbnail||image||f0e2f2cce749da039283a73294039b07','{\"storage\": \"django.core.files.storage.FileSystemStorage\", \"name\": \"cache/a0/ed/a0ed5e2442d338bd6f979ea2519d641d.jpg\", \"size\": [74, 74]}'),('sorl-thumbnail||thumbnails||96b2cefa2d2049cab1efc9cf867088b3','[\"7703e7f2722ec5862fadd00d7266014e\", \"f0e2f2cce749da039283a73294039b07\"]'),('sorl-thumbnail||image||0ae75877f2839193170eb412629dc2de','{\"storage\": \"django.core.files.storage.FileSystemStorage\", \"name\": \"images/roomphoto/287.JPG\", \"size\": [650, 433]}'),('sorl-thumbnail||image||47e8beb57c1a59664c01676b3569f4ec','{\"storage\": \"django.core.files.storage.FileSystemStorage\", \"name\": \"cache/c3/4f/c34f14ce5a09ae1e6a8caa5e1ee56842.jpg\", \"size\": [74, 74]}'),('sorl-thumbnail||thumbnails||0ae75877f2839193170eb412629dc2de','[\"47e8beb57c1a59664c01676b3569f4ec\", \"57c4dcdd7aa59bf680fac3309f073b6e\"]'),('sorl-thumbnail||image||48f94d6e1f8fa078afacb8ff9d0085b8','{\"storage\": \"django.core.files.storage.FileSystemStorage\", \"name\": \"images/roomphoto/288_1.JPG\", \"size\": [650, 433]}'),('sorl-thumbnail||image||1f0b851fb6d1c18b121de84d2cba2df0','{\"storage\": \"django.core.files.storage.FileSystemStorage\", \"name\": \"cache/cc/d0/ccd0a3cadcc68ffbf692448aeb52c246.jpg\", \"size\": [74, 74]}'),('sorl-thumbnail||thumbnails||48f94d6e1f8fa078afacb8ff9d0085b8','[\"1f0b851fb6d1c18b121de84d2cba2df0\", \"ed1424e3d32055911fa36a1bb8404dc2\"]'),('sorl-thumbnail||image||8daf7611196e8a4d9091da3ed383c5e3','{\"storage\": \"django.core.files.storage.FileSystemStorage\", \"name\": \"images/roomphoto/287_1.JPG\", \"size\": [650, 433]}'),('sorl-thumbnail||image||3abbbe742621ecb29142f52ca6ac52e8','{\"storage\": \"django.core.files.storage.FileSystemStorage\", \"name\": \"cache/2d/e4/2de40260b7fa97d09460079ba543ad55.jpg\", \"size\": [74, 74]}'),('sorl-thumbnail||thumbnails||8daf7611196e8a4d9091da3ed383c5e3','[\"3eac9cd9bef323216612a477cb652866\", \"3abbbe742621ecb29142f52ca6ac52e8\"]'),('sorl-thumbnail||image||58985ca24c3c7126a84b012350a9e3fc','{\"storage\": \"django.core.files.storage.FileSystemStorage\", \"name\": \"images/roomphoto/288_2.JPG\", \"size\": [650, 433]}'),('sorl-thumbnail||image||498041cd9811ee3078da6798aa816d31','{\"storage\": \"django.core.files.storage.FileSystemStorage\", \"name\": \"cache/f9/6a/f96a0420d817b432cc3f82c9f0081ffb.jpg\", \"size\": [74, 74]}'),('sorl-thumbnail||thumbnails||58985ca24c3c7126a84b012350a9e3fc','[\"498041cd9811ee3078da6798aa816d31\", \"ceebbe1f3a5326d19e42a2eb922ff7d2\"]'),('sorl-thumbnail||image||09a968f2cb890bd28b4230790161636a','{\"storage\": \"django.core.files.storage.FileSystemStorage\", \"name\": \"images/roomphoto/287_2.JPG\", \"size\": [650, 433]}'),('sorl-thumbnail||image||28b53fe37189c69371d1506a3b026984','{\"storage\": \"django.core.files.storage.FileSystemStorage\", \"name\": \"cache/1d/51/1d51947779be2a90e86ea9aa96f9a409.jpg\", \"size\": [74, 74]}'),('sorl-thumbnail||thumbnails||09a968f2cb890bd28b4230790161636a','[\"898aa2924ce448c9ef46149ad2e3b064\", \"28b53fe37189c69371d1506a3b026984\"]'),('sorl-thumbnail||image||b0590aa18247070934c6ab02acea1263','{\"storage\": \"django.core.files.storage.FileSystemStorage\", \"name\": \"images/roomphoto/288_3.JPG\", \"size\": [650, 433]}'),('sorl-thumbnail||image||29fa8831fa0f2170bd96247c1da57c46','{\"storage\": \"django.core.files.storage.FileSystemStorage\", \"name\": \"cache/25/e6/25e6c6472fec6deee3c7ce8d1cc90e7a.jpg\", \"size\": [74, 74]}'),('sorl-thumbnail||thumbnails||b0590aa18247070934c6ab02acea1263','[\"3c46c0cb2ecc5ac37849ee53f27bc95e\", \"29fa8831fa0f2170bd96247c1da57c46\"]'),('sorl-thumbnail||image||63494b4d2d498dc788251e71b2bf4d65','{\"storage\": \"django.core.files.storage.FileSystemStorage\", \"name\": \"images/roomphoto/166.jpg\", \"size\": [600, 400]}'),('sorl-thumbnail||image||5184c401a24ebd91e686eae1e4e4a65e','{\"storage\": \"django.core.files.storage.FileSystemStorage\", \"name\": \"cache/1a/21/1a21d53671f1c248ebbf44013d679f0d.jpg\", \"size\": [74, 74]}'),('sorl-thumbnail||thumbnails||63494b4d2d498dc788251e71b2bf4d65','[\"5184c401a24ebd91e686eae1e4e4a65e\", \"681bd0846318fd4d9d4b9714ac699907\"]'),('sorl-thumbnail||image||f542e83f872abc31fa65705b69aed093','{\"storage\": \"django.core.files.storage.FileSystemStorage\", \"name\": \"images/roomphoto/180.jpg\", \"size\": [600, 400]}'),('sorl-thumbnail||image||d7597d175b05efd4dfa6f0195267280f','{\"storage\": \"django.core.files.storage.FileSystemStorage\", \"name\": \"cache/e0/87/e0879990a4a7902785ccd454619d97fc.jpg\", \"size\": [74, 74]}'),('sorl-thumbnail||thumbnails||f542e83f872abc31fa65705b69aed093','[\"1a04d0883043a1d5edcaf90cdbe9f8a1\", \"d7597d175b05efd4dfa6f0195267280f\"]'),('sorl-thumbnail||image||650f64aa35bf3f49f3b3a71b806097d4','{\"storage\": \"django.core.files.storage.FileSystemStorage\", \"name\": \"images/roomphoto/168.jpg\", \"size\": [400, 600]}'),('sorl-thumbnail||image||69ddc51b3ab4036615a6914ae217218a','{\"storage\": \"django.core.files.storage.FileSystemStorage\", \"name\": \"cache/05/58/055807d300151f8954c590354b53ee79.jpg\", \"size\": [74, 74]}'),('sorl-thumbnail||thumbnails||650f64aa35bf3f49f3b3a71b806097d4','[\"69ddc51b3ab4036615a6914ae217218a\"]'),('sorl-thumbnail||image||b92d6d1c6a3480f59857ad265c5a88b3','{\"storage\": \"django.core.files.storage.FileSystemStorage\", \"name\": \"images/roomphoto/295.JPG\", \"size\": [650, 434]}'),('sorl-thumbnail||image||f5e22f01a78f9dbf7958ad2e60d82fa2','{\"storage\": \"django.core.files.storage.FileSystemStorage\", \"name\": \"cache/04/11/0411b9c341a207d5e127387137a85d6b.jpg\", \"size\": [74, 74]}'),('sorl-thumbnail||thumbnails||b92d6d1c6a3480f59857ad265c5a88b3','[\"c2bfd9670e422ffd38efc3989b260bf9\", \"f5e22f01a78f9dbf7958ad2e60d82fa2\"]'),('sorl-thumbnail||image||81a29599b2d5ce75d38611c15a40c7f7','{\"storage\": \"django.core.files.storage.FileSystemStorage\", \"name\": \"images/roomphoto/302.JPG\", \"size\": [650, 433]}'),('sorl-thumbnail||image||3941782240c2f37885432d98e038384a','{\"storage\": \"django.core.files.storage.FileSystemStorage\", \"name\": \"cache/8a/4b/8a4b81ca15cfd87f18a800185d3fd8c4.jpg\", \"size\": [74, 74]}'),('sorl-thumbnail||thumbnails||81a29599b2d5ce75d38611c15a40c7f7','[\"7b8e3226bed6668baeacccd3affc1587\", \"3941782240c2f37885432d98e038384a\"]'),('sorl-thumbnail||image||62b7eb6b554d5af299ce79118b2ae869','{\"storage\": \"django.core.files.storage.FileSystemStorage\", \"name\": \"images/roomphoto/300.JPG\", \"size\": [650, 433]}'),('sorl-thumbnail||image||653a2eda09cfea3fbd450cb306a232a9','{\"storage\": \"django.core.files.storage.FileSystemStorage\", \"name\": \"cache/bb/12/bb12bafc2246a5f8349f8a965d269a9e.jpg\", \"size\": [74, 74]}'),('sorl-thumbnail||thumbnails||62b7eb6b554d5af299ce79118b2ae869','[\"653a2eda09cfea3fbd450cb306a232a9\", \"76bfbbd9b7b6bec8429b636ef0fae60a\"]'),('sorl-thumbnail||image||40368038c083f2e744387958d1f2f294','{\"storage\": \"django.core.files.storage.FileSystemStorage\", \"name\": \"images/roomphoto/006.JPG\", \"size\": [650, 433]}'),('sorl-thumbnail||image||95dae19db30466be48575b336d63238b','{\"storage\": \"django.core.files.storage.FileSystemStorage\", \"name\": \"cache/1b/2d/1b2d73aee57bcc750a6467db192ab419.jpg\", \"size\": [74, 74]}'),('sorl-thumbnail||thumbnails||40368038c083f2e744387958d1f2f294','[\"95dae19db30466be48575b336d63238b\", \"5949485f5958fb72b4db226f05fc6e02\"]'),('sorl-thumbnail||image||ec9bcc1150619438887430116a4fc723','{\"storage\": \"django.core.files.storage.FileSystemStorage\", \"name\": \"images/roomphoto/011.JPG\", \"size\": [650, 433]}'),('sorl-thumbnail||image||800d26b276f421136f9d1cb92b6add59','{\"storage\": \"django.core.files.storage.FileSystemStorage\", \"name\": \"cache/7d/e8/7de8b18a4c25d128bac89a8c23270b23.jpg\", \"size\": [74, 74]}'),('sorl-thumbnail||thumbnails||ec9bcc1150619438887430116a4fc723','[\"800d26b276f421136f9d1cb92b6add59\", \"a8487a908de4ee37ef6359fd7d1ef888\"]'),('sorl-thumbnail||image||2dcfec4a7e2300a9ae97910b06896fba','{\"storage\": \"django.core.files.storage.FileSystemStorage\", \"name\": \"images/roomphoto/0781.JPG\", \"size\": [650, 431]}'),('sorl-thumbnail||image||7e5738c2fd5e6b7581b627b465e2d83a','{\"storage\": \"django.core.files.storage.FileSystemStorage\", \"name\": \"cache/82/e6/82e69498ec38447b33ceae2b6c57c356.jpg\", \"size\": [74, 74]}'),('sorl-thumbnail||thumbnails||2dcfec4a7e2300a9ae97910b06896fba','[\"7e5738c2fd5e6b7581b627b465e2d83a\", \"ddc16b431367b50f8831e6c0db39ba4f\"]'),('sorl-thumbnail||image||7b0955444df495b717012796d2d8bd06','{\"storage\": \"django.core.files.storage.FileSystemStorage\", \"name\": \"images/roomphoto/028.JPG\", \"size\": [650, 433]}'),('sorl-thumbnail||image||1a420b18632d358d3625e41c54e5f381','{\"storage\": \"django.core.files.storage.FileSystemStorage\", \"name\": \"cache/39/f4/39f475d6e1d84d45c5ca1bc6466c9cb9.jpg\", \"size\": [74, 74]}'),('sorl-thumbnail||thumbnails||7b0955444df495b717012796d2d8bd06','[\"c8b8316d66dd72d25df813d2b5aeb792\", \"1a420b18632d358d3625e41c54e5f381\"]'),('sorl-thumbnail||image||fb170ecece4c7dd40849ba42efba3ad6','{\"storage\": \"django.core.files.storage.FileSystemStorage\", \"name\": \"images/roomphoto/040.JPG\", \"size\": [650, 433]}'),('sorl-thumbnail||image||eafb6fe3bc9954fa1f691c5acbf8a059','{\"storage\": \"django.core.files.storage.FileSystemStorage\", \"name\": \"cache/97/fa/97fa6631258c4cca1b403196f629850d.jpg\", \"size\": [74, 74]}'),('sorl-thumbnail||thumbnails||fb170ecece4c7dd40849ba42efba3ad6','[\"eafb6fe3bc9954fa1f691c5acbf8a059\", \"9444835752415ea4684542f9ea2f7384\"]'),('sorl-thumbnail||image||c632c2deae39b920df867744ed616ae0','{\"storage\": \"django.core.files.storage.FileSystemStorage\", \"name\": \"images/roomphoto/121.JPG\", \"size\": [650, 433]}'),('sorl-thumbnail||image||e392e8da5b6453a77ce5d4d07ec31bdb','{\"storage\": \"django.core.files.storage.FileSystemStorage\", \"name\": \"cache/04/1f/041fda4056995665a25f7842ac49e89f.jpg\", \"size\": [74, 74]}'),('sorl-thumbnail||thumbnails||c632c2deae39b920df867744ed616ae0','[\"ad9c150c5240840330ef30065083bb8d\", \"e392e8da5b6453a77ce5d4d07ec31bdb\"]'),('sorl-thumbnail||image||67f63ecbf3c415a0c01a7705153b2539','{\"storage\": \"django.core.files.storage.FileSystemStorage\", \"name\": \"images/roomphoto/013.JPG\", \"size\": [650, 433]}'),('sorl-thumbnail||image||84595a9463e2dccf05ee265fa2195cbe','{\"storage\": \"django.core.files.storage.FileSystemStorage\", \"name\": \"cache/17/71/1771ee9ee15b3ba2de7ba07bc8147ef5.jpg\", \"size\": [74, 74]}'),('sorl-thumbnail||thumbnails||67f63ecbf3c415a0c01a7705153b2539','[\"c981f801b777e1ed4c5b6359c8887a02\", \"84595a9463e2dccf05ee265fa2195cbe\"]'),('sorl-thumbnail||image||cbcb158f67d9c1ef0cda445a626bb284','{\"storage\": \"django.core.files.storage.FileSystemStorage\", \"name\": \"images/roomphoto/022.JPG\", \"size\": [650, 433]}'),('sorl-thumbnail||image||95a744e64672c351034e6ca0e9a510cd','{\"storage\": \"django.core.files.storage.FileSystemStorage\", \"name\": \"cache/27/3e/273e5b3e7d22e3b83040053f4a33a7b0.jpg\", \"size\": [74, 74]}'),('sorl-thumbnail||thumbnails||cbcb158f67d9c1ef0cda445a626bb284','[\"95a744e64672c351034e6ca0e9a510cd\", \"300420733141339a27343bf3bcf979b0\"]'),('sorl-thumbnail||image||db7b0d741c17c572a5c608431f338f40','{\"storage\": \"django.core.files.storage.FileSystemStorage\", \"name\": \"images/hotel/1/1.png\", \"size\": [193, 110]}'),('sorl-thumbnail||image||5c3d7804369edf2d419b2ffb78436281','{\"storage\": \"django.core.files.storage.FileSystemStorage\", \"name\": \"cache/47/7a/477a2dea702c498374e01c66a91c1841.png\", \"size\": [140, 80]}'),('sorl-thumbnail||thumbnails||db7b0d741c17c572a5c608431f338f40','[\"c3dc77d726b9ef52a101699fbd30c8e1\", \"2c2563305d4ff325e250bda4cd15033d\", \"5c3d7804369edf2d419b2ffb78436281\"]'),('sorl-thumbnail||image||6a2fbf9a7ac437aea56073fa187c94db','{\"storage\": \"django.core.files.storage.FileSystemStorage\", \"name\": \"cache/e8/29/e82981f0edbb5cb4bbbd3efc32f01e1b.png\", \"size\": [140, 74]}'),('sorl-thumbnail||image||c60f897bbc6d492b22d853396d57eefe','{\"storage\": \"django.core.files.storage.FileSystemStorage\", \"name\": \"cache/e5/e6/e5e6dbaacbeaf905da4c3e1c1980712e.png\", \"size\": [140, 88]}'),('sorl-thumbnail||image||20cf4fbfffd71b7fcb08d0c35465eea5','{\"storage\": \"django.core.files.storage.FileSystemStorage\", \"name\": \"cache/1b/cc/1bcc50de3f2017961f9aed07271c9106.png\", \"size\": [140, 87]}'),('sorl-thumbnail||image||d33202fd353bebcdebe4998de8dad5a8','{\"storage\": \"django.core.files.storage.FileSystemStorage\", \"name\": \"cache/da/15/da15eee6363aa833d662315e3568401c.png\", \"size\": [140, 84]}'),('sorl-thumbnail||image||d7679435d667aaf2dde5d362f3d96b19','{\"storage\": \"django.core.files.storage.FileSystemStorage\", \"name\": \"cache/49/d1/49d16af7eb98c63ec86342191cb45c56.png\", \"size\": [140, 80]}'),('sorl-thumbnail||image||0b600b064ed5ddce87405ad3377d7af8','{\"storage\": \"django.core.files.storage.FileSystemStorage\", \"name\": \"images/hotel/2/2.png\", \"size\": [168, 100]}'),('sorl-thumbnail||image||578da290edeea762065f67cafe98287e','{\"storage\": \"django.core.files.storage.FileSystemStorage\", \"name\": \"cache/f5/db/f5dbcc60c387737735f53116cc316309.png\", \"size\": [139, 83]}'),('sorl-thumbnail||thumbnails||0b600b064ed5ddce87405ad3377d7af8','[\"c49b1172aa0d91ce1dda3375a046a4b4\", \"92e8620c7fceb84b61f7f81a5e1e993f\", \"578da290edeea762065f67cafe98287e\"]'),('sorl-thumbnail||image||eed0efe5f9ad1ec36af65866fee967f9','{\"storage\": \"django.core.files.storage.FileSystemStorage\", \"name\": \"images/hotel/3/3.png\", \"size\": [160, 110]}'),('sorl-thumbnail||image||b9700a424ca547e6d9c0ade7ee001e7d','{\"storage\": \"django.core.files.storage.FileSystemStorage\", \"name\": \"cache/8b/7c/8b7cda08186af3187758689f24ef19f2.png\", \"size\": [140, 96]}'),('sorl-thumbnail||thumbnails||eed0efe5f9ad1ec36af65866fee967f9','[\"b9700a424ca547e6d9c0ade7ee001e7d\", \"1344d1e03d7ce01a554dc7069d20953c\", \"693be8e89d1af047b510358424cc831e\"]'),('sorl-thumbnail||image||fa65337a6807394fcfd80d8c5d15b15a','{\"storage\": \"django.core.files.storage.FileSystemStorage\", \"name\": \"images/hotel/6/4.png\", \"size\": [153, 79]}'),('sorl-thumbnail||image||ada21375f31bb011d63a8571577e8c4d','{\"storage\": \"django.core.files.storage.FileSystemStorage\", \"name\": \"cache/a9/ff/a9fffda381dd2f7e38a6f1fc0244213c.png\", \"size\": [139, 72]}'),('sorl-thumbnail||thumbnails||fa65337a6807394fcfd80d8c5d15b15a','[\"ada21375f31bb011d63a8571577e8c4d\"]'),('sorl-thumbnail||image||ed9212665bcc084f10405791662312df','{\"storage\": \"django.core.files.storage.FileSystemStorage\", \"name\": \"images/hotel/8/5.png\", \"size\": [131, 75]}'),('sorl-thumbnail||image||343f2e2a77a5fc64dc9409770a7ec4ad','{\"storage\": \"django.core.files.storage.FileSystemStorage\", \"name\": \"cache/66/14/66141bb9468fa9a1f49757e274f5f54c.png\", \"size\": [140, 80]}'),('sorl-thumbnail||thumbnails||ed9212665bcc084f10405791662312df','[\"343f2e2a77a5fc64dc9409770a7ec4ad\"]'),('sorl-thumbnail||image||e6e9bb0f7e4f5001333eed82f66ad8bc','{\"storage\": \"django.core.files.storage.FileSystemStorage\", \"name\": \"images/hotel/8/4.png\", \"size\": [153, 79]}'),('sorl-thumbnail||image||623e7d449b993b6fb3ea06cbfe378caf','{\"storage\": \"django.core.files.storage.FileSystemStorage\", \"name\": \"cache/e7/4d/e74d61350aa42233f93bc4e0fe9a81e8.png\", \"size\": [139, 72]}'),('sorl-thumbnail||thumbnails||e6e9bb0f7e4f5001333eed82f66ad8bc','[\"623e7d449b993b6fb3ea06cbfe378caf\", \"8f9f5967adf125e2955c7405013f434c\", \"353c0e74356dcc2bceab61c111b37602\"]'),('sorl-thumbnail||image||34ecf5327c465a31ec9c2d6c0f7d7973','{\"storage\": \"django.core.files.storage.FileSystemStorage\", \"name\": \"images/hotel/6/5.png\", \"size\": [131, 75]}'),('sorl-thumbnail||image||eb6a7e043fd24f5be8887751b9700036','{\"storage\": \"django.core.files.storage.FileSystemStorage\", \"name\": \"cache/74/1a/741a0456a485c5b263d8544fecca1ac2.png\", \"size\": [140, 80]}'),('sorl-thumbnail||thumbnails||34ecf5327c465a31ec9c2d6c0f7d7973','[\"0501f2eaa7c7d82dd9a30739f108e534\", \"5a06d1f7d90f6aed87f762567f336118\", \"eb6a7e043fd24f5be8887751b9700036\"]'),('sorl-thumbnail||image||2c2563305d4ff325e250bda4cd15033d','{\"storage\": \"django.core.files.storage.FileSystemStorage\", \"name\": \"cache/47/3e/473eee8ad2811ebc491f467dc036cbfa.png\", \"size\": [119, 68]}'),('sorl-thumbnail||image||92e8620c7fceb84b61f7f81a5e1e993f','{\"storage\": \"django.core.files.storage.FileSystemStorage\", \"name\": \"cache/04/1f/041f58042b9ccfd84f93c9b3a34319e3.png\", \"size\": [119, 71]}'),('sorl-thumbnail||image||1344d1e03d7ce01a554dc7069d20953c','{\"storage\": \"django.core.files.storage.FileSystemStorage\", \"name\": \"cache/cb/ca/cbca6845ae6b5853396c439f8f620294.png\", \"size\": [120, 83]}'),('sorl-thumbnail||image||0501f2eaa7c7d82dd9a30739f108e534','{\"storage\": \"django.core.files.storage.FileSystemStorage\", \"name\": \"cache/83/e6/83e6baba96d31ef1483f72c1ce909e74.png\", \"size\": [120, 69]}'),('sorl-thumbnail||image||8f9f5967adf125e2955c7405013f434c','{\"storage\": \"django.core.files.storage.FileSystemStorage\", \"name\": \"cache/b5/8e/b58e2d47d47ded0c7506a3bf4ef8fc03.png\", \"size\": [120, 62]}'),('sorl-thumbnail||image||c3dc77d726b9ef52a101699fbd30c8e1','{\"storage\": \"django.core.files.storage.FileSystemStorage\", \"name\": \"cache/de/94/de94edfa5eb0ce3a28a5d20107b9fcc7.png\", \"size\": [105, 60]}'),('sorl-thumbnail||image||c49b1172aa0d91ce1dda3375a046a4b4','{\"storage\": \"django.core.files.storage.FileSystemStorage\", \"name\": \"cache/bf/3f/bf3f0b8510852b3ef130df4d994cdd15.png\", \"size\": [101, 60]}'),('sorl-thumbnail||image||693be8e89d1af047b510358424cc831e','{\"storage\": \"django.core.files.storage.FileSystemStorage\", \"name\": \"cache/c6/79/c679515f1ff149f4f2f6683beb7fcfb6.png\", \"size\": [87, 60]}'),('sorl-thumbnail||image||5a06d1f7d90f6aed87f762567f336118','{\"storage\": \"django.core.files.storage.FileSystemStorage\", \"name\": \"cache/65/ad/65adb46e0930cc3b900dd2934887578a.png\", \"size\": [105, 60]}'),('sorl-thumbnail||image||353c0e74356dcc2bceab61c111b37602','{\"storage\": \"django.core.files.storage.FileSystemStorage\", \"name\": \"cache/b8/a6/b8a63fd5fd991fd52caaa32e4dc6613d.png\", \"size\": [116, 60]}'),('sorl-thumbnail||image||63b05320269da50ff6ab1dee8b7d3967','{\"storage\": \"django.core.files.storage.FileSystemStorage\", \"name\": \"uploads/images/galleries/Nashi_ploschadki/photo0063.jpg\", \"size\": [600, 400]}'),('sorl-thumbnail||image||1980dd48631cc0cac21f9ab935a23448','{\"storage\": \"django.core.files.storage.FileSystemStorage\", \"name\": \"cache/39/8e/398e883cddbdaa4cc95918dcf1159718.jpg\", \"size\": [74, 74]}'),('sorl-thumbnail||thumbnails||63b05320269da50ff6ab1dee8b7d3967','[\"1980dd48631cc0cac21f9ab935a23448\", \"4589ce9185a468723fb665ee972d9e9e\"]'),('sorl-thumbnail||image||8f2c1f58a9d6d7fa1c7fdf55f8dff03f','{\"storage\": \"django.core.files.storage.FileSystemStorage\", \"name\": \"uploads/images/galleries/Nashi_ploschadki/photo0087.jpg\", \"size\": [600, 400]}'),('sorl-thumbnail||image||0739edbc75b8b5fb5244789118516df8','{\"storage\": \"django.core.files.storage.FileSystemStorage\", \"name\": \"cache/16/0e/160e4e9dbe8da9ad5f01e787098cee0f.jpg\", \"size\": [74, 74]}'),('sorl-thumbnail||thumbnails||8f2c1f58a9d6d7fa1c7fdf55f8dff03f','[\"0739edbc75b8b5fb5244789118516df8\", \"31704da3565779b78711b004b5be9849\"]'),('sorl-thumbnail||image||d12dbab69d2d52df33cdca0755704eac','{\"storage\": \"django.core.files.storage.FileSystemStorage\", \"name\": \"uploads/images/galleries/Nashi_ploschadki/photo0097.jpg\", \"size\": [600, 400]}'),('sorl-thumbnail||image||df637619e8b1e8433a4f91c068c97c8c','{\"storage\": \"django.core.files.storage.FileSystemStorage\", \"name\": \"cache/d3/17/d317db3feda82a459eb561da49a23aa4.jpg\", \"size\": [74, 74]}'),('sorl-thumbnail||thumbnails||d12dbab69d2d52df33cdca0755704eac','[\"df637619e8b1e8433a4f91c068c97c8c\"]'),('sorl-thumbnail||image||672623fac615a83df6a7167954870f96','{\"storage\": \"django.core.files.storage.FileSystemStorage\", \"name\": \"uploads/images/galleries/Nashi_ploschadki/photo0063_1.jpg\", \"size\": [600, 400]}'),('sorl-thumbnail||image||d9e9f1f3f57543002c2bb8486e9773ea','{\"storage\": \"django.core.files.storage.FileSystemStorage\", \"name\": \"cache/1a/cb/1acb607a92171e29daed6e7736e0c0cb.jpg\", \"size\": [74, 74]}'),('sorl-thumbnail||thumbnails||672623fac615a83df6a7167954870f96','[\"d9e9f1f3f57543002c2bb8486e9773ea\", \"13e54caa2e1de0f20c7a3368792de70a\"]'),('sorl-thumbnail||image||a935f6ce3ff5e7df6d90ec2bc958dea4','{\"storage\": \"django.core.files.storage.FileSystemStorage\", \"name\": \"uploads/images/galleries/Nashi_ploschadki/photo0087_1.jpg\", \"size\": [600, 400]}'),('sorl-thumbnail||image||eb8acf89183c42601b8250aa439fb702','{\"storage\": \"django.core.files.storage.FileSystemStorage\", \"name\": \"cache/c8/54/c8543a467eea785ea05a68bb49da67d4.jpg\", \"size\": [74, 74]}'),('sorl-thumbnail||thumbnails||a935f6ce3ff5e7df6d90ec2bc958dea4','[\"eb8acf89183c42601b8250aa439fb702\", \"adeb0516bad06a997e9d048517d846b8\"]'),('sorl-thumbnail||image||59a8cf4aa06708ce149f1f3c9f74ea0d','{\"storage\": \"django.core.files.storage.FileSystemStorage\", \"name\": \"uploads/images/galleries/Nashi_ploschadki/photo0097_1.jpg\", \"size\": [600, 400]}'),('sorl-thumbnail||image||47b9c384bea97fda6bb9f99fb95ba119','{\"storage\": \"django.core.files.storage.FileSystemStorage\", \"name\": \"cache/99/32/99320563a8fab6c317d860749b0c2ac7.jpg\", \"size\": [74, 74]}'),('sorl-thumbnail||thumbnails||59a8cf4aa06708ce149f1f3c9f74ea0d','[\"47b9c384bea97fda6bb9f99fb95ba119\"]'),('sorl-thumbnail||image||37819356928a95a4c01ccaceabbc390b','{\"storage\": \"django.core.files.storage.FileSystemStorage\", \"name\": \"uploads/images/galleries/Nashi_ploschadki/photo0099_1.jpg\", \"size\": [600, 400]}'),('sorl-thumbnail||image||d5671a8e9b5126905acdf048c70f625c','{\"storage\": \"django.core.files.storage.FileSystemStorage\", \"name\": \"cache/f7/9d/f79d5f07728940d8de5c34f09185ecc9.jpg\", \"size\": [74, 74]}'),('sorl-thumbnail||thumbnails||37819356928a95a4c01ccaceabbc390b','[\"d5671a8e9b5126905acdf048c70f625c\", \"b1dac5c8b852fa068db37cf922a2b0ab\"]'),('sorl-thumbnail||image||941f47ce3237150af3f1edd01331efb2','{\"storage\": \"django.core.files.storage.FileSystemStorage\", \"name\": \"uploads/images/galleries/Nashi_ploschadki/Den\'_stroitelya_(208)_1.JPG\", \"size\": [600, 400]}'),('sorl-thumbnail||image||fbb4bf9095c13b7c81d5900414e3c070','{\"storage\": \"django.core.files.storage.FileSystemStorage\", \"name\": \"cache/e2/0f/e20fb1f737f4b130265308cf3d4c8966.jpg\", \"size\": [74, 74]}'),('sorl-thumbnail||thumbnails||941f47ce3237150af3f1edd01331efb2','[\"fbb4bf9095c13b7c81d5900414e3c070\", \"750c2fa53b0d25f46fa9a1f4901b9490\"]'),('sorl-thumbnail||image||62cdc8501df2bae71d1dda226f0143a8','{\"storage\": \"django.core.files.storage.FileSystemStorage\", \"name\": \"uploads/images/galleries/Nashi_ploschadki/Den\'_stroitelya_(210)_1.JPG\", \"size\": [600, 400]}'),('sorl-thumbnail||image||6bef3de642cba7404be0cd7757f311be','{\"storage\": \"django.core.files.storage.FileSystemStorage\", \"name\": \"cache/e4/a2/e4a23a6d5958ba0f9cdd1f4117618896.jpg\", \"size\": [74, 74]}'),('sorl-thumbnail||thumbnails||62cdc8501df2bae71d1dda226f0143a8','[\"e6207d6ea4422966ab615b6145b529d0\", \"6bef3de642cba7404be0cd7757f311be\"]'),('sorl-thumbnail||image||0c317b10fb24d365d8a57aae3e4c13e8','{\"storage\": \"django.core.files.storage.FileSystemStorage\", \"name\": \"uploads/images/galleries/Nashi_ploschadki/Den\'_stroitelya_(211)_1.JPG\", \"size\": [600, 400]}'),('sorl-thumbnail||image||e828a2ab2139808347934e60234fa681','{\"storage\": \"django.core.files.storage.FileSystemStorage\", \"name\": \"cache/7c/b7/7cb7718222562f7bf75f38883fb217c4.jpg\", \"size\": [74, 74]}'),('sorl-thumbnail||thumbnails||0c317b10fb24d365d8a57aae3e4c13e8','[\"48c43e7bc168c8a7307c4bf6b0ec18fc\", \"e828a2ab2139808347934e60234fa681\"]'),('sorl-thumbnail||image||84e837a0aa25c1e79d1466839fa4ac73','{\"storage\": \"django.core.files.storage.FileSystemStorage\", \"name\": \"uploads/images/galleries/Nashi_ploschadki/Den\'_stroitelya_(212)_1.JPG\", \"size\": [600, 400]}'),('sorl-thumbnail||image||e463b724547f6f06b7cac8cf2df1aafe','{\"storage\": \"django.core.files.storage.FileSystemStorage\", \"name\": \"cache/b4/56/b45698e05b70dcc8789cdfda3db469fb.jpg\", \"size\": [74, 74]}'),('sorl-thumbnail||thumbnails||84e837a0aa25c1e79d1466839fa4ac73','[\"2a96fe4e00647950eed2c98eb39b61f9\", \"e463b724547f6f06b7cac8cf2df1aafe\"]'),('sorl-thumbnail||image||705336518f85a2efddf9bd7240614f7d','{\"storage\": \"django.core.files.storage.FileSystemStorage\", \"name\": \"uploads/images/galleries/Besedki/DSC_0217.JPG\", \"size\": [600, 399]}'),('sorl-thumbnail||image||c15fa305b53061b3edd543493512f704','{\"storage\": \"django.core.files.storage.FileSystemStorage\", \"name\": \"cache/cc/3c/cc3c207fa42affd17080fb16e1cdc7c3.jpg\", \"size\": [74, 74]}'),('sorl-thumbnail||thumbnails||705336518f85a2efddf9bd7240614f7d','[\"c15fa305b53061b3edd543493512f704\", \"93ee49a390a10169e6d5061c474138ec\"]'),('sorl-thumbnail||image||76f141343869efe3055b6baef6aee50f','{\"storage\": \"django.core.files.storage.FileSystemStorage\", \"name\": \"uploads/images/galleries/Besedki/DSC_0221.JPG\", \"size\": [600, 399]}'),('sorl-thumbnail||image||f46248d22321e96d78e228fca9701f58','{\"storage\": \"django.core.files.storage.FileSystemStorage\", \"name\": \"cache/0b/b7/0bb73388cf4f434833b80139426ab647.jpg\", \"size\": [74, 74]}'),('sorl-thumbnail||thumbnails||76f141343869efe3055b6baef6aee50f','[\"5a01d9fea852353fb13269086dc9cb6b\", \"f46248d22321e96d78e228fca9701f58\"]'),('sorl-thumbnail||image||2f5ef06f8a0a7072aa3e86c763677ed2','{\"storage\": \"django.core.files.storage.FileSystemStorage\", \"name\": \"uploads/images/galleries/Besedki/DSC_0223.JPG\", \"size\": [600, 399]}'),('sorl-thumbnail||image||0fb33150389d099e6fca0f539970991c','{\"storage\": \"django.core.files.storage.FileSystemStorage\", \"name\": \"cache/d9/95/d9952f934596771b2af7a5a137b27159.jpg\", \"size\": [74, 74]}'),('sorl-thumbnail||thumbnails||2f5ef06f8a0a7072aa3e86c763677ed2','[\"68c56198ea73ef335886b0aca0f80971\", \"0fb33150389d099e6fca0f539970991c\"]'),('sorl-thumbnail||image||42b21fe5feb71bf5a59f729916aa7506','{\"storage\": \"django.core.files.storage.FileSystemStorage\", \"name\": \"uploads/images/galleries/Besedki/DSC_0224.JPG\", \"size\": [600, 399]}'),('sorl-thumbnail||image||78a81d7b214472b365b9baa2d47490b3','{\"storage\": \"django.core.files.storage.FileSystemStorage\", \"name\": \"cache/15/a8/15a85baa57db4d3efddfad7e3b6133c2.jpg\", \"size\": [74, 74]}'),('sorl-thumbnail||thumbnails||42b21fe5feb71bf5a59f729916aa7506','[\"d9ee3bd999a710b0c49f67f399d52090\", \"78a81d7b214472b365b9baa2d47490b3\"]'),('sorl-thumbnail||image||0cb64fcf729e7c48b9eecdb1042f12f5','{\"storage\": \"django.core.files.storage.FileSystemStorage\", \"name\": \"uploads/images/galleries/Besedki/DSC_0242.JPG\", \"size\": [600, 399]}'),('sorl-thumbnail||image||d692a2f0acca37a56b8611c4de29422b','{\"storage\": \"django.core.files.storage.FileSystemStorage\", \"name\": \"cache/2b/8f/2b8f0c2874ef145997a1bfbf8957da2a.jpg\", \"size\": [74, 74]}'),('sorl-thumbnail||thumbnails||0cb64fcf729e7c48b9eecdb1042f12f5','[\"6f36a13d4558e70c166677c392a0acea\", \"d692a2f0acca37a56b8611c4de29422b\"]'),('sorl-thumbnail||image||0d648aa2019bd931b2d549a1f2e0dbba','{\"storage\": \"django.core.files.storage.FileSystemStorage\", \"name\": \"uploads/images/galleries/Besedki/DSC_0246.JPG\", \"size\": [600, 399]}'),('sorl-thumbnail||image||58e9d509c6d47f1e8dad41b45f09f862','{\"storage\": \"django.core.files.storage.FileSystemStorage\", \"name\": \"cache/0a/f7/0af74ffbe1a5efce3eadbd7a187b1d99.jpg\", \"size\": [74, 74]}'),('sorl-thumbnail||thumbnails||0d648aa2019bd931b2d549a1f2e0dbba','[\"2bd1a7256e83504bc71f9965de91966e\", \"58e9d509c6d47f1e8dad41b45f09f862\"]'),('sorl-thumbnail||image||0633d47c049b0056b67fb896e9583ae5','{\"storage\": \"django.core.files.storage.FileSystemStorage\", \"name\": \"uploads/images/galleries/Stadion/IMG_4110-760.jpg\", \"size\": [600, 400]}'),('sorl-thumbnail||image||9d88509705ce56c9c87638c3cf258b17','{\"storage\": \"django.core.files.storage.FileSystemStorage\", \"name\": \"cache/59/c3/59c3aa695c433361497c453d01220e4f.jpg\", \"size\": [74, 74]}'),('sorl-thumbnail||thumbnails||0633d47c049b0056b67fb896e9583ae5','[\"1a10ae278298d42f910c14f4e0155d9e\", \"9d88509705ce56c9c87638c3cf258b17\"]'),('sorl-thumbnail||image||8b1be8bbdf7c0cfc59865d9b6cea8b52','{\"storage\": \"django.core.files.storage.FileSystemStorage\", \"name\": \"uploads/images/galleries/Stadion/IMG_4113-761.jpg\", \"size\": [600, 400]}'),('sorl-thumbnail||image||2e6f248f32876c4f517d9acf87450e8d','{\"storage\": \"django.core.files.storage.FileSystemStorage\", \"name\": \"cache/6a/d8/6ad88077688fac05a35f438f85f5408d.jpg\", \"size\": [74, 74]}'),('sorl-thumbnail||thumbnails||8b1be8bbdf7c0cfc59865d9b6cea8b52','[\"2e6f248f32876c4f517d9acf87450e8d\", \"d3d00a8eac566a650b58c4a78995e48e\"]'),('sorl-thumbnail||image||34f56b2d244d782c72f92b6d417f6fe2','{\"storage\": \"django.core.files.storage.FileSystemStorage\", \"name\": \"uploads/images/galleries/Stadion/IMG_4296.jpg\", \"size\": [600, 341]}'),('sorl-thumbnail||image||e85a7daac99ec7a5a07bf89bbda39740','{\"storage\": \"django.core.files.storage.FileSystemStorage\", \"name\": \"cache/9c/98/9c98f692304884f4227c31c4a53294e4.jpg\", \"size\": [74, 74]}'),('sorl-thumbnail||thumbnails||34f56b2d244d782c72f92b6d417f6fe2','[\"235079964d0f285a3327d3ed5aa2eeb5\", \"e85a7daac99ec7a5a07bf89bbda39740\"]'),('sorl-thumbnail||image||bc490d982787a081a52dfb8486b5ec55','{\"storage\": \"django.core.files.storage.FileSystemStorage\", \"name\": \"uploads/images/galleries/Stadion/IMG_4401.jpg\", \"size\": [600, 394]}'),('sorl-thumbnail||image||ceddfddb26c5720cd94375167e1ee5b9','{\"storage\": \"django.core.files.storage.FileSystemStorage\", \"name\": \"cache/29/9b/299bc3a3f4c0c0313944f2c8c3ab4893.jpg\", \"size\": [74, 74]}'),('sorl-thumbnail||thumbnails||bc490d982787a081a52dfb8486b5ec55','[\"ceddfddb26c5720cd94375167e1ee5b9\", \"6810f1ceeb2fda8b9a65d369f65e92fb\"]'),('sorl-thumbnail||image||865b6a120dc5cd60c0cbeab2550c1e65','{\"storage\": \"django.core.files.storage.FileSystemStorage\", \"name\": \"uploads/images/galleries/Nashi_ploschadki/photo0099.jpg\", \"size\": [600, 400]}'),('sorl-thumbnail||image||001b0f70a80c867ce956ee422d73fdf1','{\"storage\": \"django.core.files.storage.FileSystemStorage\", \"name\": \"cache/bf/03/bf03d53b09b3504a5bd98d450fa275d6.jpg\", \"size\": [74, 74]}'),('sorl-thumbnail||thumbnails||865b6a120dc5cd60c0cbeab2550c1e65','[\"001b0f70a80c867ce956ee422d73fdf1\", \"e9bb7ccc8dd33506ff9748a80c000a54\"]'),('sorl-thumbnail||image||aa6f4437a023d82c4eeeae82a5828f84','{\"storage\": \"django.core.files.storage.FileSystemStorage\", \"name\": \"uploads/images/galleries/Nashi_ploschadki/Den\'_stroitelya_(208).JPG\", \"size\": [600, 400]}'),('sorl-thumbnail||image||1201a340f548e3b59daa380626891e4f','{\"storage\": \"django.core.files.storage.FileSystemStorage\", \"name\": \"cache/28/46/2846ee464246017403747813e6e6429a.jpg\", \"size\": [74, 74]}'),('sorl-thumbnail||thumbnails||aa6f4437a023d82c4eeeae82a5828f84','[\"1201a340f548e3b59daa380626891e4f\", \"7455a7bab4e2cbfadcdfbfe077825e80\"]'),('sorl-thumbnail||image||ea5e5748dc24941d2ca5a3c506d319fc','{\"storage\": \"django.core.files.storage.FileSystemStorage\", \"name\": \"uploads/images/galleries/Nashi_ploschadki/Den\'_stroitelya_(210).JPG\", \"size\": [600, 400]}'),('sorl-thumbnail||image||873f16d1918ce3ee0e3946203e8e290f','{\"storage\": \"django.core.files.storage.FileSystemStorage\", \"name\": \"cache/4c/e2/4ce210f71ef4366a4493136a454dd595.jpg\", \"size\": [74, 74]}'),('sorl-thumbnail||thumbnails||ea5e5748dc24941d2ca5a3c506d319fc','[\"ae325ac9e6fc96e9cdd521161b3520b3\", \"873f16d1918ce3ee0e3946203e8e290f\"]'),('sorl-thumbnail||image||9f99a937687d7ce68566393edc202603','{\"storage\": \"django.core.files.storage.FileSystemStorage\", \"name\": \"uploads/images/galleries/Nashi_ploschadki/Den\'_stroitelya_(211).JPG\", \"size\": [600, 400]}'),('sorl-thumbnail||image||75725b918353fd08a40dcd164a6b4e05','{\"storage\": \"django.core.files.storage.FileSystemStorage\", \"name\": \"cache/89/9e/899e4ea79e979456340a994fce457860.jpg\", \"size\": [74, 74]}'),('sorl-thumbnail||thumbnails||9f99a937687d7ce68566393edc202603','[\"d0d8dc1fdede8a035e369021c5e2db6d\", \"75725b918353fd08a40dcd164a6b4e05\"]'),('sorl-thumbnail||image||455ee94e1f069eb719f594cdc00daa9c','{\"storage\": \"django.core.files.storage.FileSystemStorage\", \"name\": \"uploads/images/galleries/Nashi_ploschadki/Den\'_stroitelya_(212).JPG\", \"size\": [600, 400]}'),('sorl-thumbnail||image||22c78b1b51cf02a5cc6db746144fc102','{\"storage\": \"django.core.files.storage.FileSystemStorage\", \"name\": \"cache/f8/7f/f87f886f1d0b72b8e3d412e7184b6f16.jpg\", \"size\": [74, 74]}'),('sorl-thumbnail||thumbnails||455ee94e1f069eb719f594cdc00daa9c','[\"22c78b1b51cf02a5cc6db746144fc102\", \"fce223157890b44f7d3d575987f89110\"]'),('sorl-thumbnail||image||34df7c748b984d42059242159a1a9634','{\"storage\": \"django.core.files.storage.FileSystemStorage\", \"name\": \"uploads/images/galleries/Banketnyie_zalyi/103.JPG\", \"size\": [600, 400]}'),('sorl-thumbnail||image||9c3565853f5732ed3dc3319c6bbebbe2','{\"storage\": \"django.core.files.storage.FileSystemStorage\", \"name\": \"cache/6a/1b/6a1bd3e66f9c48f3bd07c7fe74711a93.jpg\", \"size\": [74, 74]}'),('sorl-thumbnail||thumbnails||34df7c748b984d42059242159a1a9634','[\"9c3565853f5732ed3dc3319c6bbebbe2\", \"d56c3f97c319104f337042428eebf5af\"]'),('sorl-thumbnail||image||dc0be4e2ce596283b1306dd0eafe71c8','{\"storage\": \"django.core.files.storage.FileSystemStorage\", \"name\": \"uploads/images/galleries/Banketnyie_zalyi/214.JPG\", \"size\": [600, 400]}'),('sorl-thumbnail||image||4a161207e25f8bcf1abab649dbd26018','{\"storage\": \"django.core.files.storage.FileSystemStorage\", \"name\": \"cache/f7/13/f71341279f44ebf7e6b6eb4e7cc069b3.jpg\", \"size\": [74, 74]}'),('sorl-thumbnail||thumbnails||dc0be4e2ce596283b1306dd0eafe71c8','[\"4a161207e25f8bcf1abab649dbd26018\", \"f02ecb183bf78d9f2e51c7810933e864\"]'),('sorl-thumbnail||image||f5f71f13bf19786346793b49c338ea81','{\"storage\": \"django.core.files.storage.FileSystemStorage\", \"name\": \"uploads/images/galleries/Banketnyie_zalyi/20110603-IMG_8781.jpg\", \"size\": [600, 400]}'),('sorl-thumbnail||image||1a8f8b70da0f6a2f9e986e6c83615fa3','{\"storage\": \"django.core.files.storage.FileSystemStorage\", \"name\": \"cache/53/01/530180421b4cbb8edc54cc62dd87a452.jpg\", \"size\": [74, 74]}'),('sorl-thumbnail||thumbnails||f5f71f13bf19786346793b49c338ea81','[\"1a8f8b70da0f6a2f9e986e6c83615fa3\", \"0b301ca9c9dd7c27a2a040191e37abb0\"]'),('sorl-thumbnail||image||56a2b3d727c1c51ca53a25973f2397fc','{\"storage\": \"django.core.files.storage.FileSystemStorage\", \"name\": \"uploads/images/galleries/Banketnyie_zalyi/DSC_0001.JPG\", \"size\": [600, 398]}'),('sorl-thumbnail||image||efe7a73a2c580bb3272d06594f86624e','{\"storage\": \"django.core.files.storage.FileSystemStorage\", \"name\": \"cache/43/cc/43ccc730e0464b1e384d9c9d615038ad.jpg\", \"size\": [74, 74]}'),('sorl-thumbnail||thumbnails||56a2b3d727c1c51ca53a25973f2397fc','[\"efe7a73a2c580bb3272d06594f86624e\", \"4c8ea50679e24ecb635334ee12839a81\"]'),('sorl-thumbnail||image||4c91c7a714042dbed693062f296f928f','{\"storage\": \"django.core.files.storage.FileSystemStorage\", \"name\": \"uploads/images/galleries/Banketnyie_zalyi/DSC_0005.JPG\", \"size\": [600, 398]}'),('sorl-thumbnail||image||6000dc8beaf4699e353a3e16b1058d3f','{\"storage\": \"django.core.files.storage.FileSystemStorage\", \"name\": \"cache/e7/7e/e77e2c67584df656165590cfa05643d0.jpg\", \"size\": [74, 74]}'),('sorl-thumbnail||thumbnails||4c91c7a714042dbed693062f296f928f','[\"6000dc8beaf4699e353a3e16b1058d3f\", \"1e68aa734f9703844fcc6b53b63a4f4f\"]'),('sorl-thumbnail||image||2aedf7548ab881cf7af04e950e665252','{\"storage\": \"django.core.files.storage.FileSystemStorage\", \"name\": \"uploads/images/galleries/Banketnyie_zalyi/DSC_0431.JPG\", \"size\": [600, 399]}'),('sorl-thumbnail||image||674f7747e6f976bbb3a09ee9657ef7b2','{\"storage\": \"django.core.files.storage.FileSystemStorage\", \"name\": \"cache/79/5d/795dd4efe99c51ce9f7bb8176b38db09.jpg\", \"size\": [74, 74]}'),('sorl-thumbnail||thumbnails||2aedf7548ab881cf7af04e950e665252','[\"674f7747e6f976bbb3a09ee9657ef7b2\", \"46fe63e9d38198f19827b525b465de01\"]'),('sorl-thumbnail||image||cb7373f5d358a52d1e62ac5b93737f4d','{\"storage\": \"django.core.files.storage.FileSystemStorage\", \"name\": \"uploads/images/galleries/Banketnyie_zalyi/IMG_0004[1].JPG\", \"size\": [600, 337]}'),('sorl-thumbnail||image||ddb13c791fd75ec282f30f58c183db52','{\"storage\": \"django.core.files.storage.FileSystemStorage\", \"name\": \"cache/1e/87/1e87f3e6e77b3c3895ad1b83b9632e32.jpg\", \"size\": [74, 74]}'),('sorl-thumbnail||thumbnails||cb7373f5d358a52d1e62ac5b93737f4d','[\"ddb13c791fd75ec282f30f58c183db52\", \"74e5cd93e312191e9bc798da628f19cc\"]'),('sorl-thumbnail||image||0dd97607bed64e62a50e897bdcdd8cef','{\"storage\": \"django.core.files.storage.FileSystemStorage\", \"name\": \"uploads/images/galleries/Banketnyie_zalyi/IMG_0006[1].JPG\", \"size\": [600, 337]}'),('sorl-thumbnail||image||8b9cba5ac1cdefe0a2a946a27cb0e804','{\"storage\": \"django.core.files.storage.FileSystemStorage\", \"name\": \"cache/77/db/77db89714660c4515e4fd24bc9ddc6c2.jpg\", \"size\": [74, 74]}'),('sorl-thumbnail||thumbnails||0dd97607bed64e62a50e897bdcdd8cef','[\"a6e2294affeaa352801afd6894a2e494\", \"8b9cba5ac1cdefe0a2a946a27cb0e804\"]'),('sorl-thumbnail||image||3e74a848f1e81b21070be8e93ae6285a','{\"storage\": \"django.core.files.storage.FileSystemStorage\", \"name\": \"uploads/images/galleries/Banketnyie_zalyi/preview-1.jpg\", \"size\": [600, 399]}'),('sorl-thumbnail||image||2cc2a52d4fac14b6f76704fda45b4122','{\"storage\": \"django.core.files.storage.FileSystemStorage\", \"name\": \"cache/9f/bd/9fbd94cf1946772aac5e146bbbb628d9.jpg\", \"size\": [74, 74]}'),('sorl-thumbnail||thumbnails||3e74a848f1e81b21070be8e93ae6285a','[\"9148ed1342d3f86173f91f8b1d4ccb2c\", \"2cc2a52d4fac14b6f76704fda45b4122\"]'),('sorl-thumbnail||image||9ddd810688d95a85df49703ab4edabab','{\"storage\": \"django.core.files.storage.FileSystemStorage\", \"name\": \"uploads/images/galleries/Banketnyie_zalyi/preview-2.jpg\", \"size\": [600, 399]}'),('sorl-thumbnail||image||d9b030ae957ae77a0697c1f9193383f5','{\"storage\": \"django.core.files.storage.FileSystemStorage\", \"name\": \"cache/27/e8/27e875a664618f29f86baaa8924cd726.jpg\", \"size\": [74, 74]}'),('sorl-thumbnail||thumbnails||9ddd810688d95a85df49703ab4edabab','[\"32b477b371f44d96c99afadb17e68a7f\", \"d9b030ae957ae77a0697c1f9193383f5\"]'),('sorl-thumbnail||image||f1a4a5fe41e7f23d08339f188b3914c3','{\"storage\": \"django.core.files.storage.FileSystemStorage\", \"name\": \"uploads/images/galleries/test/preview-sample2.png\", \"size\": [160, 108]}'),('sorl-thumbnail||image||1ef67797eca0e20261dd4b5edd21b360','{\"storage\": \"django.core.files.storage.FileSystemStorage\", \"name\": \"cache/7d/39/7d394fcc910cc8f709c864e91b8ed2b7.jpg\", \"size\": [74, 74]}'),('sorl-thumbnail||thumbnails||f1a4a5fe41e7f23d08339f188b3914c3','[\"1ef67797eca0e20261dd4b5edd21b360\"]'),('sorl-thumbnail||image||9730d338a736e4922eae99614ef82e5c','{\"storage\": \"django.core.files.storage.FileSystemStorage\", \"name\": \"uploads/images/galleries/test/slider-medium-sample.png\", \"size\": [300, 144]}'),('sorl-thumbnail||image||c3552444e2a58b6f57392e752d8b6dbd','{\"storage\": \"django.core.files.storage.FileSystemStorage\", \"name\": \"cache/57/cd/57cd4179c7630c8545254b18f75e9167.jpg\", \"size\": [74, 74]}'),('sorl-thumbnail||thumbnails||9730d338a736e4922eae99614ef82e5c','[\"c3552444e2a58b6f57392e752d8b6dbd\"]'),('sorl-thumbnail||image||7dc043e22ea448b0dd8cabcf3a162572','{\"storage\": \"django.core.files.storage.FileSystemStorage\", \"name\": \"uploads/images/galleries/Tematicheskie_prazdniki/201.jpg\", \"size\": [600, 400]}'),('sorl-thumbnail||image||58c9b6fac179fb533c640df3a88964bb','{\"storage\": \"django.core.files.storage.FileSystemStorage\", \"name\": \"cache/cc/f6/ccf6417dfc4438aa1ea78c2d8ec9d43a.jpg\", \"size\": [74, 74]}'),('sorl-thumbnail||thumbnails||7dc043e22ea448b0dd8cabcf3a162572','[\"58c9b6fac179fb533c640df3a88964bb\", \"e7d628b2b09e373f19ea7c79d7c2c264\"]'),('sorl-thumbnail||image||afe0a929beef56987db9a561acbca3ee','{\"storage\": \"django.core.files.storage.FileSystemStorage\", \"name\": \"uploads/images/galleries/Korporativyi/202.jpg\", \"size\": [600, 400]}'),('sorl-thumbnail||image||c12b09254fe5fc2eddec3e4867e614f8','{\"storage\": \"django.core.files.storage.FileSystemStorage\", \"name\": \"cache/fc/e3/fce3f0c05420ee3aa1597ea3d47c388b.jpg\", \"size\": [74, 74]}'),('sorl-thumbnail||thumbnails||afe0a929beef56987db9a561acbca3ee','[\"c12b09254fe5fc2eddec3e4867e614f8\", \"d086864863a7063607a731e8d5e690c2\"]'),('sorl-thumbnail||image||ae9eed791f96fb688b55f94407e6e29e','{\"storage\": \"django.core.files.storage.FileSystemStorage\", \"name\": \"uploads/images/galleries/Korporativyi/203.jpg\", \"size\": [600, 400]}'),('sorl-thumbnail||image||23768e53f2ae80da059314291e590b27','{\"storage\": \"django.core.files.storage.FileSystemStorage\", \"name\": \"cache/7f/1a/7f1ac42c6f1407290b585d742a76e49f.jpg\", \"size\": [74, 74]}'),('sorl-thumbnail||thumbnails||ae9eed791f96fb688b55f94407e6e29e','[\"06e426c4eda2e836e63450e187a81fd3\", \"23768e53f2ae80da059314291e590b27\"]'),('sorl-thumbnail||image||b8c84649f9e1a2c3b6c57a6e3bb0a800','{\"storage\": \"django.core.files.storage.FileSystemStorage\", \"name\": \"uploads/images/galleries/Korporativyi/207.jpg\", \"size\": [600, 400]}'),('sorl-thumbnail||image||09c14f8a4c0c707e8cba8a43f610a50b','{\"storage\": \"django.core.files.storage.FileSystemStorage\", \"name\": \"cache/66/20/6620239fe5b8ac5c379a5f562f0d312a.jpg\", \"size\": [74, 74]}'),('sorl-thumbnail||thumbnails||b8c84649f9e1a2c3b6c57a6e3bb0a800','[\"138211e7a32f4c97746b8edbd0199314\", \"09c14f8a4c0c707e8cba8a43f610a50b\"]'),('sorl-thumbnail||image||8dcba6edf232c1d367602bc0b1da6e65','{\"storage\": \"django.core.files.storage.FileSystemStorage\", \"name\": \"uploads/images/galleries/Korporativyi/208.jpg\", \"size\": [600, 400]}'),('sorl-thumbnail||image||f108381a3069e9cb388f9bb018cb62fe','{\"storage\": \"django.core.files.storage.FileSystemStorage\", \"name\": \"cache/47/12/47124a911b9e0d3fad0b2871ebcb2ad9.jpg\", \"size\": [74, 74]}'),('sorl-thumbnail||thumbnails||8dcba6edf232c1d367602bc0b1da6e65','[\"f108381a3069e9cb388f9bb018cb62fe\", \"0419b2dbfffe32c02b491906d07fbf73\"]'),('sorl-thumbnail||image||6cc0981c2edb9e497b1971ef05578d76','{\"storage\": \"django.core.files.storage.FileSystemStorage\", \"name\": \"uploads/images/galleries/Korporativyi/209.jpg\", \"size\": [600, 337]}'),('sorl-thumbnail||image||486000f25bf5e3c8f800df5bb6dbd3d1','{\"storage\": \"django.core.files.storage.FileSystemStorage\", \"name\": \"cache/c7/4e/c74e247f20a9abab229316ac6c66dbf4.jpg\", \"size\": [74, 74]}'),('sorl-thumbnail||thumbnails||6cc0981c2edb9e497b1971ef05578d76','[\"486000f25bf5e3c8f800df5bb6dbd3d1\", \"bf30e1e229a5e977a4d48cbca6bb5582\"]'),('sorl-thumbnail||image||8df283efca9ac70ed1ffad0c7b8acf11','{\"storage\": \"django.core.files.storage.FileSystemStorage\", \"name\": \"uploads/images/galleries/Korporativyi/210.jpg\", \"size\": [600, 399]}'),('sorl-thumbnail||image||636835e85a99487ccd2e2adce5c1d10b','{\"storage\": \"django.core.files.storage.FileSystemStorage\", \"name\": \"cache/0f/ea/0feaf01a377e937a0c20b529e499c5c3.jpg\", \"size\": [74, 74]}'),('sorl-thumbnail||thumbnails||8df283efca9ac70ed1ffad0c7b8acf11','[\"71d4351e9725e3007b9998e5d7e0c42b\", \"636835e85a99487ccd2e2adce5c1d10b\"]'),('sorl-thumbnail||image||ba11450c73997ac50a6c56c7b2186ad7','{\"storage\": \"django.core.files.storage.FileSystemStorage\", \"name\": \"uploads/images/galleries/Korporativyi/211.jpg\", \"size\": [600, 400]}'),('sorl-thumbnail||image||67cec7b8b0c3aef32d0477bad4e2477d','{\"storage\": \"django.core.files.storage.FileSystemStorage\", \"name\": \"cache/c7/6b/c76ba081ed4ce7e5bee20c3c66c10a0a.jpg\", \"size\": [74, 74]}'),('sorl-thumbnail||thumbnails||ba11450c73997ac50a6c56c7b2186ad7','[\"67cec7b8b0c3aef32d0477bad4e2477d\", \"9a24c410b8c0884ad40d2c7a45c5bcc2\"]'),('sorl-thumbnail||image||5773c71e5b6b29401bcfc56b99d1720e','{\"storage\": \"django.core.files.storage.FileSystemStorage\", \"name\": \"uploads/images/galleries/Korporativyi/212.jpg\", \"size\": [600, 400]}'),('sorl-thumbnail||image||3953bb76271edef2412608a56ae1153b','{\"storage\": \"django.core.files.storage.FileSystemStorage\", \"name\": \"cache/0c/ed/0ced78391ec8d21330f006c90bb26c08.jpg\", \"size\": [74, 74]}'),('sorl-thumbnail||thumbnails||5773c71e5b6b29401bcfc56b99d1720e','[\"ab18d6c349621c39edb681e62b7a6361\", \"3953bb76271edef2412608a56ae1153b\"]'),('sorl-thumbnail||image||3cfb4b09bf6b8c4efec7423a1170c13c','{\"storage\": \"django.core.files.storage.FileSystemStorage\", \"name\": \"uploads/images/galleries/Korporativyi/250.jpg\", \"size\": [600, 400]}'),('sorl-thumbnail||image||ebd7a86965aa252c3627f8f0777620ad','{\"storage\": \"django.core.files.storage.FileSystemStorage\", \"name\": \"cache/bb/5b/bb5b59a50f0a14d97d711cb78036a027.jpg\", \"size\": [74, 74]}'),('sorl-thumbnail||thumbnails||3cfb4b09bf6b8c4efec7423a1170c13c','[\"58271c9786248cba5efae559690a1f15\", \"ebd7a86965aa252c3627f8f0777620ad\"]'),('sorl-thumbnail||image||1e7b9efb81e7ce4eb47fe30d22c84e7e','{\"storage\": \"django.core.files.storage.FileSystemStorage\", \"name\": \"uploads/images/galleries/Korporativyi/252.jpg\", \"size\": [600, 400]}'),('sorl-thumbnail||image||10c3831ccadcc69d3a2eb82da0b76110','{\"storage\": \"django.core.files.storage.FileSystemStorage\", \"name\": \"cache/c5/81/c58115ff0c34c2c93bffc333633e0d98.jpg\", \"size\": [74, 74]}'),('sorl-thumbnail||thumbnails||1e7b9efb81e7ce4eb47fe30d22c84e7e','[\"10c3831ccadcc69d3a2eb82da0b76110\", \"328e1fdd4e0be40ba5675e860b7b376a\"]'),('sorl-thumbnail||image||a6e2a5cc417eb69de90a0e311c42d47e','{\"storage\": \"django.core.files.storage.FileSystemStorage\", \"name\": \"uploads/images/galleries/Korporativyi/253.jpg\", \"size\": [600, 400]}'),('sorl-thumbnail||image||c0dec9e8562b62d912c470de80aaa5b6','{\"storage\": \"django.core.files.storage.FileSystemStorage\", \"name\": \"cache/0a/36/0a361be396df59d9835c3cc754b015f8.jpg\", \"size\": [74, 74]}'),('sorl-thumbnail||thumbnails||a6e2a5cc417eb69de90a0e311c42d47e','[\"c0dec9e8562b62d912c470de80aaa5b6\", \"5871547206ee6ad87942bc697add6980\"]'),('sorl-thumbnail||image||d8fd95536e9a7a79eea446a002b1a346','{\"storage\": \"django.core.files.storage.FileSystemStorage\", \"name\": \"uploads/images/galleries/Korporativyi/254.jpg\", \"size\": [600, 400]}'),('sorl-thumbnail||image||9180ee32ee98a053ab41c6e2721a0f45','{\"storage\": \"django.core.files.storage.FileSystemStorage\", \"name\": \"cache/5a/6b/5a6bd0a13dce5ff83652e340f6dc5dc1.jpg\", \"size\": [74, 74]}'),('sorl-thumbnail||thumbnails||d8fd95536e9a7a79eea446a002b1a346','[\"9180ee32ee98a053ab41c6e2721a0f45\", \"602b77049d02fc8165208ecb15efbd59\"]'),('sorl-thumbnail||image||0f653f125ecfff107ff25225621e19cc','{\"storage\": \"django.core.files.storage.FileSystemStorage\", \"name\": \"uploads/images/galleries/Korporativyi/255.jpg\", \"size\": [600, 400]}'),('sorl-thumbnail||image||dc0aaf7b57a1722b627e316a629ad09c','{\"storage\": \"django.core.files.storage.FileSystemStorage\", \"name\": \"cache/b4/a8/b4a8967dc79332723aced93fdbb8dfca.jpg\", \"size\": [74, 74]}'),('sorl-thumbnail||thumbnails||0f653f125ecfff107ff25225621e19cc','[\"d3c9ccc7203de45801be8c3583e41e49\", \"dc0aaf7b57a1722b627e316a629ad09c\"]'),('sorl-thumbnail||image||e83df85ebbbd9d0672f5931a1c2322f9','{\"storage\": \"django.core.files.storage.FileSystemStorage\", \"name\": \"uploads/images/galleries/Korporativyi/256.jpg\", \"size\": [600, 400]}'),('sorl-thumbnail||image||42da9807d1209bda685b0795d1e673df','{\"storage\": \"django.core.files.storage.FileSystemStorage\", \"name\": \"cache/dc/46/dc460f020a59b23504e15f2d94c3748f.jpg\", \"size\": [74, 74]}'),('sorl-thumbnail||thumbnails||e83df85ebbbd9d0672f5931a1c2322f9','[\"7da82effcee9b0b1f8f13d1154d44739\", \"42da9807d1209bda685b0795d1e673df\"]'),('sorl-thumbnail||image||bf23e81bbd00fe0c96d3a6a117015987','{\"storage\": \"django.core.files.storage.FileSystemStorage\", \"name\": \"uploads/images/galleries/Korporativyi/257.jpg\", \"size\": [600, 337]}'),('sorl-thumbnail||image||5a0528fa4cf10904e8dff4983346b571','{\"storage\": \"django.core.files.storage.FileSystemStorage\", \"name\": \"cache/00/49/004940954ebb7ab468fd5886d7f7c14f.jpg\", \"size\": [74, 74]}'),('sorl-thumbnail||thumbnails||bf23e81bbd00fe0c96d3a6a117015987','[\"5a0528fa4cf10904e8dff4983346b571\", \"c5dc0aa4443895666995c4908153fd2f\"]'),('sorl-thumbnail||image||6b3b9c3e4f0b48dc31631ecee7dec243','{\"storage\": \"django.core.files.storage.FileSystemStorage\", \"name\": \"uploads/images/galleries/Korporativyi/258.jpg\", \"size\": [600, 400]}'),('sorl-thumbnail||image||ea083b68a13b655d37d67319ea84d070','{\"storage\": \"django.core.files.storage.FileSystemStorage\", \"name\": \"cache/45/20/4520dd9848635c0c1594f050657fb42f.jpg\", \"size\": [74, 74]}'),('sorl-thumbnail||thumbnails||6b3b9c3e4f0b48dc31631ecee7dec243','[\"ea083b68a13b655d37d67319ea84d070\", \"b4e95a39110877e29b73fad3e0cb1139\"]'),('sorl-thumbnail||image||e30003cdf59b492b7b2e21917a14a1aa','{\"storage\": \"django.core.files.storage.FileSystemStorage\", \"name\": \"uploads/images/galleries/Korporativyi/IMG_1174.jpg\", \"size\": [600, 400]}'),('sorl-thumbnail||image||408558d1081b711727e1ce8e86445e5d','{\"storage\": \"django.core.files.storage.FileSystemStorage\", \"name\": \"cache/74/af/74af4e1d9280f1b84314cd74652d13ed.jpg\", \"size\": [74, 74]}'),('sorl-thumbnail||thumbnails||e30003cdf59b492b7b2e21917a14a1aa','[\"10b6c62fd2a66998c5a3c7608ee3900b\", \"408558d1081b711727e1ce8e86445e5d\"]'),('sorl-thumbnail||image||b96b48713092f28a9b87b00f349e8f78','{\"storage\": \"django.core.files.storage.FileSystemStorage\", \"name\": \"uploads/images/galleries/Korporativyi/IMG_2696-142.jpg\", \"size\": [600, 400]}'),('sorl-thumbnail||image||96957dfe41977c661f4167444fe6a7b0','{\"storage\": \"django.core.files.storage.FileSystemStorage\", \"name\": \"cache/ca/18/ca18ee0ca61d6aab0a8bbd681eb88e71.jpg\", \"size\": [74, 74]}'),('sorl-thumbnail||thumbnails||b96b48713092f28a9b87b00f349e8f78','[\"96957dfe41977c661f4167444fe6a7b0\", \"b6b43e49d4ba676cdc25f82bf228ae75\"]'),('sorl-thumbnail||image||9a931d8763607abfea63bc280c330eed','{\"storage\": \"django.core.files.storage.FileSystemStorage\", \"name\": \"uploads/images/galleries/Korporativyi/IMG_2944-222.jpg\", \"size\": [600, 400]}'),('sorl-thumbnail||image||e4271255b7b8f738b8ce7e5a98ca3a4b','{\"storage\": \"django.core.files.storage.FileSystemStorage\", \"name\": \"cache/e4/12/e41295a8a6623e14ba386b13cee56bad.jpg\", \"size\": [74, 74]}'),('sorl-thumbnail||thumbnails||9a931d8763607abfea63bc280c330eed','[\"4773aca6ca79b8357feae84b13c0d655\", \"e4271255b7b8f738b8ce7e5a98ca3a4b\"]'),('sorl-thumbnail||image||5b84a670478c828c18c7cc6f70961ca5','{\"storage\": \"django.core.files.storage.FileSystemStorage\", \"name\": \"uploads/images/galleries/Korporativyi/IMG_2985-240.jpg\", \"size\": [600, 400]}'),('sorl-thumbnail||image||e61ef70275b6f5d16ddc79b7dd601f47','{\"storage\": \"django.core.files.storage.FileSystemStorage\", \"name\": \"cache/6c/bb/6cbb747e15b98a6079a57b5494a52d0d.jpg\", \"size\": [74, 74]}'),('sorl-thumbnail||thumbnails||5b84a670478c828c18c7cc6f70961ca5','[\"e61ef70275b6f5d16ddc79b7dd601f47\", \"b6eb36eeeb758aa59568a161a822e454\"]'),('sorl-thumbnail||image||6ef1c3a33c5086c012917e5b4250d893','{\"storage\": \"django.core.files.storage.FileSystemStorage\", \"name\": \"uploads/images/galleries/Korporativyi/IMG_3209.jpg\", \"size\": [600, 400]}'),('sorl-thumbnail||image||8440435f9986c156cd27246419c9d032','{\"storage\": \"django.core.files.storage.FileSystemStorage\", \"name\": \"cache/36/67/366799ae9b7a44aa3270f71225849465.jpg\", \"size\": [74, 74]}'),('sorl-thumbnail||thumbnails||6ef1c3a33c5086c012917e5b4250d893','[\"cd9cddf5e0db1e178c3a81a3b9bd9123\", \"8440435f9986c156cd27246419c9d032\"]'),('sorl-thumbnail||image||b2fb848b3fd457ee979c462605a80af1','{\"storage\": \"django.core.files.storage.FileSystemStorage\", \"name\": \"uploads/images/galleries/Korporativyi/IMG_3287-356.jpg\", \"size\": [600, 400]}'),('sorl-thumbnail||image||8b08349abb410ed6f722fcc5ebfce74a','{\"storage\": \"django.core.files.storage.FileSystemStorage\", \"name\": \"cache/f5/11/f511948899292e3dde818d588edc294e.jpg\", \"size\": [74, 74]}'),('sorl-thumbnail||thumbnails||b2fb848b3fd457ee979c462605a80af1','[\"8b08349abb410ed6f722fcc5ebfce74a\", \"eeb378ab331dfacba3998816b84814b9\"]'),('sorl-thumbnail||image||c758ed69d4acfd4f6e9cf649751e3bab','{\"storage\": \"django.core.files.storage.FileSystemStorage\", \"name\": \"uploads/images/galleries/Korporativyi/IMG_3304-367.jpg\", \"size\": [600, 400]}'),('sorl-thumbnail||image||94c3f99017b96eea0328b6e2e050387c','{\"storage\": \"django.core.files.storage.FileSystemStorage\", \"name\": \"cache/f5/66/f566d3bd5a6a1a713d44ae929dc50aac.jpg\", \"size\": [74, 74]}'),('sorl-thumbnail||thumbnails||c758ed69d4acfd4f6e9cf649751e3bab','[\"2b2e648da0985c5c95dced7a33e2c133\", \"94c3f99017b96eea0328b6e2e050387c\"]'),('sorl-thumbnail||image||042d8adaf7f7ceab917c5bf48bc39593','{\"storage\": \"django.core.files.storage.FileSystemStorage\", \"name\": \"uploads/images/galleries/Korporativyi/IMG_5486.jpg\", \"size\": [600, 400]}'),('sorl-thumbnail||image||a6334c3947986a8a7a29ad9fe2ead2f0','{\"storage\": \"django.core.files.storage.FileSystemStorage\", \"name\": \"cache/c2/e8/c2e863004d42637a33b069199084a2c4.jpg\", \"size\": [74, 74]}'),('sorl-thumbnail||thumbnails||042d8adaf7f7ceab917c5bf48bc39593','[\"a6334c3947986a8a7a29ad9fe2ead2f0\", \"0a7e38e93ea0d818ff255131cb7e17dc\"]'),('sorl-thumbnail||image||68153c9b5cf0b73c35bd9580df7bc4aa','{\"storage\": \"django.core.files.storage.FileSystemStorage\", \"name\": \"uploads/images/galleries/Korporativyi/img-0255.jpg\", \"size\": [600, 400]}'),('sorl-thumbnail||image||01141f319fb3b8d0e54fc7f72ded0b0f','{\"storage\": \"django.core.files.storage.FileSystemStorage\", \"name\": \"cache/54/3f/543f771f96ecc44e543b2db778e79b9d.jpg\", \"size\": [74, 74]}'),('sorl-thumbnail||thumbnails||68153c9b5cf0b73c35bd9580df7bc4aa','[\"6027ea947e0af371c05142ef8668229d\", \"01141f319fb3b8d0e54fc7f72ded0b0f\"]'),('sorl-thumbnail||image||052428a1ad56b46e2150931f3c0b198a','{\"storage\": \"django.core.files.storage.FileSystemStorage\", \"name\": \"uploads/images/galleries/Korporativyi/ok-72.jpg\", \"size\": [600, 400]}'),('sorl-thumbnail||image||5d2f08c70b5d759e28e094fe3f5c0a52','{\"storage\": \"django.core.files.storage.FileSystemStorage\", \"name\": \"cache/d6/46/d6460c049fc7b6820b2ebf6f2f6743d7.jpg\", \"size\": [74, 74]}'),('sorl-thumbnail||thumbnails||052428a1ad56b46e2150931f3c0b198a','[\"f11f325dc95051c598f19a4ce0ad4d5e\", \"5d2f08c70b5d759e28e094fe3f5c0a52\"]'),('sorl-thumbnail||image||a35e3c1d81a195ce046d885e2fd244b8','{\"storage\": \"django.core.files.storage.FileSystemStorage\", \"name\": \"uploads/images/galleries/Korporativyi/ok-78.jpg\", \"size\": [600, 400]}'),('sorl-thumbnail||image||a2fa66b8730dbc9487aab3885b5f92d3','{\"storage\": \"django.core.files.storage.FileSystemStorage\", \"name\": \"cache/23/6a/236a87659eeb943063523b664d0bc72f.jpg\", \"size\": [74, 74]}'),('sorl-thumbnail||thumbnails||a35e3c1d81a195ce046d885e2fd244b8','[\"7ed30218c16f39a3178c3c2356f8b266\", \"a2fa66b8730dbc9487aab3885b5f92d3\"]'),('sorl-thumbnail||image||db6f84e58f5e0071bd3d2e281565bae1','{\"storage\": \"django.core.files.storage.FileSystemStorage\", \"name\": \"uploads/images/galleries/Korporativyi/Resize_of_IMG_0019.JPG\", \"size\": [600, 400]}'),('sorl-thumbnail||image||1e4f05443dc25e59e9776c3c02d1a74c','{\"storage\": \"django.core.files.storage.FileSystemStorage\", \"name\": \"cache/d4/0a/d40a62a656a3b9a57875ce47f0d16321.jpg\", \"size\": [74, 74]}'),('sorl-thumbnail||thumbnails||db6f84e58f5e0071bd3d2e281565bae1','[\"f8860d60581a9e0f1fe34c73d80de0f2\", \"1e4f05443dc25e59e9776c3c02d1a74c\"]'),('sorl-thumbnail||image||aac9ec26f7208b3a9376e90f381f2f50','{\"storage\": \"django.core.files.storage.FileSystemStorage\", \"name\": \"uploads/images/galleries/Korporativyi/Resize_of_IMG_0152.JPG\", \"size\": [600, 400]}'),('sorl-thumbnail||image||cf3ad1382245a3a0ae2320ead47db36a','{\"storage\": \"django.core.files.storage.FileSystemStorage\", \"name\": \"cache/9d/c5/9dc5018aa70f5d38cbb70b401ee88933.jpg\", \"size\": [74, 74]}'),('sorl-thumbnail||thumbnails||aac9ec26f7208b3a9376e90f381f2f50','[\"f63394f3eb01191bea5395bafcfdfeca\", \"cf3ad1382245a3a0ae2320ead47db36a\"]'),('sorl-thumbnail||image||658c52d16abe53d51aab91235a40ef47','{\"storage\": \"django.core.files.storage.FileSystemStorage\", \"name\": \"uploads/images/galleries/Timbilding/IMG_3159.jpg\", \"size\": [600, 400]}'),('sorl-thumbnail||image||b04c8203f48807ca1196aa6c2a0eafe6','{\"storage\": \"django.core.files.storage.FileSystemStorage\", \"name\": \"cache/a3/d2/a3d22f2f901ec4cecef4cb62d828f37d.jpg\", \"size\": [74, 74]}'),('sorl-thumbnail||thumbnails||658c52d16abe53d51aab91235a40ef47','[\"9b14e323f666d3580ce916bc375742b9\", \"b04c8203f48807ca1196aa6c2a0eafe6\"]'),('sorl-thumbnail||image||5def39876e32939c3bf10186bfb05ba4','{\"storage\": \"django.core.files.storage.FileSystemStorage\", \"name\": \"uploads/images/galleries/Timbilding/IMG_3209.jpg\", \"size\": [600, 400]}'),('sorl-thumbnail||image||fcf125575afd0e97a1bad0a7a8e65a58','{\"storage\": \"django.core.files.storage.FileSystemStorage\", \"name\": \"cache/8a/b7/8ab72e0f80f0d3fb36ec4e96ef490d00.jpg\", \"size\": [74, 74]}'),('sorl-thumbnail||thumbnails||5def39876e32939c3bf10186bfb05ba4','[\"ce32c046b80298445cfa35829da96e8b\", \"fcf125575afd0e97a1bad0a7a8e65a58\"]'),('sorl-thumbnail||image||f77d551d7c8f1fb0985e16ac4d6b2fdf','{\"storage\": \"django.core.files.storage.FileSystemStorage\", \"name\": \"uploads/images/galleries/Timbilding/IMG_3227.jpg\", \"size\": [600, 400]}'),('sorl-thumbnail||image||b2e8791f86739d51157e58e383277b38','{\"storage\": \"django.core.files.storage.FileSystemStorage\", \"name\": \"cache/6f/a3/6fa3741c26dfebb30b60d47bcf0b95b3.jpg\", \"size\": [74, 74]}'),('sorl-thumbnail||thumbnails||f77d551d7c8f1fb0985e16ac4d6b2fdf','[\"8c1870d469ac193de629738a6c0f6bfb\", \"b2e8791f86739d51157e58e383277b38\"]'),('sorl-thumbnail||image||0c0b7dc233471e630b119b47a9a1ddae','{\"storage\": \"django.core.files.storage.FileSystemStorage\", \"name\": \"uploads/images/galleries/Timbilding/img-0170.jpg\", \"size\": [400, 600]}'),('sorl-thumbnail||image||12e002350b3d66b586778901bb709772','{\"storage\": \"django.core.files.storage.FileSystemStorage\", \"name\": \"cache/96/83/9683c0bda4727e1845a30b7a8a7c3707.jpg\", \"size\": [74, 74]}'),('sorl-thumbnail||thumbnails||0c0b7dc233471e630b119b47a9a1ddae','[\"12e002350b3d66b586778901bb709772\"]'),('sorl-thumbnail||image||9320d836035c7131bdb56df911d0d17a','{\"storage\": \"django.core.files.storage.FileSystemStorage\", \"name\": \"uploads/images/galleries/Timbilding/img-0171.jpg\", \"size\": [400, 600]}'),('sorl-thumbnail||image||7acf47bd64c503ead877058733156d27','{\"storage\": \"django.core.files.storage.FileSystemStorage\", \"name\": \"cache/a7/3e/a73ebf112cc218f3e50c336c61c62d3c.jpg\", \"size\": [74, 74]}'),('sorl-thumbnail||thumbnails||9320d836035c7131bdb56df911d0d17a','[\"7acf47bd64c503ead877058733156d27\"]'),('sorl-thumbnail||image||666093f52b77fb61844bfe0e568c7d93','{\"storage\": \"django.core.files.storage.FileSystemStorage\", \"name\": \"uploads/images/galleries/Timbilding/P1020093.JPG\", \"size\": [600, 450]}'),('sorl-thumbnail||image||29028f062c63d9764d67391ce4c71d28','{\"storage\": \"django.core.files.storage.FileSystemStorage\", \"name\": \"cache/7e/0b/7e0b2fbd1400de084d4db608fbc62020.jpg\", \"size\": [74, 74]}'),('sorl-thumbnail||thumbnails||666093f52b77fb61844bfe0e568c7d93','[\"7d85db8a9743c8e343ed11a9587dea41\", \"29028f062c63d9764d67391ce4c71d28\"]'),('sorl-thumbnail||image||2c3ac0edcbd75ea5c3027e3b1a94a1d7','{\"storage\": \"django.core.files.storage.FileSystemStorage\", \"name\": \"uploads/images/galleries/Timbilding/P1020122.JPG\", \"size\": [600, 450]}'),('sorl-thumbnail||image||ff183d0ceb9cec0df6c65da2aa2ed6e0','{\"storage\": \"django.core.files.storage.FileSystemStorage\", \"name\": \"cache/28/e9/28e99437725acd96928beece87eb9407.jpg\", \"size\": [74, 74]}'),('sorl-thumbnail||thumbnails||2c3ac0edcbd75ea5c3027e3b1a94a1d7','[\"528fa6b07dda6307f987f05465fe93a4\", \"ff183d0ceb9cec0df6c65da2aa2ed6e0\"]'),('sorl-thumbnail||image||872f22dafa88b0748b05f0831ed2760b','{\"storage\": \"django.core.files.storage.FileSystemStorage\", \"name\": \"uploads/images/galleries/Timbilding/P1030797.JPG\", \"size\": [600, 450]}'),('sorl-thumbnail||image||ee7594d044710a71c93fb7a1e5c20b05','{\"storage\": \"django.core.files.storage.FileSystemStorage\", \"name\": \"cache/05/c6/05c603b5c5a1e4aee939d8c4987a7a64.jpg\", \"size\": [74, 74]}'),('sorl-thumbnail||thumbnails||872f22dafa88b0748b05f0831ed2760b','[\"994ecb64b2d003b50addb77f3da83e50\", \"ee7594d044710a71c93fb7a1e5c20b05\"]'),('sorl-thumbnail||image||08e7f419beae0fc307290e927ff32341','{\"storage\": \"django.core.files.storage.FileSystemStorage\", \"name\": \"uploads/images/galleries/Timbilding/photo0090.jpg\", \"size\": [600, 400]}'),('sorl-thumbnail||image||d4ddbf47bcebf7ce8b355c88d81a7d32','{\"storage\": \"django.core.files.storage.FileSystemStorage\", \"name\": \"cache/a1/c2/a1c2591cec4c5667301d19d7735e92d8.jpg\", \"size\": [74, 74]}'),('sorl-thumbnail||thumbnails||08e7f419beae0fc307290e927ff32341','[\"e10059d852a875ad5ba08108fd0c87ca\", \"d4ddbf47bcebf7ce8b355c88d81a7d32\"]'),('sorl-thumbnail||image||760c4720900282c83c7862d492c310fe','{\"storage\": \"django.core.files.storage.FileSystemStorage\", \"name\": \"uploads/images/galleries/Timbilding/photo0117.jpg\", \"size\": [600, 400]}'),('sorl-thumbnail||image||aeb6c8bec0aee9779208e38b2bfa7baf','{\"storage\": \"django.core.files.storage.FileSystemStorage\", \"name\": \"cache/7f/3a/7f3a476cd241d19fcb0a5067b1736043.jpg\", \"size\": [74, 74]}'),('sorl-thumbnail||thumbnails||760c4720900282c83c7862d492c310fe','[\"aeb6c8bec0aee9779208e38b2bfa7baf\", \"2d05b2c0fc1cab4118e71a5d53f3912b\"]'),('sorl-thumbnail||image||533d0d6a604f129664b3c22e52663859','{\"storage\": \"django.core.files.storage.FileSystemStorage\", \"name\": \"uploads/images/galleries/Timbilding/z_6bd2cb51.jpg\", \"size\": [600, 336]}'),('sorl-thumbnail||image||cbde4c40f356e37fc3103721b1a220b9','{\"storage\": \"django.core.files.storage.FileSystemStorage\", \"name\": \"cache/14/c9/14c92c95b902a68dd5a51491aff49eaf.jpg\", \"size\": [74, 74]}'),('sorl-thumbnail||thumbnails||533d0d6a604f129664b3c22e52663859','[\"cbde4c40f356e37fc3103721b1a220b9\"]'),('sorl-thumbnail||image||13b4fee08c1612935ed09f13a1984216','{\"storage\": \"django.core.files.storage.FileSystemStorage\", \"name\": \"uploads/images/galleries/test/slider-small-sample.png\", \"size\": [160, 144]}'),('sorl-thumbnail||image||2c1494bb50146f641b35cc32e07f9bfa','{\"storage\": \"django.core.files.storage.FileSystemStorage\", \"name\": \"cache/9c/50/9c50144802fbcad99c077d5d516a307d.jpg\", \"size\": [74, 74]}'),('sorl-thumbnail||thumbnails||13b4fee08c1612935ed09f13a1984216','[\"2c1494bb50146f641b35cc32e07f9bfa\"]'),('sorl-thumbnail||image||389ccf6bb1697a181660876d7549b190','{\"storage\": \"django.core.files.storage.FileSystemStorage\", \"name\": \"uploads/images/galleries/Registratsiya/D3S_1322.jpg\", \"size\": [600, 399]}'),('sorl-thumbnail||image||eb59b3e27c99cc9c85868e5b7973d873','{\"storage\": \"django.core.files.storage.FileSystemStorage\", \"name\": \"cache/f9/01/f901f5739eb4beaeb092c4f93575541a.jpg\", \"size\": [74, 74]}'),('sorl-thumbnail||thumbnails||389ccf6bb1697a181660876d7549b190','[\"eb59b3e27c99cc9c85868e5b7973d873\", \"e0770c93a9916a036a65df0f7ed3aeac\"]'),('sorl-thumbnail||image||746fdd8444cee5a09ab6f82fe39ed653','{\"storage\": \"django.core.files.storage.FileSystemStorage\", \"name\": \"uploads/images/galleries/Registratsiya/D3S_1368.jpg\", \"size\": [600, 399]}'),('sorl-thumbnail||image||7e23217e1ce2cdd39264f08f5b5615e7','{\"storage\": \"django.core.files.storage.FileSystemStorage\", \"name\": \"cache/9d/e5/9de5977105f80f7c36134db99b489aa3.jpg\", \"size\": [74, 74]}'),('sorl-thumbnail||thumbnails||746fdd8444cee5a09ab6f82fe39ed653','[\"f395c9f75ac148cfc335a3da88d29399\", \"7e23217e1ce2cdd39264f08f5b5615e7\"]'),('sorl-thumbnail||image||c521500a2f22aca175a97520a2d9becb','{\"storage\": \"django.core.files.storage.FileSystemStorage\", \"name\": \"uploads/images/galleries/Registratsiya/DSC_1299_1.jpg\", \"size\": [600, 399]}'),('sorl-thumbnail||image||6bdb16c9957ce2df794d48f19ee70c58','{\"storage\": \"django.core.files.storage.FileSystemStorage\", \"name\": \"cache/75/5d/755d68dcd27ed9f12537d0a6282b5e84.jpg\", \"size\": [74, 74]}'),('sorl-thumbnail||thumbnails||c521500a2f22aca175a97520a2d9becb','[\"6bdb16c9957ce2df794d48f19ee70c58\", \"9b5fb0e3247f0272313b0d69c6acc564\"]'),('sorl-thumbnail||image||22f551d7cd2b2287a0b2a8f8369fdbe8','{\"storage\": \"django.core.files.storage.FileSystemStorage\", \"name\": \"uploads/images/galleries/Registratsiya/DSC_2550_1.jpg\", \"size\": [600, 399]}'),('sorl-thumbnail||image||61c47f9e0273e4264339ca904ba38d26','{\"storage\": \"django.core.files.storage.FileSystemStorage\", \"name\": \"cache/62/8c/628c387b1e2de69da97f12634a995c15.jpg\", \"size\": [74, 74]}'),('sorl-thumbnail||thumbnails||22f551d7cd2b2287a0b2a8f8369fdbe8','[\"84a3947ebb78a150a4eecd399f5be06f\", \"61c47f9e0273e4264339ca904ba38d26\"]'),('sorl-thumbnail||image||1d1f33d320bef340631d7d04c6e83f49','{\"storage\": \"django.core.files.storage.FileSystemStorage\", \"name\": \"uploads/images/galleries/Registratsiya/IMG_0179.jpg\", \"size\": [600, 400]}'),('sorl-thumbnail||image||cbce551be1053b839b1d86cf9d2adce5','{\"storage\": \"django.core.files.storage.FileSystemStorage\", \"name\": \"cache/e8/8a/e88ae1fbc6648ed08c9141ac45f4d537.jpg\", \"size\": [74, 74]}'),('sorl-thumbnail||thumbnails||1d1f33d320bef340631d7d04c6e83f49','[\"d7fe1d920bb3d74002ad589bd88f7163\", \"cbce551be1053b839b1d86cf9d2adce5\"]'),('sorl-thumbnail||image||818c355f5bd9014cdd0d37265ecedcbd','{\"storage\": \"django.core.files.storage.FileSystemStorage\", \"name\": \"uploads/images/galleries/Servirovka/DSC_0025.JPG\", \"size\": [600, 398]}'),('sorl-thumbnail||image||666e10dfed6196e48fb70b2a00b1ce5f','{\"storage\": \"django.core.files.storage.FileSystemStorage\", \"name\": \"cache/32/c2/32c2d7c2938aa8f647effebb3545e062.jpg\", \"size\": [74, 74]}'),('sorl-thumbnail||thumbnails||818c355f5bd9014cdd0d37265ecedcbd','[\"666e10dfed6196e48fb70b2a00b1ce5f\", \"0ee3f3bda6a34ddf48e6818f714c7f57\"]'),('sorl-thumbnail||image||f5c6bbbc4a8bdd6498e27b96bf0cd52e','{\"storage\": \"django.core.files.storage.FileSystemStorage\", \"name\": \"uploads/images/galleries/Servirovka/DSC_0037.JPG\", \"size\": [600, 398]}'),('sorl-thumbnail||image||db267d6b9c36f54d357613a6c04cec35','{\"storage\": \"django.core.files.storage.FileSystemStorage\", \"name\": \"cache/63/56/6356f8c9ef07bfd84d4169b941a23f6c.jpg\", \"size\": [74, 74]}'),('sorl-thumbnail||thumbnails||f5c6bbbc4a8bdd6498e27b96bf0cd52e','[\"8933efcee850cb307676dba68beb018d\", \"db267d6b9c36f54d357613a6c04cec35\"]'),('sorl-thumbnail||image||4909bf3932cb262184d066d4c4118326','{\"storage\": \"django.core.files.storage.FileSystemStorage\", \"name\": \"uploads/images/galleries/Servirovka/214.JPG\", \"size\": [600, 400]}'),('sorl-thumbnail||image||3feb70db4c82a5fe252c24e36af2f342','{\"storage\": \"django.core.files.storage.FileSystemStorage\", \"name\": \"cache/d9/60/d9606b9f4cb187f1dd4e0640299e1535.jpg\", \"size\": [74, 74]}'),('sorl-thumbnail||thumbnails||4909bf3932cb262184d066d4c4118326','[\"9a5ad6c08ebec905014d9e0e10da6659\", \"3feb70db4c82a5fe252c24e36af2f342\"]'),('sorl-thumbnail||image||d3730a9b944f03fbaf9ffea80311934f','{\"storage\": \"django.core.files.storage.FileSystemStorage\", \"name\": \"uploads/images/galleries/Servirovka/D3S_1078.jpg\", \"size\": [600, 399]}'),('sorl-thumbnail||image||ec698035890cb0cd4067195ad73857bb','{\"storage\": \"django.core.files.storage.FileSystemStorage\", \"name\": \"cache/b2/b7/b2b73264913074a3191e9b73895ebf41.jpg\", \"size\": [74, 74]}'),('sorl-thumbnail||thumbnails||d3730a9b944f03fbaf9ffea80311934f','[\"ec698035890cb0cd4067195ad73857bb\", \"2b8a3e8c622752324437baf5e45077c3\"]'),('sorl-thumbnail||image||0ec2ea2b197e33a9b224512382a7ec15','{\"storage\": \"django.core.files.storage.FileSystemStorage\", \"name\": \"uploads/images/galleries/Servirovka/DSC_2845_1.jpg\", \"size\": [600, 399]}'),('sorl-thumbnail||image||560642f619dea69af57ecc77970ad38d','{\"storage\": \"django.core.files.storage.FileSystemStorage\", \"name\": \"cache/1b/60/1b6031c54a8eeef42c564ca98d5ca37f.jpg\", \"size\": [74, 74]}'),('sorl-thumbnail||thumbnails||0ec2ea2b197e33a9b224512382a7ec15','[\"560642f619dea69af57ecc77970ad38d\", \"36d1def67fbb18d8cecf4f83c9f3faf2\"]'),('sorl-thumbnail||image||ac701e6af8fe07fa3be4f23ee09f5de7','{\"storage\": \"django.core.files.storage.FileSystemStorage\", \"name\": \"uploads/images/galleries/Servirovka/DSC_2895_1.jpg\", \"size\": [600, 399]}'),('sorl-thumbnail||image||1f5b24b0fa19ad734b553221d9206130','{\"storage\": \"django.core.files.storage.FileSystemStorage\", \"name\": \"cache/54/eb/54ebcec3ece9edf322bb6cce5072cd24.jpg\", \"size\": [74, 74]}'),('sorl-thumbnail||thumbnails||ac701e6af8fe07fa3be4f23ee09f5de7','[\"1f5b24b0fa19ad734b553221d9206130\", \"9068bf0db1164a216fa9873994cf8bd7\"]'),('sorl-thumbnail||image||0e432d7bc67469e112c90cf3b2a4334e','{\"storage\": \"django.core.files.storage.FileSystemStorage\", \"name\": \"uploads/images/galleries/Servirovka/DSC_3276_1.jpg\", \"size\": [600, 399]}'),('sorl-thumbnail||image||4fb7d147f7e09e0a1cd3b61a44e22e5e','{\"storage\": \"django.core.files.storage.FileSystemStorage\", \"name\": \"cache/13/71/1371823fbb1105e4f75b9a376c490ef1.jpg\", \"size\": [74, 74]}'),('sorl-thumbnail||thumbnails||0e432d7bc67469e112c90cf3b2a4334e','[\"4fb7d147f7e09e0a1cd3b61a44e22e5e\", \"f032eb3da5d6a07794deb7b569cc51c5\"]'),('sorl-thumbnail||image||28b8ee78ea7f1b57a14b7c45a65529c0','{\"storage\": \"django.core.files.storage.FileSystemStorage\", \"name\": \"uploads/images/galleries/Servirovka/DSC_3512_1.jpg\", \"size\": [600, 399]}'),('sorl-thumbnail||image||349475c0724bdef8ec035d2e648fd458','{\"storage\": \"django.core.files.storage.FileSystemStorage\", \"name\": \"cache/3d/a3/3da312a3321f92900b698b8d218bf099.jpg\", \"size\": [74, 74]}'),('sorl-thumbnail||thumbnails||28b8ee78ea7f1b57a14b7c45a65529c0','[\"9e49f6dd98db60842db367dfc73ac5a2\", \"349475c0724bdef8ec035d2e648fd458\"]'),('sorl-thumbnail||image||58292d47e2c654c5536183dc5f5e3430','{\"storage\": \"django.core.files.storage.FileSystemStorage\", \"name\": \"uploads/images/galleries/Svadebnyij_nomer/IMG_4033.jpg\", \"size\": [600, 400]}'),('sorl-thumbnail||image||31a7a6ac2b4aa89c38040ead97c2d6ca','{\"storage\": \"django.core.files.storage.FileSystemStorage\", \"name\": \"cache/c5/7b/c57b3bf3434f20b1b09d53b2805bf503.jpg\", \"size\": [74, 74]}'),('sorl-thumbnail||thumbnails||58292d47e2c654c5536183dc5f5e3430','[\"000ed3ff041fb35c7324018966f50ebc\", \"31a7a6ac2b4aa89c38040ead97c2d6ca\"]'),('sorl-thumbnail||image||b04e35e538ca9ff4d85ad97e20be838e','{\"storage\": \"django.core.files.storage.FileSystemStorage\", \"name\": \"uploads/images/galleries/Svadebnyij_nomer/DSC_1571_1.jpg\", \"size\": [399, 600]}'),('sorl-thumbnail||image||8a9a6fa3439a01cd4ce135cdb7df1df5','{\"storage\": \"django.core.files.storage.FileSystemStorage\", \"name\": \"cache/09/5a/095a997bc59446e336b39fa3622342fa.jpg\", \"size\": [74, 74]}'),('sorl-thumbnail||thumbnails||b04e35e538ca9ff4d85ad97e20be838e','[\"8a9a6fa3439a01cd4ce135cdb7df1df5\"]'),('sorl-thumbnail||image||bcb10bb2bcf7c043418e4ac073d0b181','{\"storage\": \"django.core.files.storage.FileSystemStorage\", \"name\": \"uploads/images/galleries/Svadebnyij_nomer/DSC_1587_1.jpg\", \"size\": [399, 600]}'),('sorl-thumbnail||image||56b057792272fa3ed6fe5e00465f313f','{\"storage\": \"django.core.files.storage.FileSystemStorage\", \"name\": \"cache/07/58/07583cf9d2c9739b51c66ad270aff249.jpg\", \"size\": [74, 74]}'),('sorl-thumbnail||thumbnails||bcb10bb2bcf7c043418e4ac073d0b181','[\"56b057792272fa3ed6fe5e00465f313f\"]'),('sorl-thumbnail||image||d9fb2d989a4ca00431950a4c5c24b573','{\"storage\": \"django.core.files.storage.FileSystemStorage\", \"name\": \"uploads/images/galleries/Svadebnyij_nomer/DSC_1571_1_1.jpg\", \"size\": [600, 400]}'),('sorl-thumbnail||image||86668a6c9538c2be07fc636c59b7aa67','{\"storage\": \"django.core.files.storage.FileSystemStorage\", \"name\": \"cache/75/ee/75ee2a5afbc9d5110a4149b7c8b9685d.jpg\", \"size\": [74, 74]}'),('sorl-thumbnail||thumbnails||d9fb2d989a4ca00431950a4c5c24b573','[\"f9feb100583b4b041d546c4b14987356\", \"86668a6c9538c2be07fc636c59b7aa67\"]'),('sorl-thumbnail||image||e5fc604d9775bcf43eb1104f48e8d1ff','{\"storage\": \"django.core.files.storage.FileSystemStorage\", \"name\": \"uploads/images/galleries/Svadebnyij_nomer/DSC_1587_1_1.jpg\", \"size\": [600, 400]}'),('sorl-thumbnail||image||813817fcfd7c8581a0ef65b50c444794','{\"storage\": \"django.core.files.storage.FileSystemStorage\", \"name\": \"cache/d9/52/d95273e02d11425fd5f6a9349bb3a560.jpg\", \"size\": [74, 74]}'),('sorl-thumbnail||thumbnails||e5fc604d9775bcf43eb1104f48e8d1ff','[\"f373bab4a78fbcb4c3ac04740c025eb0\", \"813817fcfd7c8581a0ef65b50c444794\"]'),('sorl-thumbnail||image||61c0f2441268debc54559eadf5ff629f','{\"storage\": \"django.core.files.storage.FileSystemStorage\", \"name\": \"uploads/images/galleries/Fotosessiya/D3S_1118.jpg\", \"size\": [600, 399]}'),('sorl-thumbnail||image||0b2aff13fd171434f9ffe4945cbc3686','{\"storage\": \"django.core.files.storage.FileSystemStorage\", \"name\": \"cache/42/e8/42e8d01efb5689f91803261a8434ee65.jpg\", \"size\": [74, 74]}'),('sorl-thumbnail||thumbnails||61c0f2441268debc54559eadf5ff629f','[\"0b2aff13fd171434f9ffe4945cbc3686\", \"463266de0f007afbed6e33768c02ba59\"]'),('sorl-thumbnail||image||2ad0cfe349f3b6f6463c4866e2f627e6','{\"storage\": \"django.core.files.storage.FileSystemStorage\", \"name\": \"uploads/images/galleries/Fotosessiya/D3S_1189.jpg\", \"size\": [600, 399]}'),('sorl-thumbnail||image||79ed527f96b5c4bc39f6e2a633b701f2','{\"storage\": \"django.core.files.storage.FileSystemStorage\", \"name\": \"cache/89/f4/89f4ff6a8f833eaee28c29ca62b7d395.jpg\", \"size\": [74, 74]}'),('sorl-thumbnail||thumbnails||2ad0cfe349f3b6f6463c4866e2f627e6','[\"b3706bbf5a0b5882a874bef7ead5fc94\", \"79ed527f96b5c4bc39f6e2a633b701f2\"]'),('sorl-thumbnail||image||b1d42f3ce6c87921bf3c0020ecf7a64d','{\"storage\": \"django.core.files.storage.FileSystemStorage\", \"name\": \"uploads/images/galleries/Fotosessiya/D3S_1689.jpg\", \"size\": [600, 399]}'),('sorl-thumbnail||image||8d2f69b8268907b9cfc0527dd855eeb5','{\"storage\": \"django.core.files.storage.FileSystemStorage\", \"name\": \"cache/a8/c9/a8c90f971dfe5b015b0d92c6bdafe279.jpg\", \"size\": [74, 74]}'),('sorl-thumbnail||thumbnails||b1d42f3ce6c87921bf3c0020ecf7a64d','[\"8d2f69b8268907b9cfc0527dd855eeb5\", \"43a709a6c5a93d4b16ccb3deb2d0df0a\"]'),('sorl-thumbnail||image||ecce0d2ccdbeb90c62afd48f0b9964f1','{\"storage\": \"django.core.files.storage.FileSystemStorage\", \"name\": \"uploads/images/galleries/Fotosessiya/D3S_1872.jpg\", \"size\": [600, 399]}'),('sorl-thumbnail||image||85c1f07a37a5ac6f074e813d9b80640d','{\"storage\": \"django.core.files.storage.FileSystemStorage\", \"name\": \"cache/a4/f8/a4f822c0b44c8e3f15ace393fc95fb4c.jpg\", \"size\": [74, 74]}'),('sorl-thumbnail||thumbnails||ecce0d2ccdbeb90c62afd48f0b9964f1','[\"609ee29101e64efe530a0c402c472636\", \"85c1f07a37a5ac6f074e813d9b80640d\"]'),('sorl-thumbnail||image||c39bebe0fc2312a0c86828b29f66f289','{\"storage\": \"django.core.files.storage.FileSystemStorage\", \"name\": \"uploads/images/galleries/Fotosessiya/D3S_2223.jpg\", \"size\": [600, 399]}'),('sorl-thumbnail||image||215114c2812d6e3b06aa405f49d09ab6','{\"storage\": \"django.core.files.storage.FileSystemStorage\", \"name\": \"cache/38/a3/38a32c82540b9b103fc82c2ed5d28293.jpg\", \"size\": [74, 74]}'),('sorl-thumbnail||thumbnails||c39bebe0fc2312a0c86828b29f66f289','[\"215114c2812d6e3b06aa405f49d09ab6\", \"033fb50fc863278de5c8db07fde0ea1c\"]'),('sorl-thumbnail||image||3bd52b46f582859a9aff101a24e66b76','{\"storage\": \"django.core.files.storage.FileSystemStorage\", \"name\": \"uploads/images/galleries/Fotosessiya/D3S_2898.jpg\", \"size\": [600, 399]}'),('sorl-thumbnail||image||92261c044ff4f1e2bbee9bad5b946231','{\"storage\": \"django.core.files.storage.FileSystemStorage\", \"name\": \"cache/2d/96/2d9684bb51d2f8376ad240d94bd79e07.jpg\", \"size\": [74, 74]}'),('sorl-thumbnail||thumbnails||3bd52b46f582859a9aff101a24e66b76','[\"f23a562a2b7805fc2e2863715b380f6c\", \"92261c044ff4f1e2bbee9bad5b946231\"]'),('sorl-thumbnail||image||c67d161c9862d2689ce869865670b28c','{\"storage\": \"django.core.files.storage.FileSystemStorage\", \"name\": \"uploads/images/galleries/Fotosessiya/F4aAs-R5Jrs.jpg\", \"size\": [600, 398]}'),('sorl-thumbnail||image||50d21e19a0c2eb27d3d35b82b93ffc8a','{\"storage\": \"django.core.files.storage.FileSystemStorage\", \"name\": \"cache/f9/0d/f90d4b3d2262b3dbbff52b6e3fa3be08.jpg\", \"size\": [74, 74]}'),('sorl-thumbnail||thumbnails||c67d161c9862d2689ce869865670b28c','[\"50d21e19a0c2eb27d3d35b82b93ffc8a\", \"1d3c835d61b0c54597625e2eb1cab2ee\"]'),('sorl-thumbnail||image||4a36f8855851b31737b243163de95487','{\"storage\": \"django.core.files.storage.FileSystemStorage\", \"name\": \"uploads/images/galleries/Fotosessiya/IMG_0069.jpg\", \"size\": [600, 400]}'),('sorl-thumbnail||image||f949496b84ac69e04bca1b165b561ee4','{\"storage\": \"django.core.files.storage.FileSystemStorage\", \"name\": \"cache/8a/2d/8a2daf2f327df4b50781b6fd6c7f5a4d.jpg\", \"size\": [74, 74]}'),('sorl-thumbnail||thumbnails||4a36f8855851b31737b243163de95487','[\"2e63d553aa102a59645bd45b962dec3a\", \"f949496b84ac69e04bca1b165b561ee4\"]'),('sorl-thumbnail||image||4d92320aa251b2dd3b863bccc9ee4fa8','{\"storage\": \"django.core.files.storage.FileSystemStorage\", \"name\": \"uploads/images/galleries/Fotosessiya/IMG_0427.jpg\", \"size\": [600, 400]}'),('sorl-thumbnail||image||8afe166a2b04912d898853a279ddfa19','{\"storage\": \"django.core.files.storage.FileSystemStorage\", \"name\": \"cache/e6/c6/e6c69d569bd527ac5bb3675a93eb45ea.jpg\", \"size\": [74, 74]}'),('sorl-thumbnail||thumbnails||4d92320aa251b2dd3b863bccc9ee4fa8','[\"7418afcab1dcc1c7a1c0a45ded2553f0\", \"8afe166a2b04912d898853a279ddfa19\"]'),('sorl-thumbnail||image||d0ca0543beef8f77b4569bf6ec61356a','{\"storage\": \"django.core.files.storage.FileSystemStorage\", \"name\": \"uploads/images/galleries/Fotosessiya/IMG_0466.jpg\", \"size\": [600, 400]}'),('sorl-thumbnail||image||8a0fa03b5ec52216263989aaf36bdcc9','{\"storage\": \"django.core.files.storage.FileSystemStorage\", \"name\": \"cache/64/34/64343b7b08af985d68daba18eb23eec5.jpg\", \"size\": [74, 74]}'),('sorl-thumbnail||thumbnails||d0ca0543beef8f77b4569bf6ec61356a','[\"8a0fa03b5ec52216263989aaf36bdcc9\", \"383221ce71677de43dfb3f5ac60eaa4e\"]'),('sorl-thumbnail||image||c5856479138362140d7bcd582c256959','{\"storage\": \"django.core.files.storage.FileSystemStorage\", \"name\": \"uploads/images/galleries/Fotosessiya/IMG_3580.jpg\", \"size\": [600, 400]}'),('sorl-thumbnail||image||d408d705512128f8bf58005eceff4bbb','{\"storage\": \"django.core.files.storage.FileSystemStorage\", \"name\": \"cache/5a/36/5a3671e4c19f6d8ceac10c3492a92f86.jpg\", \"size\": [74, 74]}'),('sorl-thumbnail||thumbnails||c5856479138362140d7bcd582c256959','[\"d408d705512128f8bf58005eceff4bbb\", \"b9d7bde818225776456fcc18dfaf1949\"]'),('sorl-thumbnail||image||7e1ddff9adfc06b65f0ddb86f9f5519d','{\"storage\": \"django.core.files.storage.FileSystemStorage\", \"name\": \"uploads/images/galleries/Fotosessiya/IMG_3672.jpg\", \"size\": [600, 400]}'),('sorl-thumbnail||image||b3b8dab3eec2194b7942b99032e687cf','{\"storage\": \"django.core.files.storage.FileSystemStorage\", \"name\": \"cache/c0/89/c089b680eb3020ad47f9a8fbeb067f11.jpg\", \"size\": [74, 74]}'),('sorl-thumbnail||thumbnails||7e1ddff9adfc06b65f0ddb86f9f5519d','[\"b3b8dab3eec2194b7942b99032e687cf\", \"17877167255d06107ac262b691ae039c\"]'),('sorl-thumbnail||image||36f05016b3784db2cf604e4ff55ec0c8','{\"storage\": \"django.core.files.storage.FileSystemStorage\", \"name\": \"images/restaurantimage/053.JPG\", \"size\": [900, 600]}'),('sorl-thumbnail||image||e93176ae09064edc5ea1c9c58004969e','{\"storage\": \"django.core.files.storage.FileSystemStorage\", \"name\": \"cache/6b/3d/6b3d4f1cae5f6bb24005a08e213c631c.jpg\", \"size\": [74, 74]}'),('sorl-thumbnail||thumbnails||36f05016b3784db2cf604e4ff55ec0c8','[\"e93176ae09064edc5ea1c9c58004969e\"]'),('sorl-thumbnail||image||9280546ed531459356759b1ef9a71e03','{\"storage\": \"django.core.files.storage.FileSystemStorage\", \"name\": \"images/restaurantimage/094.JPG\", \"size\": [900, 600]}'),('sorl-thumbnail||image||b0e3df3f31fdcf7d2456f33d28c7a3aa','{\"storage\": \"django.core.files.storage.FileSystemStorage\", \"name\": \"cache/bf/f1/bff156ca0b870a0c91c66555e48232c9.jpg\", \"size\": [74, 74]}'),('sorl-thumbnail||thumbnails||9280546ed531459356759b1ef9a71e03','[\"b0e3df3f31fdcf7d2456f33d28c7a3aa\"]'),('sorl-thumbnail||image||df2e2bf8abc2c0cf1db9e7ea2c0c13a1','{\"storage\": \"django.core.files.storage.FileSystemStorage\", \"name\": \"images/restaurantimage/103.JPG\", \"size\": [900, 600]}'),('sorl-thumbnail||image||4c68d1c0fdcef1cfe2ef16a3aebe9ba7','{\"storage\": \"django.core.files.storage.FileSystemStorage\", \"name\": \"cache/11/1f/111f21d115254d48b1805a8b4d09d5e2.jpg\", \"size\": [74, 74]}'),('sorl-thumbnail||thumbnails||df2e2bf8abc2c0cf1db9e7ea2c0c13a1','[\"4c68d1c0fdcef1cfe2ef16a3aebe9ba7\"]'),('sorl-thumbnail||image||d0e9628dac15838452c5c8bbd6d6b10c','{\"storage\": \"django.core.files.storage.FileSystemStorage\", \"name\": \"images/restaurantimage/114.JPG\", \"size\": [900, 600]}'),('sorl-thumbnail||image||e16a591d35449807f8debfe1c85c934e','{\"storage\": \"django.core.files.storage.FileSystemStorage\", \"name\": \"cache/46/62/46629846ce6ef1c616d8e7bd94853e04.jpg\", \"size\": [74, 74]}'),('sorl-thumbnail||thumbnails||d0e9628dac15838452c5c8bbd6d6b10c','[\"e16a591d35449807f8debfe1c85c934e\"]'),('sorl-thumbnail||image||1c029a0f8a4bb2324ba2498a6d2e4eef','{\"storage\": \"django.core.files.storage.FileSystemStorage\", \"name\": \"images/restaurantimage/DSC_0001.JPG\", \"size\": [900, 597]}'),('sorl-thumbnail||image||2e67e3e0ed920df0d59141aba0100263','{\"storage\": \"django.core.files.storage.FileSystemStorage\", \"name\": \"cache/d8/e3/d8e35f5dab15e110252f60686465b8c2.jpg\", \"size\": [74, 74]}'),('sorl-thumbnail||thumbnails||1c029a0f8a4bb2324ba2498a6d2e4eef','[\"2e67e3e0ed920df0d59141aba0100263\"]'),('sorl-thumbnail||image||7260565e808895e3915312f3bb7f502a','{\"storage\": \"django.core.files.storage.FileSystemStorage\", \"name\": \"images/restaurantimage/DSC_0005.JPG\", \"size\": [900, 597]}'),('sorl-thumbnail||image||8ab19f1050ab3c0cb7752c1bae377ac4','{\"storage\": \"django.core.files.storage.FileSystemStorage\", \"name\": \"cache/77/4d/774d8304d7fae031fa609d66733f2034.jpg\", \"size\": [74, 74]}'),('sorl-thumbnail||thumbnails||7260565e808895e3915312f3bb7f502a','[\"8ab19f1050ab3c0cb7752c1bae377ac4\"]'),('sorl-thumbnail||image||799ab998c6bfe5461b8184dc468b124f','{\"storage\": \"django.core.files.storage.FileSystemStorage\", \"name\": \"images/restaurantimage/DSC_0011.JPG\", \"size\": [900, 597]}'),('sorl-thumbnail||image||bbd9a4228071de7685ffe959cca818d4','{\"storage\": \"django.core.files.storage.FileSystemStorage\", \"name\": \"cache/17/d4/17d4544bbf50f2b0d52e6da2e307a3c8.jpg\", \"size\": [74, 74]}'),('sorl-thumbnail||thumbnails||799ab998c6bfe5461b8184dc468b124f','[\"bbd9a4228071de7685ffe959cca818d4\"]'),('sorl-thumbnail||image||a91ec8ea556d6a1cf0494fe64b00dae1','{\"storage\": \"django.core.files.storage.FileSystemStorage\", \"name\": \"images/restaurantimage/053_1.JPG\", \"size\": [600, 400]}'),('sorl-thumbnail||image||6bc01787815d118a96b8f8e749fe570d','{\"storage\": \"django.core.files.storage.FileSystemStorage\", \"name\": \"cache/d8/17/d8175ba726592d38939d184a5591947b.jpg\", \"size\": [74, 74]}'),('sorl-thumbnail||thumbnails||a91ec8ea556d6a1cf0494fe64b00dae1','[\"6bc01787815d118a96b8f8e749fe570d\", \"c245ecd755d112c428e2cdb5eba262f0\"]'),('sorl-thumbnail||image||033946e34f9299961c1bafaa68dc8bad','{\"storage\": \"django.core.files.storage.FileSystemStorage\", \"name\": \"images/restaurantimage/094_1.JPG\", \"size\": [600, 400]}'),('sorl-thumbnail||image||6a940c7f4f40522d801d092b56f4f204','{\"storage\": \"django.core.files.storage.FileSystemStorage\", \"name\": \"cache/a6/43/a643b0ce9cbc6ede29ca46a18b2d2e81.jpg\", \"size\": [74, 74]}'),('sorl-thumbnail||thumbnails||033946e34f9299961c1bafaa68dc8bad','[\"6a940c7f4f40522d801d092b56f4f204\", \"f008f507d3048783016274a48d9d5f37\"]'),('sorl-thumbnail||image||c66959e43d922d82d59e97be3441fa9f','{\"storage\": \"django.core.files.storage.FileSystemStorage\", \"name\": \"images/restaurantimage/103_1.JPG\", \"size\": [600, 400]}'),('sorl-thumbnail||image||89f25c63d80fc2cea93e60dd01175e23','{\"storage\": \"django.core.files.storage.FileSystemStorage\", \"name\": \"cache/27/db/27db651ee1e49725e900cfb6bed259c1.jpg\", \"size\": [74, 74]}'),('sorl-thumbnail||thumbnails||c66959e43d922d82d59e97be3441fa9f','[\"1e685bf16fe7dd6eae6105945e751c2c\", \"89f25c63d80fc2cea93e60dd01175e23\"]'),('sorl-thumbnail||image||c67abf627e05f1eb1cf363c3e6c205ae','{\"storage\": \"django.core.files.storage.FileSystemStorage\", \"name\": \"images/restaurantimage/DSC_0001_1.JPG\", \"size\": [600, 398]}'),('sorl-thumbnail||image||2d9fce33ce9c02aea0fff15892128099','{\"storage\": \"django.core.files.storage.FileSystemStorage\", \"name\": \"cache/32/2b/322b3884beafc6095bdcab3e2376efbb.jpg\", \"size\": [74, 74]}'),('sorl-thumbnail||thumbnails||c67abf627e05f1eb1cf363c3e6c205ae','[\"2d9fce33ce9c02aea0fff15892128099\", \"25734b4e5faa401e2ac81f5cd91fb35c\"]'),('sorl-thumbnail||image||93932b5e3e47b41d8877ebf5911c2ed5','{\"storage\": \"django.core.files.storage.FileSystemStorage\", \"name\": \"images/restaurantimage/DSC_0005_1.JPG\", \"size\": [600, 398]}'),('sorl-thumbnail||image||f71a68e75468d07f8de4f4bd0307dfc4','{\"storage\": \"django.core.files.storage.FileSystemStorage\", \"name\": \"cache/f5/31/f531ea89687ac03191f15aa2b66b6e4f.jpg\", \"size\": [74, 74]}'),('sorl-thumbnail||thumbnails||93932b5e3e47b41d8877ebf5911c2ed5','[\"d542778044ebd10ab88ac2e181f00800\", \"f71a68e75468d07f8de4f4bd0307dfc4\"]'),('sorl-thumbnail||image||59d853fc0b4adc0857e09817bc7c96e1','{\"storage\": \"django.core.files.storage.FileSystemStorage\", \"name\": \"images/restaurantimage/DSC_0011_1.JPG\", \"size\": [600, 398]}'),('sorl-thumbnail||image||37bcfd08c7e71f04d819a31e568c7652','{\"storage\": \"django.core.files.storage.FileSystemStorage\", \"name\": \"cache/61/6a/616a45f74006f949ca4fea742d4ab819.jpg\", \"size\": [74, 74]}'),('sorl-thumbnail||thumbnails||59d853fc0b4adc0857e09817bc7c96e1','[\"37bcfd08c7e71f04d819a31e568c7652\", \"15ea2adb1882bbf09c2c077d7e73c386\"]'),('sorl-thumbnail||image||7465d724fbe756cc3dbde7f8a6ed8075','{\"storage\": \"django.core.files.storage.FileSystemStorage\", \"name\": \"images/restaurantimage/118.JPG\", \"size\": [600, 400]}'),('sorl-thumbnail||image||c3ea477d58cad0182f2683ed48c9661b','{\"storage\": \"django.core.files.storage.FileSystemStorage\", \"name\": \"cache/d6/53/d653b5a6371a0af5f8085d48ea04ee86.jpg\", \"size\": [74, 74]}'),('sorl-thumbnail||thumbnails||7465d724fbe756cc3dbde7f8a6ed8075','[\"c3ea477d58cad0182f2683ed48c9661b\", \"40cabb66a0a8d58d073d25495735d8fd\"]'),('sorl-thumbnail||image||19c489d9a31773694c983826199c5f22','{\"storage\": \"django.core.files.storage.FileSystemStorage\", \"name\": \"images/restaurantimage/120.JPG\", \"size\": [600, 400]}'),('sorl-thumbnail||image||6558ae9d23ed316e948bfc1b53a1cb1c','{\"storage\": \"django.core.files.storage.FileSystemStorage\", \"name\": \"cache/9f/37/9f37d76af69e7f1155d9c5f62052c4d2.jpg\", \"size\": [74, 74]}'),('sorl-thumbnail||thumbnails||19c489d9a31773694c983826199c5f22','[\"6558ae9d23ed316e948bfc1b53a1cb1c\", \"399a8d46b67e5c92707a43e2592a9536\"]'),('sorl-thumbnail||image||8c86dbea9df229e712d83950d368fc4a','{\"storage\": \"django.core.files.storage.FileSystemStorage\", \"name\": \"images/restaurantimage/214.JPG\", \"size\": [600, 400]}'),('sorl-thumbnail||image||5ec4f17a46a73a9d4b2747fbf7529ffe','{\"storage\": \"django.core.files.storage.FileSystemStorage\", \"name\": \"cache/bc/0a/bc0af44c959caaede6e6adc7a96c2098.jpg\", \"size\": [74, 74]}'),('sorl-thumbnail||thumbnails||8c86dbea9df229e712d83950d368fc4a','[\"5ec4f17a46a73a9d4b2747fbf7529ffe\", \"6229f2e3a655faae2bd48dd977ed463d\"]'),('sorl-thumbnail||image||611cf5a8268f1c96ad1e0d60f75684db','{\"storage\": \"django.core.files.storage.FileSystemStorage\", \"name\": \"images/restaurantimage/220.jpg\", \"size\": [600, 348]}'),('sorl-thumbnail||image||fc4276565972aafe120b0d71ce9d57ab','{\"storage\": \"django.core.files.storage.FileSystemStorage\", \"name\": \"cache/30/4d/304d26c197ae0119c52cd0e571657537.jpg\", \"size\": [74, 74]}'),('sorl-thumbnail||thumbnails||611cf5a8268f1c96ad1e0d60f75684db','[\"fc4276565972aafe120b0d71ce9d57ab\"]'),('sorl-thumbnail||image||ab1b33d60ed6ff90c1c6999209e49676','{\"storage\": \"django.core.files.storage.FileSystemStorage\", \"name\": \"images/restaurantimage/20110603-IMG_8769.jpg\", \"size\": [600, 400]}'),('sorl-thumbnail||image||adb52f3dbb4875aa4f3742e897598d07','{\"storage\": \"django.core.files.storage.FileSystemStorage\", \"name\": \"cache/22/dd/22dd1f271b35ce1b4d90d77ccf1f3bc5.jpg\", \"size\": [74, 74]}'),('sorl-thumbnail||thumbnails||ab1b33d60ed6ff90c1c6999209e49676','[\"e9fa9e935818e02b9908b395374df4f8\", \"adb52f3dbb4875aa4f3742e897598d07\"]'),('sorl-thumbnail||image||ae3c1d26baf834f534b40b33e11cf3c1','{\"storage\": \"django.core.files.storage.FileSystemStorage\", \"name\": \"images/restaurantimage/preview-1.jpg\", \"size\": [600, 399]}'),('sorl-thumbnail||image||90422fab9f0cc6eb331d80aa33c1cecb','{\"storage\": \"django.core.files.storage.FileSystemStorage\", \"name\": \"cache/46/f3/46f38444004c487007495003114dbadf.jpg\", \"size\": [74, 74]}'),('sorl-thumbnail||thumbnails||ae3c1d26baf834f534b40b33e11cf3c1','[\"1f261444006039d2b17d1da642a98eed\", \"90422fab9f0cc6eb331d80aa33c1cecb\"]'),('sorl-thumbnail||image||70dcf05029b842b7e99343475800339c','{\"storage\": \"django.core.files.storage.FileSystemStorage\", \"name\": \"images/restaurantimage/preview-2.jpg\", \"size\": [600, 399]}'),('sorl-thumbnail||image||11da1082b51a0f5814ed06afab52befe','{\"storage\": \"django.core.files.storage.FileSystemStorage\", \"name\": \"cache/e9/7c/e97c7dd4a589ff33bbf6917d7af6a7cb.jpg\", \"size\": [74, 74]}'),('sorl-thumbnail||thumbnails||70dcf05029b842b7e99343475800339c','[\"11da1082b51a0f5814ed06afab52befe\", \"4acd2fd94ab6886075e074ff92e7f0fb\"]'),('sorl-thumbnail||image||fc0d333cab6d6e75af9cbf1573b175f2','{\"storage\": \"django.core.files.storage.FileSystemStorage\", \"name\": \"images/restaurantimage/orange.png\", \"size\": [900, 670]}'),('sorl-thumbnail||image||cd7c89487a78c2734db9718908901ecc','{\"storage\": \"django.core.files.storage.FileSystemStorage\", \"name\": \"cache/3e/f8/3ef864f01ba202febdb218f2261f276e.jpg\", \"size\": [74, 74]}'),('sorl-thumbnail||thumbnails||fc0d333cab6d6e75af9cbf1573b175f2','[\"cd7c89487a78c2734db9718908901ecc\"]'),('sorl-thumbnail||image||c245ecd755d112c428e2cdb5eba262f0','{\"storage\": \"django.core.files.storage.FileSystemStorage\", \"name\": \"cache/49/bb/49bb835c3edaf36bf9b46180be97b425.jpg\", \"size\": [600, 400]}'),('sorl-thumbnail||image||f008f507d3048783016274a48d9d5f37','{\"storage\": \"django.core.files.storage.FileSystemStorage\", \"name\": \"cache/66/88/66883a985367b3a8eabb07c90cad5e68.jpg\", \"size\": [600, 400]}'),('sorl-thumbnail||image||1e685bf16fe7dd6eae6105945e751c2c','{\"storage\": \"django.core.files.storage.FileSystemStorage\", \"name\": \"cache/e2/22/e2226cc30312c80d1d7cebdc1b489380.jpg\", \"size\": [600, 400]}'),('sorl-thumbnail||image||25734b4e5faa401e2ac81f5cd91fb35c','{\"storage\": \"django.core.files.storage.FileSystemStorage\", \"name\": \"cache/46/35/463514ee9ec625ae45e66cc965fb7578.jpg\", \"size\": [600, 398]}'),('sorl-thumbnail||image||d542778044ebd10ab88ac2e181f00800','{\"storage\": \"django.core.files.storage.FileSystemStorage\", \"name\": \"cache/88/2e/882e5a65c20c12f361b2d8c942b54632.jpg\", \"size\": [600, 398]}'),('sorl-thumbnail||image||15ea2adb1882bbf09c2c077d7e73c386','{\"storage\": \"django.core.files.storage.FileSystemStorage\", \"name\": \"cache/f5/37/f537828e570628da150de4670facc894.jpg\", \"size\": [600, 398]}'),('sorl-thumbnail||image||40cabb66a0a8d58d073d25495735d8fd','{\"storage\": \"django.core.files.storage.FileSystemStorage\", \"name\": \"cache/e9/00/e900ad1b66373f86000dec41318ab1fd.jpg\", \"size\": [600, 400]}'),('sorl-thumbnail||image||399a8d46b67e5c92707a43e2592a9536','{\"storage\": \"django.core.files.storage.FileSystemStorage\", \"name\": \"cache/a0/dd/a0dd00ff94b70b3d06777eb61ad536eb.jpg\", \"size\": [600, 400]}'),('sorl-thumbnail||image||6229f2e3a655faae2bd48dd977ed463d','{\"storage\": \"django.core.files.storage.FileSystemStorage\", \"name\": \"cache/07/df/07df3fb2ebb6e536c14794e0bab7e424.jpg\", \"size\": [600, 400]}'),('sorl-thumbnail||image||e9fa9e935818e02b9908b395374df4f8','{\"storage\": \"django.core.files.storage.FileSystemStorage\", \"name\": \"cache/8f/58/8f58b234436d5d0d5d176f7163c57ab1.jpg\", \"size\": [600, 400]}'),('sorl-thumbnail||image||1f261444006039d2b17d1da642a98eed','{\"storage\": \"django.core.files.storage.FileSystemStorage\", \"name\": \"cache/e1/45/e1457eeb3d22176fbd9060c9a7802513.jpg\", \"size\": [600, 399]}'),('sorl-thumbnail||image||4acd2fd94ab6886075e074ff92e7f0fb','{\"storage\": \"django.core.files.storage.FileSystemStorage\", \"name\": \"cache/e6/96/e696ca385c59c6b99661e35f14cba393.jpg\", \"size\": [600, 399]}'),('sorl-thumbnail||image||13e54caa2e1de0f20c7a3368792de70a','{\"storage\": \"django.core.files.storage.FileSystemStorage\", \"name\": \"cache/a6/d1/a6d1123f92a5375b26c7d7daf1599c82.jpg\", \"size\": [600, 400]}'),('sorl-thumbnail||image||adeb0516bad06a997e9d048517d846b8','{\"storage\": \"django.core.files.storage.FileSystemStorage\", \"name\": \"cache/7b/38/7b38284a393013886b512db99449cab9.jpg\", \"size\": [600, 400]}'),('sorl-thumbnail||image||b1dac5c8b852fa068db37cf922a2b0ab','{\"storage\": \"django.core.files.storage.FileSystemStorage\", \"name\": \"cache/f5/22/f522beaeb0a276d3b24e437f232d3c28.jpg\", \"size\": [600, 400]}'),('sorl-thumbnail||image||750c2fa53b0d25f46fa9a1f4901b9490','{\"storage\": \"django.core.files.storage.FileSystemStorage\", \"name\": \"cache/80/d4/80d4ee310c02210aad99a4ffc54c28f3.jpg\", \"size\": [600, 400]}'),('sorl-thumbnail||image||e6207d6ea4422966ab615b6145b529d0','{\"storage\": \"django.core.files.storage.FileSystemStorage\", \"name\": \"cache/e1/2e/e12ed73376d44c98fe45dfd4fcf83e46.jpg\", \"size\": [600, 400]}'),('sorl-thumbnail||image||48c43e7bc168c8a7307c4bf6b0ec18fc','{\"storage\": \"django.core.files.storage.FileSystemStorage\", \"name\": \"cache/98/2e/982e26bd89f1858fab9fcf08b3a78074.jpg\", \"size\": [600, 400]}'),('sorl-thumbnail||image||2a96fe4e00647950eed2c98eb39b61f9','{\"storage\": \"django.core.files.storage.FileSystemStorage\", \"name\": \"cache/3e/9e/3e9eeedeeda8b791781925785351e65a.jpg\", \"size\": [600, 400]}'),('sorl-thumbnail||image||93ee49a390a10169e6d5061c474138ec','{\"storage\": \"django.core.files.storage.FileSystemStorage\", \"name\": \"cache/9d/71/9d71a3d4201cec0892efe051bb971e1e.jpg\", \"size\": [600, 399]}'),('sorl-thumbnail||image||5a01d9fea852353fb13269086dc9cb6b','{\"storage\": \"django.core.files.storage.FileSystemStorage\", \"name\": \"cache/d0/80/d08088c59ad60eb6b4a852db5061dd32.jpg\", \"size\": [600, 399]}'),('sorl-thumbnail||image||68c56198ea73ef335886b0aca0f80971','{\"storage\": \"django.core.files.storage.FileSystemStorage\", \"name\": \"cache/1e/36/1e36cdb09b52b32941b62841da04e978.jpg\", \"size\": [600, 399]}'),('sorl-thumbnail||image||d9ee3bd999a710b0c49f67f399d52090','{\"storage\": \"django.core.files.storage.FileSystemStorage\", \"name\": \"cache/a6/4d/a64d82f2697944e8382b3c2aefa1c6e6.jpg\", \"size\": [600, 399]}'),('sorl-thumbnail||image||6f36a13d4558e70c166677c392a0acea','{\"storage\": \"django.core.files.storage.FileSystemStorage\", \"name\": \"cache/92/cf/92cfe1125faea3f09bb1148c798ccd8b.jpg\", \"size\": [600, 399]}'),('sorl-thumbnail||image||2bd1a7256e83504bc71f9965de91966e','{\"storage\": \"django.core.files.storage.FileSystemStorage\", \"name\": \"cache/17/b9/17b9d5fe268f88e6f44d17cd7f8ea3fc.jpg\", \"size\": [600, 399]}'),('sorl-thumbnail||image||1a10ae278298d42f910c14f4e0155d9e','{\"storage\": \"django.core.files.storage.FileSystemStorage\", \"name\": \"cache/e2/6a/e26a2e93c40ad943e53b369cfe5db192.jpg\", \"size\": [600, 400]}'),('sorl-thumbnail||image||d3d00a8eac566a650b58c4a78995e48e','{\"storage\": \"django.core.files.storage.FileSystemStorage\", \"name\": \"cache/c1/f9/c1f95e77c409d67241001e4f013ba43b.jpg\", \"size\": [600, 400]}'),('sorl-thumbnail||image||235079964d0f285a3327d3ed5aa2eeb5','{\"storage\": \"django.core.files.storage.FileSystemStorage\", \"name\": \"cache/b3/dc/b3dc324728b776551a8c9c188e8f52f2.jpg\", \"size\": [600, 341]}'),('sorl-thumbnail||image||6810f1ceeb2fda8b9a65d369f65e92fb','{\"storage\": \"django.core.files.storage.FileSystemStorage\", \"name\": \"cache/82/9a/829a7cc7a7d17ba381add753803aa2c9.jpg\", \"size\": [600, 394]}'),('sorl-thumbnail||image||e0770c93a9916a036a65df0f7ed3aeac','{\"storage\": \"django.core.files.storage.FileSystemStorage\", \"name\": \"cache/b2/ba/b2baee8ed8cdf644566754ad6f666bbf.jpg\", \"size\": [600, 399]}'),('sorl-thumbnail||image||f395c9f75ac148cfc335a3da88d29399','{\"storage\": \"django.core.files.storage.FileSystemStorage\", \"name\": \"cache/5e/ba/5eba2750b027589fa474026147931630.jpg\", \"size\": [600, 399]}'),('sorl-thumbnail||image||9b5fb0e3247f0272313b0d69c6acc564','{\"storage\": \"django.core.files.storage.FileSystemStorage\", \"name\": \"cache/d9/ae/d9ae0d06953d77032e84f9675f945e5f.jpg\", \"size\": [600, 399]}'),('sorl-thumbnail||image||84a3947ebb78a150a4eecd399f5be06f','{\"storage\": \"django.core.files.storage.FileSystemStorage\", \"name\": \"cache/8f/07/8f07a9dc92fe3dc84da15a4185f0ee5a.jpg\", \"size\": [600, 399]}'),('sorl-thumbnail||image||d7fe1d920bb3d74002ad589bd88f7163','{\"storage\": \"django.core.files.storage.FileSystemStorage\", \"name\": \"cache/f8/32/f832d2c96543d73d00c3105b8e9a145a.jpg\", \"size\": [600, 400]}'),('sorl-thumbnail||image||0ee3f3bda6a34ddf48e6818f714c7f57','{\"storage\": \"django.core.files.storage.FileSystemStorage\", \"name\": \"cache/45/5a/455afba316ffd36df063b0eaf6da2eb3.jpg\", \"size\": [600, 398]}'),('sorl-thumbnail||image||8933efcee850cb307676dba68beb018d','{\"storage\": \"django.core.files.storage.FileSystemStorage\", \"name\": \"cache/27/36/2736954918ce9ebc88827f7bd448d6ec.jpg\", \"size\": [600, 398]}'),('sorl-thumbnail||image||9a5ad6c08ebec905014d9e0e10da6659','{\"storage\": \"django.core.files.storage.FileSystemStorage\", \"name\": \"cache/2d/80/2d80a16c9f1d1ff66f0fb8fade1b2086.jpg\", \"size\": [600, 400]}'),('sorl-thumbnail||image||2b8a3e8c622752324437baf5e45077c3','{\"storage\": \"django.core.files.storage.FileSystemStorage\", \"name\": \"cache/07/8e/078e1d7e00f8b06d088cf97702043022.jpg\", \"size\": [600, 399]}'),('sorl-thumbnail||image||36d1def67fbb18d8cecf4f83c9f3faf2','{\"storage\": \"django.core.files.storage.FileSystemStorage\", \"name\": \"cache/6c/43/6c43b1b034700b11098a18ceb1006b29.jpg\", \"size\": [600, 399]}'),('sorl-thumbnail||image||9068bf0db1164a216fa9873994cf8bd7','{\"storage\": \"django.core.files.storage.FileSystemStorage\", \"name\": \"cache/d9/02/d9025e9893d4a98de395c36a9331aad3.jpg\", \"size\": [600, 399]}'),('sorl-thumbnail||image||f032eb3da5d6a07794deb7b569cc51c5','{\"storage\": \"django.core.files.storage.FileSystemStorage\", \"name\": \"cache/aa/5d/aa5d9e915ccab1f914ac6eb9b6d9dc2e.jpg\", \"size\": [600, 399]}'),('sorl-thumbnail||image||9e49f6dd98db60842db367dfc73ac5a2','{\"storage\": \"django.core.files.storage.FileSystemStorage\", \"name\": \"cache/00/b1/00b10c8ae8c6295b457ac063e1c8d79a.jpg\", \"size\": [600, 399]}'),('sorl-thumbnail||image||000ed3ff041fb35c7324018966f50ebc','{\"storage\": \"django.core.files.storage.FileSystemStorage\", \"name\": \"cache/97/83/97837525c00441875ebbb8657b08de47.jpg\", \"size\": [600, 400]}'),('sorl-thumbnail||image||f9feb100583b4b041d546c4b14987356','{\"storage\": \"django.core.files.storage.FileSystemStorage\", \"name\": \"cache/d3/14/d314b101478e2aad90cce50d78cff976.jpg\", \"size\": [600, 400]}'),('sorl-thumbnail||image||f373bab4a78fbcb4c3ac04740c025eb0','{\"storage\": \"django.core.files.storage.FileSystemStorage\", \"name\": \"cache/e9/6b/e96bf44cb0f02aff5d225737a2b13f21.jpg\", \"size\": [600, 400]}'),('sorl-thumbnail||image||463266de0f007afbed6e33768c02ba59','{\"storage\": \"django.core.files.storage.FileSystemStorage\", \"name\": \"cache/c5/53/c553fa274c18e0fb8a4a24cb47a6b400.jpg\", \"size\": [600, 399]}'),('sorl-thumbnail||image||b3706bbf5a0b5882a874bef7ead5fc94','{\"storage\": \"django.core.files.storage.FileSystemStorage\", \"name\": \"cache/d5/52/d552ded44149e1bee910b8ca6bb2c3ee.jpg\", \"size\": [600, 399]}'),('sorl-thumbnail||image||43a709a6c5a93d4b16ccb3deb2d0df0a','{\"storage\": \"django.core.files.storage.FileSystemStorage\", \"name\": \"cache/2f/4f/2f4fb422c6df2252197fec4a772fcdb0.jpg\", \"size\": [600, 399]}'),('sorl-thumbnail||image||609ee29101e64efe530a0c402c472636','{\"storage\": \"django.core.files.storage.FileSystemStorage\", \"name\": \"cache/08/00/08003081157a9ec7bb0084daab7c7d35.jpg\", \"size\": [600, 399]}'),('sorl-thumbnail||image||033fb50fc863278de5c8db07fde0ea1c','{\"storage\": \"django.core.files.storage.FileSystemStorage\", \"name\": \"cache/c4/16/c4164f10f5e8a4b9cf64225bee3ad11a.jpg\", \"size\": [600, 399]}'),('sorl-thumbnail||image||f23a562a2b7805fc2e2863715b380f6c','{\"storage\": \"django.core.files.storage.FileSystemStorage\", \"name\": \"cache/8f/ca/8fca822cfee9ec359457ebf455a5a4f7.jpg\", \"size\": [600, 399]}'),('sorl-thumbnail||image||1d3c835d61b0c54597625e2eb1cab2ee','{\"storage\": \"django.core.files.storage.FileSystemStorage\", \"name\": \"cache/3c/8e/3c8e9fc01a9470edd1718f100ba5c7ea.jpg\", \"size\": [600, 398]}'),('sorl-thumbnail||image||2e63d553aa102a59645bd45b962dec3a','{\"storage\": \"django.core.files.storage.FileSystemStorage\", \"name\": \"cache/0d/af/0daf26fe7a6491907b7855d66f6a2422.jpg\", \"size\": [600, 400]}'),('sorl-thumbnail||image||7418afcab1dcc1c7a1c0a45ded2553f0','{\"storage\": \"django.core.files.storage.FileSystemStorage\", \"name\": \"cache/f1/ff/f1ff4226d17d797660a80100349f4ec9.jpg\", \"size\": [600, 400]}'),('sorl-thumbnail||image||383221ce71677de43dfb3f5ac60eaa4e','{\"storage\": \"django.core.files.storage.FileSystemStorage\", \"name\": \"cache/da/c7/dac73e0b76a601f512df59c7276ea3de.jpg\", \"size\": [600, 400]}'),('sorl-thumbnail||image||b9d7bde818225776456fcc18dfaf1949','{\"storage\": \"django.core.files.storage.FileSystemStorage\", \"name\": \"cache/d4/45/d445112b92bc7c0622364fb0e5e22a64.jpg\", \"size\": [600, 400]}'),('sorl-thumbnail||image||17877167255d06107ac262b691ae039c','{\"storage\": \"django.core.files.storage.FileSystemStorage\", \"name\": \"cache/e1/8e/e18e68b1624bd82bead575e676a6929d.jpg\", \"size\": [600, 400]}'),('sorl-thumbnail||image||57c4dcdd7aa59bf680fac3309f073b6e','{\"storage\": \"django.core.files.storage.FileSystemStorage\", \"name\": \"cache/d6/64/d664fa0de66ff70e09c31e1b33a9d32f.jpg\", \"size\": [600, 400]}'),('sorl-thumbnail||image||ed1424e3d32055911fa36a1bb8404dc2','{\"storage\": \"django.core.files.storage.FileSystemStorage\", \"name\": \"cache/c7/ad/c7ad136cb6d3bd86876c1ff9069bb56a.jpg\", \"size\": [600, 400]}'),('sorl-thumbnail||image||3eac9cd9bef323216612a477cb652866','{\"storage\": \"django.core.files.storage.FileSystemStorage\", \"name\": \"cache/c7/e3/c7e3198548e3261bdc7debedaa5c0286.jpg\", \"size\": [600, 400]}'),('sorl-thumbnail||image||ceebbe1f3a5326d19e42a2eb922ff7d2','{\"storage\": \"django.core.files.storage.FileSystemStorage\", \"name\": \"cache/e8/ac/e8aca56c12d36c33e431d7d91d7c075e.jpg\", \"size\": [600, 400]}'),('sorl-thumbnail||image||898aa2924ce448c9ef46149ad2e3b064','{\"storage\": \"django.core.files.storage.FileSystemStorage\", \"name\": \"cache/54/06/5406251feeaade48f4081722ad8b9cdf.jpg\", \"size\": [600, 400]}'),('sorl-thumbnail||image||3c46c0cb2ecc5ac37849ee53f27bc95e','{\"storage\": \"django.core.files.storage.FileSystemStorage\", \"name\": \"cache/8e/65/8e65e9eec7fec4b97bce5d9ba2d051b4.jpg\", \"size\": [600, 400]}'),('sorl-thumbnail||image||681bd0846318fd4d9d4b9714ac699907','{\"storage\": \"django.core.files.storage.FileSystemStorage\", \"name\": \"cache/7c/4e/7c4e029097997adfdc6609623c087a05.jpg\", \"size\": [600, 400]}'),('sorl-thumbnail||image||1a04d0883043a1d5edcaf90cdbe9f8a1','{\"storage\": \"django.core.files.storage.FileSystemStorage\", \"name\": \"cache/96/3f/963f3f107abe4e10fb07d2b2c3af5612.jpg\", \"size\": [600, 400]}'),('sorl-thumbnail||image||f921ea22c9927d9b5030debff83456b1','{\"storage\": \"django.core.files.storage.FileSystemStorage\", \"name\": \"cache/47/e7/47e714d8ef1c6cd54d4ed2b25fb7e9ad.jpg\", \"size\": [600, 400]}'),('sorl-thumbnail||image||dde0db1781293cc238cabf01772f008a','{\"storage\": \"django.core.files.storage.FileSystemStorage\", \"name\": \"cache/66/b2/66b28787ae7aeba978021c80c6f62fec.jpg\", \"size\": [600, 400]}'),('sorl-thumbnail||image||c186c0423ac999c0cb84de7482d8db32','{\"storage\": \"django.core.files.storage.FileSystemStorage\", \"name\": \"cache/a5/32/a5328f406edb7cd457757719651b87b9.jpg\", \"size\": [600, 400]}'),('sorl-thumbnail||image||b490232d5c35852d569c51718d97bee4','{\"storage\": \"django.core.files.storage.FileSystemStorage\", \"name\": \"cache/da/cf/dacf7a919eb4235ac08ffbbdfa7a019b.jpg\", \"size\": [600, 399]}'),('sorl-thumbnail||image||d98a0d31573c0f817665daf67693bbf2','{\"storage\": \"django.core.files.storage.FileSystemStorage\", \"name\": \"cache/aa/37/aa379a67e0b309c43f307cd923a5c3d6.jpg\", \"size\": [600, 400]}'),('sorl-thumbnail||image||5a4f912da5bbace43dec1f07ccc7bfce','{\"storage\": \"django.core.files.storage.FileSystemStorage\", \"name\": \"cache/24/6f/246f720d72482f41d75c686b6833abe7.jpg\", \"size\": [600, 400]}'),('sorl-thumbnail||image||da62f8e9a2ee57b958cd324b33e3bf63','{\"storage\": \"django.core.files.storage.FileSystemStorage\", \"name\": \"cache/a5/a9/a5a93cda1e453ce6cb8712019de9b894.jpg\", \"size\": [600, 400]}'),('sorl-thumbnail||image||af0006716df71595c3fb9ffa62bea09f','{\"storage\": \"django.core.files.storage.FileSystemStorage\", \"name\": \"cache/56/c5/56c5ea983cce6819df7e6a40706e94b7.jpg\", \"size\": [600, 399]}'),('sorl-thumbnail||image||fd7bdfca09cb4363ae32948dff3a0841','{\"storage\": \"django.core.files.storage.FileSystemStorage\", \"name\": \"cache/23/fe/23fe75d15d4549e7f1e0dc9ae887db4b.jpg\", \"size\": [600, 399]}'),('sorl-thumbnail||image||86b3c8e8a75419778faecf9b3bebf3b9','{\"storage\": \"django.core.files.storage.FileSystemStorage\", \"name\": \"cache/67/24/67240bfb2d025339a9014b7d58a67cfd.jpg\", \"size\": [600, 399]}'),('sorl-thumbnail||image||5edaf003c895a21c2e6dcc51e1106996','{\"storage\": \"django.core.files.storage.FileSystemStorage\", \"name\": \"cache/9e/23/9e234c816e94e2ca04a59fe76a0ab66d.jpg\", \"size\": [600, 400]}'),('sorl-thumbnail||image||1bf949bb392e3fefd885eeb465ab0def','{\"storage\": \"django.core.files.storage.FileSystemStorage\", \"name\": \"cache/87/73/8773fee0d53f870c48a8e8518f45d255.jpg\", \"size\": [600, 400]}'),('sorl-thumbnail||image||9795160502356a845c370dca756ef056','{\"storage\": \"django.core.files.storage.FileSystemStorage\", \"name\": \"cache/16/e4/16e4cc1d0e6020c2e75f4a92b8913973.jpg\", \"size\": [600, 400]}'),('sorl-thumbnail||image||0f873274bb2ca553fd4eabcf0d8375ed','{\"storage\": \"django.core.files.storage.FileSystemStorage\", \"name\": \"cache/e0/e5/e0e5c5cc445f2f2895873a5cfa736bdf.jpg\", \"size\": [600, 399]}'),('sorl-thumbnail||image||6056533d1bbc1c6db2336cb628cea996','{\"storage\": \"django.core.files.storage.FileSystemStorage\", \"name\": \"cache/1e/00/1e008ad05e16744a9c3791dd5bc35680.jpg\", \"size\": [600, 400]}'),('sorl-thumbnail||image||b938ca40925f8fa6bd05fef26f36cb5d','{\"storage\": \"django.core.files.storage.FileSystemStorage\", \"name\": \"cache/ad/37/ad37acd5db4d2e156a623386fc759c7f.jpg\", \"size\": [600, 400]}'),('sorl-thumbnail||image||ec23bb6facbe80c03cb75f00a07bb5e9','{\"storage\": \"django.core.files.storage.FileSystemStorage\", \"name\": \"cache/05/3c/053c02d392c34960c72df07861cedc01.jpg\", \"size\": [600, 400]}'),('sorl-thumbnail||image||8e45c92aa96e8344b0fe00802cf69720','{\"storage\": \"django.core.files.storage.FileSystemStorage\", \"name\": \"cache/fc/2a/fc2a4326671a1e909744a3f466aefde8.jpg\", \"size\": [600, 400]}'),('sorl-thumbnail||image||7002f6553b3225a90e4a9d3038c56d46','{\"storage\": \"django.core.files.storage.FileSystemStorage\", \"name\": \"cache/e2/8a/e28a7d438583a7dd79ba83f946fa575a.jpg\", \"size\": [600, 400]}'),('sorl-thumbnail||image||d0c50cc0c2be9944ae89196190b8235b','{\"storage\": \"django.core.files.storage.FileSystemStorage\", \"name\": \"cache/ad/77/ad77d939d13002a1d5d96bde3f5d3e79.jpg\", \"size\": [600, 400]}'),('sorl-thumbnail||image||80e9a0b2dc5b77c589eacf9e2633a3b4','{\"storage\": \"django.core.files.storage.FileSystemStorage\", \"name\": \"cache/80/86/808639c83115f23969dcca3fd19fc5fa.jpg\", \"size\": [600, 400]}'),('sorl-thumbnail||image||f793aa075bfe73f3d1e04832a842ce7a','{\"storage\": \"django.core.files.storage.FileSystemStorage\", \"name\": \"cache/23/1d/231dc67d77728aaf441ffcd7d37efabd.jpg\", \"size\": [600, 400]}'),('sorl-thumbnail||image||7703e7f2722ec5862fadd00d7266014e','{\"storage\": \"django.core.files.storage.FileSystemStorage\", \"name\": \"cache/41/60/41600d7eb4586cc99e2b9f3dc2e34596.jpg\", \"size\": [600, 400]}'),('sorl-thumbnail||image||4589ce9185a468723fb665ee972d9e9e','{\"storage\": \"django.core.files.storage.FileSystemStorage\", \"name\": \"cache/fb/45/fb45a1e5abacc65449afa6d27cd4cb98.jpg\", \"size\": [600, 400]}'),('sorl-thumbnail||image||31704da3565779b78711b004b5be9849','{\"storage\": \"django.core.files.storage.FileSystemStorage\", \"name\": \"cache/dc/ae/dcaef3af9420d802e7cb0f616706debe.jpg\", \"size\": [600, 400]}'),('sorl-thumbnail||image||e9bb7ccc8dd33506ff9748a80c000a54','{\"storage\": \"django.core.files.storage.FileSystemStorage\", \"name\": \"cache/1d/3e/1d3e4eec9cc74df8b59a1f06eb625ac6.jpg\", \"size\": [600, 400]}'),('sorl-thumbnail||image||7455a7bab4e2cbfadcdfbfe077825e80','{\"storage\": \"django.core.files.storage.FileSystemStorage\", \"name\": \"cache/41/90/419055cc85e721eb5369b3b2b1e7690e.jpg\", \"size\": [600, 400]}'),('sorl-thumbnail||image||ae325ac9e6fc96e9cdd521161b3520b3','{\"storage\": \"django.core.files.storage.FileSystemStorage\", \"name\": \"cache/b2/d9/b2d92e46531c8afd65d79002c2c209f9.jpg\", \"size\": [600, 400]}'),('sorl-thumbnail||image||d0d8dc1fdede8a035e369021c5e2db6d','{\"storage\": \"django.core.files.storage.FileSystemStorage\", \"name\": \"cache/71/ae/71ae002367da181835aeca8a182d2cd4.jpg\", \"size\": [600, 400]}'),('sorl-thumbnail||image||fce223157890b44f7d3d575987f89110','{\"storage\": \"django.core.files.storage.FileSystemStorage\", \"name\": \"cache/bb/12/bb1291a5269b4b2a1a70216f7e70fd0a.jpg\", \"size\": [600, 400]}'),('sorl-thumbnail||image||d56c3f97c319104f337042428eebf5af','{\"storage\": \"django.core.files.storage.FileSystemStorage\", \"name\": \"cache/23/8d/238df50eef488832612ad10ec0f0a7b6.jpg\", \"size\": [600, 400]}'),('sorl-thumbnail||image||f02ecb183bf78d9f2e51c7810933e864','{\"storage\": \"django.core.files.storage.FileSystemStorage\", \"name\": \"cache/0b/3b/0b3b881f39e75a233a169f74cea48e4d.jpg\", \"size\": [600, 400]}'),('sorl-thumbnail||image||0b301ca9c9dd7c27a2a040191e37abb0','{\"storage\": \"django.core.files.storage.FileSystemStorage\", \"name\": \"cache/d7/de/d7de702a084e61616ada4857b0501fb2.jpg\", \"size\": [600, 400]}'),('sorl-thumbnail||image||4c8ea50679e24ecb635334ee12839a81','{\"storage\": \"django.core.files.storage.FileSystemStorage\", \"name\": \"cache/b0/0b/b00b2a1c0a061f3068f7f302476f575e.jpg\", \"size\": [600, 398]}'),('sorl-thumbnail||image||1e68aa734f9703844fcc6b53b63a4f4f','{\"storage\": \"django.core.files.storage.FileSystemStorage\", \"name\": \"cache/30/87/30879398b7cce03c80b1c0ff94429c10.jpg\", \"size\": [600, 398]}'),('sorl-thumbnail||image||46fe63e9d38198f19827b525b465de01','{\"storage\": \"django.core.files.storage.FileSystemStorage\", \"name\": \"cache/9d/1b/9d1b60ec7e284c9e78f05bc4ef7c4cee.jpg\", \"size\": [600, 399]}'),('sorl-thumbnail||image||74e5cd93e312191e9bc798da628f19cc','{\"storage\": \"django.core.files.storage.FileSystemStorage\", \"name\": \"cache/ac/50/ac50a649e5ea7f4863fe1751b3489d3c.jpg\", \"size\": [600, 337]}'),('sorl-thumbnail||image||a6e2294affeaa352801afd6894a2e494','{\"storage\": \"django.core.files.storage.FileSystemStorage\", \"name\": \"cache/34/17/3417e976296314f880685b3b386740c7.jpg\", \"size\": [600, 337]}'),('sorl-thumbnail||image||9148ed1342d3f86173f91f8b1d4ccb2c','{\"storage\": \"django.core.files.storage.FileSystemStorage\", \"name\": \"cache/90/17/9017be613c73415584072966334ca229.jpg\", \"size\": [600, 399]}'),('sorl-thumbnail||image||32b477b371f44d96c99afadb17e68a7f','{\"storage\": \"django.core.files.storage.FileSystemStorage\", \"name\": \"cache/81/5a/815abf9563473fdf6236a7886c1e4deb.jpg\", \"size\": [600, 399]}'),('sorl-thumbnail||image||e7d628b2b09e373f19ea7c79d7c2c264','{\"storage\": \"django.core.files.storage.FileSystemStorage\", \"name\": \"cache/7c/25/7c255e270789be5b996c3093480ae0cd.jpg\", \"size\": [600, 400]}'),('sorl-thumbnail||image||d086864863a7063607a731e8d5e690c2','{\"storage\": \"django.core.files.storage.FileSystemStorage\", \"name\": \"cache/a4/9b/a49b776c5c268d605e0b9be98365417e.jpg\", \"size\": [600, 400]}'),('sorl-thumbnail||image||06e426c4eda2e836e63450e187a81fd3','{\"storage\": \"django.core.files.storage.FileSystemStorage\", \"name\": \"cache/e7/b6/e7b655ba2ca97105be4982f2e5584588.jpg\", \"size\": [600, 400]}'),('sorl-thumbnail||image||138211e7a32f4c97746b8edbd0199314','{\"storage\": \"django.core.files.storage.FileSystemStorage\", \"name\": \"cache/c6/5a/c65a8318bdadd017c82aca48e18d7a29.jpg\", \"size\": [600, 400]}'),('sorl-thumbnail||image||0419b2dbfffe32c02b491906d07fbf73','{\"storage\": \"django.core.files.storage.FileSystemStorage\", \"name\": \"cache/8c/46/8c46de778b1fca0692750b53a53819d0.jpg\", \"size\": [600, 400]}'),('sorl-thumbnail||image||bf30e1e229a5e977a4d48cbca6bb5582','{\"storage\": \"django.core.files.storage.FileSystemStorage\", \"name\": \"cache/60/80/6080cf7a5e90f96f83f474b6152ca0f4.jpg\", \"size\": [600, 337]}'),('sorl-thumbnail||image||71d4351e9725e3007b9998e5d7e0c42b','{\"storage\": \"django.core.files.storage.FileSystemStorage\", \"name\": \"cache/e3/45/e34532e25930ee4e54ba674433b0c10c.jpg\", \"size\": [600, 399]}'),('sorl-thumbnail||image||9a24c410b8c0884ad40d2c7a45c5bcc2','{\"storage\": \"django.core.files.storage.FileSystemStorage\", \"name\": \"cache/a6/6c/a66cc882145f1b713e5a609d0a5f824c.jpg\", \"size\": [600, 400]}'),('sorl-thumbnail||image||ab18d6c349621c39edb681e62b7a6361','{\"storage\": \"django.core.files.storage.FileSystemStorage\", \"name\": \"cache/d1/cc/d1cc010458f513d27f0ea41b639a7ada.jpg\", \"size\": [600, 400]}'),('sorl-thumbnail||image||58271c9786248cba5efae559690a1f15','{\"storage\": \"django.core.files.storage.FileSystemStorage\", \"name\": \"cache/58/63/58637765553d7c9a9c511e0a042c0898.jpg\", \"size\": [600, 400]}'),('sorl-thumbnail||image||328e1fdd4e0be40ba5675e860b7b376a','{\"storage\": \"django.core.files.storage.FileSystemStorage\", \"name\": \"cache/d2/4f/d24f9c96b68619b495a51cd96fc2ada3.jpg\", \"size\": [600, 400]}'),('sorl-thumbnail||image||5871547206ee6ad87942bc697add6980','{\"storage\": \"django.core.files.storage.FileSystemStorage\", \"name\": \"cache/f5/bd/f5bd1ced7ad46947663cb594bc234a4c.jpg\", \"size\": [600, 400]}'),('sorl-thumbnail||image||602b77049d02fc8165208ecb15efbd59','{\"storage\": \"django.core.files.storage.FileSystemStorage\", \"name\": \"cache/1f/4c/1f4c03df7ac283e9e48fe6434c887438.jpg\", \"size\": [600, 400]}'),('sorl-thumbnail||image||d3c9ccc7203de45801be8c3583e41e49','{\"storage\": \"django.core.files.storage.FileSystemStorage\", \"name\": \"cache/5b/a1/5ba1f74947ff563ad0fd5a315bc795a8.jpg\", \"size\": [600, 400]}'),('sorl-thumbnail||image||7da82effcee9b0b1f8f13d1154d44739','{\"storage\": \"django.core.files.storage.FileSystemStorage\", \"name\": \"cache/62/e9/62e97af23bf895bed3c94168f2e4fb0a.jpg\", \"size\": [600, 400]}'),('sorl-thumbnail||image||c5dc0aa4443895666995c4908153fd2f','{\"storage\": \"django.core.files.storage.FileSystemStorage\", \"name\": \"cache/a5/68/a5687de88c47626fdb905fdafe8927ba.jpg\", \"size\": [600, 337]}'),('sorl-thumbnail||image||b4e95a39110877e29b73fad3e0cb1139','{\"storage\": \"django.core.files.storage.FileSystemStorage\", \"name\": \"cache/1c/dc/1cdc65286ce429302ee3acb95fc75b07.jpg\", \"size\": [600, 400]}'),('sorl-thumbnail||image||10b6c62fd2a66998c5a3c7608ee3900b','{\"storage\": \"django.core.files.storage.FileSystemStorage\", \"name\": \"cache/3f/53/3f53108b2cfae44d79d050932811c905.jpg\", \"size\": [600, 400]}'),('sorl-thumbnail||image||b6b43e49d4ba676cdc25f82bf228ae75','{\"storage\": \"django.core.files.storage.FileSystemStorage\", \"name\": \"cache/69/c6/69c6989709385ff4eb3aec34f69e51cf.jpg\", \"size\": [600, 400]}'),('sorl-thumbnail||image||4773aca6ca79b8357feae84b13c0d655','{\"storage\": \"django.core.files.storage.FileSystemStorage\", \"name\": \"cache/33/eb/33ebbc80cb457ec41be73c35b3a6251c.jpg\", \"size\": [600, 400]}'),('sorl-thumbnail||image||b6eb36eeeb758aa59568a161a822e454','{\"storage\": \"django.core.files.storage.FileSystemStorage\", \"name\": \"cache/67/88/6788d00d0d36fdd1d9f5f2e0d68b48ab.jpg\", \"size\": [600, 400]}'),('sorl-thumbnail||image||cd9cddf5e0db1e178c3a81a3b9bd9123','{\"storage\": \"django.core.files.storage.FileSystemStorage\", \"name\": \"cache/73/8b/738b0fa707b914734db186940226df64.jpg\", \"size\": [600, 400]}'),('sorl-thumbnail||image||eeb378ab331dfacba3998816b84814b9','{\"storage\": \"django.core.files.storage.FileSystemStorage\", \"name\": \"cache/db/2a/db2ab9200900dc9f7812da394e8db483.jpg\", \"size\": [600, 400]}'),('sorl-thumbnail||image||2b2e648da0985c5c95dced7a33e2c133','{\"storage\": \"django.core.files.storage.FileSystemStorage\", \"name\": \"cache/00/5f/005f18c72f3c8897aa172a82f20c699d.jpg\", \"size\": [600, 400]}'),('sorl-thumbnail||image||0a7e38e93ea0d818ff255131cb7e17dc','{\"storage\": \"django.core.files.storage.FileSystemStorage\", \"name\": \"cache/19/9c/199cb60ffc3f1388623d1961733c8713.jpg\", \"size\": [600, 400]}'),('sorl-thumbnail||image||6027ea947e0af371c05142ef8668229d','{\"storage\": \"django.core.files.storage.FileSystemStorage\", \"name\": \"cache/4a/66/4a66280fa5b188fddb26a826c7ba7af6.jpg\", \"size\": [600, 400]}'),('sorl-thumbnail||image||f11f325dc95051c598f19a4ce0ad4d5e','{\"storage\": \"django.core.files.storage.FileSystemStorage\", \"name\": \"cache/91/e9/91e96a47b485d925fd6a6eebfb478319.jpg\", \"size\": [600, 400]}'),('sorl-thumbnail||image||7ed30218c16f39a3178c3c2356f8b266','{\"storage\": \"django.core.files.storage.FileSystemStorage\", \"name\": \"cache/71/29/71293e9a4192d1a3e173b6edb98363d7.jpg\", \"size\": [600, 400]}'),('sorl-thumbnail||image||f8860d60581a9e0f1fe34c73d80de0f2','{\"storage\": \"django.core.files.storage.FileSystemStorage\", \"name\": \"cache/0c/d4/0cd4eab249128c565f80c956e03c287e.jpg\", \"size\": [600, 400]}'),('sorl-thumbnail||image||f63394f3eb01191bea5395bafcfdfeca','{\"storage\": \"django.core.files.storage.FileSystemStorage\", \"name\": \"cache/44/28/4428858b7e1ba3227c44fde918c55d04.jpg\", \"size\": [600, 400]}'),('sorl-thumbnail||image||9b14e323f666d3580ce916bc375742b9','{\"storage\": \"django.core.files.storage.FileSystemStorage\", \"name\": \"cache/77/e0/77e01cec41d45195a1218829b1b89617.jpg\", \"size\": [600, 400]}'),('sorl-thumbnail||image||ce32c046b80298445cfa35829da96e8b','{\"storage\": \"django.core.files.storage.FileSystemStorage\", \"name\": \"cache/59/5e/595ed802601938dc1e9f526230bfee3d.jpg\", \"size\": [600, 400]}'),('sorl-thumbnail||image||8c1870d469ac193de629738a6c0f6bfb','{\"storage\": \"django.core.files.storage.FileSystemStorage\", \"name\": \"cache/fe/9e/fe9e6e871dd8f00fc5547b03ff1daa36.jpg\", \"size\": [600, 400]}'),('sorl-thumbnail||image||7d85db8a9743c8e343ed11a9587dea41','{\"storage\": \"django.core.files.storage.FileSystemStorage\", \"name\": \"cache/eb/6f/eb6f772cea5e4689f6e681c89ac6a08b.jpg\", \"size\": [533, 400]}'),('sorl-thumbnail||image||528fa6b07dda6307f987f05465fe93a4','{\"storage\": \"django.core.files.storage.FileSystemStorage\", \"name\": \"cache/4d/4f/4d4febb28a248827ef44412045a289bb.jpg\", \"size\": [533, 400]}'),('sorl-thumbnail||image||994ecb64b2d003b50addb77f3da83e50','{\"storage\": \"django.core.files.storage.FileSystemStorage\", \"name\": \"cache/c2/0c/c20cdc927638a49c727b9dad45773bff.jpg\", \"size\": [533, 400]}'),('sorl-thumbnail||image||e10059d852a875ad5ba08108fd0c87ca','{\"storage\": \"django.core.files.storage.FileSystemStorage\", \"name\": \"cache/ca/b5/cab5b5f83524a5a5b8550bfd14e9f5f4.jpg\", \"size\": [600, 400]}'),('sorl-thumbnail||image||2d05b2c0fc1cab4118e71a5d53f3912b','{\"storage\": \"django.core.files.storage.FileSystemStorage\", \"name\": \"cache/c1/d7/c1d765abd4f9bc54283c367dcebcaba1.jpg\", \"size\": [600, 400]}'),('sorl-thumbnail||image||5949485f5958fb72b4db226f05fc6e02','{\"storage\": \"django.core.files.storage.FileSystemStorage\", \"name\": \"cache/5c/f0/5cf0defb2c6d5d360f14287ed511e67c.jpg\", \"size\": [600, 400]}'),('sorl-thumbnail||image||a8487a908de4ee37ef6359fd7d1ef888','{\"storage\": \"django.core.files.storage.FileSystemStorage\", \"name\": \"cache/6e/7c/6e7cb3292b938df71739bd639135f2df.jpg\", \"size\": [600, 400]}'),('sorl-thumbnail||image||ddc16b431367b50f8831e6c0db39ba4f','{\"storage\": \"django.core.files.storage.FileSystemStorage\", \"name\": \"cache/b8/d6/b8d68e3ad1aacbc1bde9a87fbc0af7ca.jpg\", \"size\": [600, 398]}'),('sorl-thumbnail||image||c8b8316d66dd72d25df813d2b5aeb792','{\"storage\": \"django.core.files.storage.FileSystemStorage\", \"name\": \"cache/65/da/65da7ed007c656f134a68e593d127ed8.jpg\", \"size\": [600, 400]}'),('sorl-thumbnail||image||9444835752415ea4684542f9ea2f7384','{\"storage\": \"django.core.files.storage.FileSystemStorage\", \"name\": \"cache/9f/78/9f78443c96762ddfffbc6960c1c4c6ba.jpg\", \"size\": [600, 400]}'),('sorl-thumbnail||image||ad9c150c5240840330ef30065083bb8d','{\"storage\": \"django.core.files.storage.FileSystemStorage\", \"name\": \"cache/5a/c2/5ac270769711cdf4caca88630baa231d.jpg\", \"size\": [600, 400]}'),('sorl-thumbnail||image||c981f801b777e1ed4c5b6359c8887a02','{\"storage\": \"django.core.files.storage.FileSystemStorage\", \"name\": \"cache/7a/91/7a918e23a4cb11bf1f9e5999a94f174c.jpg\", \"size\": [600, 400]}'),('sorl-thumbnail||image||300420733141339a27343bf3bcf979b0','{\"storage\": \"django.core.files.storage.FileSystemStorage\", \"name\": \"cache/86/e9/86e9d5bbe2d23094903eb8a7a30795e3.jpg\", \"size\": [600, 400]}'),('sorl-thumbnail||image||c2bfd9670e422ffd38efc3989b260bf9','{\"storage\": \"django.core.files.storage.FileSystemStorage\", \"name\": \"cache/de/d9/ded973cdc926123b7f168b708d17654b.jpg\", \"size\": [599, 400]}'),('sorl-thumbnail||image||7b8e3226bed6668baeacccd3affc1587','{\"storage\": \"django.core.files.storage.FileSystemStorage\", \"name\": \"cache/aa/50/aa50d6ee9e2bdd9cde7213208e1f0c53.jpg\", \"size\": [600, 400]}'),('sorl-thumbnail||image||76bfbbd9b7b6bec8429b636ef0fae60a','{\"storage\": \"django.core.files.storage.FileSystemStorage\", \"name\": \"cache/5c/6c/5c6c5b11123ee2c2ccbedda73add34e7.jpg\", \"size\": [600, 400]}'),('sorl-thumbnail||image||c4815cbf2cc78e3cfb233ad48407cc3e','{\"storage\": \"django.core.files.storage.FileSystemStorage\", \"name\": \"images/press/pressphoto/100_7754.JPG\", \"size\": [2576, 1932]}'),('sorl-thumbnail||image||3b84761ba179aecb41daaab3580d2190','{\"storage\": \"django.core.files.storage.FileSystemStorage\", \"name\": \"cache/bc/4d/bc4d6502415f7f9d62b85e89ddfdb4b2.png\", \"size\": [76, 76]}'),('sorl-thumbnail||thumbnails||c4815cbf2cc78e3cfb233ad48407cc3e','[\"3b84761ba179aecb41daaab3580d2190\"]'),('sorl-thumbnail||image||e65945b91a76f390b1b0c3cfa5182679','{\"storage\": \"django.core.files.storage.FileSystemStorage\", \"name\": \"uploads/images/galleries/Nashi_ploschadki/orange.png\", \"size\": [900, 670]}'),('sorl-thumbnail||image||ca26404b1db1d9519c749ec5adbb082d','{\"storage\": \"django.core.files.storage.FileSystemStorage\", \"name\": \"cache/27/45/2745668eeed9601070de6caac4272cd2.jpg\", \"size\": [537, 400]}'),('sorl-thumbnail||thumbnails||e65945b91a76f390b1b0c3cfa5182679','[\"d185c8ab3d9a714380f9eac05b77542e\", \"ca26404b1db1d9519c749ec5adbb082d\"]'),('sorl-thumbnail||image||d185c8ab3d9a714380f9eac05b77542e','{\"storage\": \"django.core.files.storage.FileSystemStorage\", \"name\": \"cache/ab/84/ab84fe680b73aaeb35d4b80f2efa4f38.jpg\", \"size\": [74, 74]}'),('sorl-thumbnail||image||13446f0e708584113f09b7dd87ee7f8c','{\"storage\": \"django.core.files.storage.FileSystemStorage\", \"name\": \"images/press/specialoffer/25_big.gif\", \"size\": [200, 150]}'),('sorl-thumbnail||image||0d582ccc61b5f05d7c45ccb2e8d5561d','{\"storage\": \"django.core.files.storage.FileSystemStorage\", \"name\": \"cache/4b/22/4b22e949f288e1792de9c68f1fa330ef.png\", \"size\": [600, 450]}'),('sorl-thumbnail||thumbnails||13446f0e708584113f09b7dd87ee7f8c','[\"9821f007e3d8323e5a1b7251aee6a4c9\", \"0d582ccc61b5f05d7c45ccb2e8d5561d\"]'),('sorl-thumbnail||image||9821f007e3d8323e5a1b7251aee6a4c9','{\"storage\": \"django.core.files.storage.FileSystemStorage\", \"name\": \"cache/ba/04/ba0441afb3afde86630803a3d1cf76d8.png\", \"size\": [600, 450]}'),('sorl-thumbnail||image||616d007000b0b9ef89c97b3cc5846593','{\"storage\": \"django.core.files.storage.FileSystemStorage\", \"name\": \"images/press/specialoffer/orange.png\", \"size\": [900, 670]}'),('sorl-thumbnail||image||ddb3679b4cf866776011dee9076cf669','{\"storage\": \"django.core.files.storage.FileSystemStorage\", \"name\": \"cache/fe/b5/feb5dc032493a891917c742dbf8784c9.png\", \"size\": [600, 447]}'),('sorl-thumbnail||thumbnails||616d007000b0b9ef89c97b3cc5846593','[\"ddb3679b4cf866776011dee9076cf669\"]'),('sorl-thumbnail||image||c7043f44753ee5a906a149c41684ed6a','{\"storage\": \"django.core.files.storage.FileSystemStorage\", \"name\": \"images/press/specialoffer/promo_12.png\", \"size\": [302, 173]}'),('sorl-thumbnail||image||294e4123dc0ba50f1911065e55a6dd43','{\"storage\": \"django.core.files.storage.FileSystemStorage\", \"name\": \"cache/02/b4/02b44a8c7dd9cbec54a1e6a897971260.png\", \"size\": [600, 344]}'),('sorl-thumbnail||thumbnails||c7043f44753ee5a906a149c41684ed6a','[\"df7920fbe8231c356e3e0b2694ad286b\", \"294e4123dc0ba50f1911065e55a6dd43\"]'),('sorl-thumbnail||image||df7920fbe8231c356e3e0b2694ad286b','{\"storage\": \"django.core.files.storage.FileSystemStorage\", \"name\": \"cache/d1/90/d190599c96a5df688083c0558e441980.png\", \"size\": [302, 173]}'),('sorl-thumbnail||image||c0f927b3a54834e50f8d1d6460c45325','{\"storage\": \"django.core.files.storage.FileSystemStorage\", \"name\": \"images/press/pressphoto/boat_1.png\", \"size\": [74, 74]}'),('sorl-thumbnail||image||c18c70f4b6dd1187eee8ac3e4daed966','{\"storage\": \"django.core.files.storage.FileSystemStorage\", \"name\": \"cache/7b/bf/7bbffddba090ab768b0a3cba63b3fa45.png\", \"size\": [76, 76]}'),('sorl-thumbnail||thumbnails||c0f927b3a54834e50f8d1d6460c45325','[\"b66bbbce144fc55dd0b64cf560634f85\", \"9b94c403ec0900e7f244b4d96d5bcb0a\", \"c18c70f4b6dd1187eee8ac3e4daed966\"]'),('sorl-thumbnail||image||7ad3f9b67aaac0bf28037ad93ad99f72','{\"storage\": \"django.core.files.storage.FileSystemStorage\", \"name\": \"images/press/pressphoto/orange.png\", \"size\": [900, 670]}'),('sorl-thumbnail||image||1b1a957ec970820bf5e0e737134c3c53','{\"storage\": \"django.core.files.storage.FileSystemStorage\", \"name\": \"cache/9f/4e/9f4e8555212109364647ef44c0933401.png\", \"size\": [76, 76]}'),('sorl-thumbnail||thumbnails||7ad3f9b67aaac0bf28037ad93ad99f72','[\"abea21afa2afa5735c387760c494e0d5\", \"759936f3163cefed559eb73c31f0d7b3\", \"1b1a957ec970820bf5e0e737134c3c53\"]'),('sorl-thumbnail||image||b66bbbce144fc55dd0b64cf560634f85','{\"storage\": \"django.core.files.storage.FileSystemStorage\", \"name\": \"cache/58/d0/58d084587415c47413374983e793830b.png\", \"size\": [600, 600]}'),('sorl-thumbnail||image||759936f3163cefed559eb73c31f0d7b3','{\"storage\": \"django.core.files.storage.FileSystemStorage\", \"name\": \"cache/e0/76/e076663660cfb506c76f9b6dde48daff.png\", \"size\": [600, 447]}'),('sorl-thumbnail||image||9b94c403ec0900e7f244b4d96d5bcb0a','{\"storage\": \"django.core.files.storage.FileSystemStorage\", \"name\": \"cache/ce/2f/ce2fc0210947dd6f23a3b6ce73535cc7.png\", \"size\": [74, 74]}'),('sorl-thumbnail||image||abea21afa2afa5735c387760c494e0d5','{\"storage\": \"django.core.files.storage.FileSystemStorage\", \"name\": \"cache/52/81/5281c7be802517193f932d2c31d6c20f.png\", \"size\": [600, 447]}');
/*!40000 ALTER TABLE `thumbnail_kvstore` ENABLE KEYS */;
UNLOCK TABLES;
/*!40103 SET TIME_ZONE=@OLD_TIME_ZONE */;

/*!40101 SET SQL_MODE=@OLD_SQL_MODE */;
/*!40014 SET FOREIGN_KEY_CHECKS=@OLD_FOREIGN_KEY_CHECKS */;
/*!40014 SET UNIQUE_CHECKS=@OLD_UNIQUE_CHECKS */;
/*!40101 SET CHARACTER_SET_CLIENT=@OLD_CHARACTER_SET_CLIENT */;
/*!40101 SET CHARACTER_SET_RESULTS=@OLD_CHARACTER_SET_RESULTS */;
/*!40101 SET COLLATION_CONNECTION=@OLD_COLLATION_CONNECTION */;
/*!40111 SET SQL_NOTES=@OLD_SQL_NOTES */;

-- Dump completed on 2013-09-27 12:30:30
